day_window,total_events,avg_magnitude,max_magnitude,total_energy_joules
2020-01-01 00:00:00+00:00,9,5.111111111111111,5.4,31499642131859.023
2020-01-02 00:00:00+00:00,7,5.285714285714286,5.7,59423186503755.86
2020-01-03 00:00:00+00:00,1,5.5,5.5,11220184543019.652
2020-01-04 00:00:00+00:00,2,5.05,5.1,4813645246233.332
2020-01-05 00:00:00+00:00,3,5.433333333333334,5.9,52630502626166.5
2020-01-06 00:00:00+00:00,3,5.566666666666666,5.8,53095121778198.39
2020-01-07 00:00:00+00:00,10,5.5600000000000005,6.4,541386263745004.44
2020-01-08 00:00:00+00:00,2,5.35,5.5,15201256248554.637
2020-01-09 00:00:00+00:00,4,5.4,6.4,258820671328457.03
2020-01-10 00:00:00+00:00,8,5.3125,5.6,56416778265350.84
2020-01-11 00:00:00+00:00,4,5.325,5.9,54286196783160.414
2020-01-12 00:00:00+00:00,5,5.159999999999999,5.6,25476222417077.773
2020-01-13 00:00:00+00:00,3,5.1000000000000005,5.3,9613937881841.258
2020-01-14 00:00:00+00:00,1,5.0,5.0,1995262314968.8828
2020-01-15 00:00:00+00:00,7,5.185714285714285,5.7,42292614698336.84
2020-01-16 00:00:00+00:00,4,5.3,5.6,29768548292357.832
2020-01-17 00:00:00+00:00,4,5.325,5.8,43222523874091.16
2020-01-18 00:00:00+00:00,4,5.3,6.0,70727762625517.22
2020-01-19 00:00:00+00:00,4,5.55,6.1,157034473507627.16
2020-01-20 00:00:00+00:00,2,5.6,6.1,91943476744638.86
2020-01-21 00:00:00+00:00,3,5.166666666666667,5.3,11599747272407.36
2020-01-22 00:00:00+00:00,7,5.328571428571428,5.6,57481081889142.81
2020-01-23 00:00:00+00:00,3,5.566666666666666,6.2,139107988037405.69
2020-01-24 00:00:00+00:00,6,5.5,6.7,736389129451470.8
2020-01-25 00:00:00+00:00,6,5.133333333333333,5.3,20054896066200.707
2020-01-26 00:00:00+00:00,10,5.46,6.1,187791960144466.5
2020-01-27 00:00:00+00:00,5,5.38,6.3,192246071207564.1
2020-01-28 00:00:00+00:00,13,5.5,7.7,2.253985266168395e+16
2020-01-29 00:00:00+00:00,4,5.45,6.0,98709035679640.98
2020-01-30 00:00:00+00:00,6,5.3999999999999995,5.9,87070472095567.97
2020-01-31 00:00:00+00:00,10,5.18,5.7,53552793812769.23
2020-02-01 00:00:00+00:00,4,5.05,5.2,9966858650441.633
2020-02-02 00:00:00+00:00,1,5.6,5.6,15848931924611.11
2020-02-03 00:00:00+00:00,1,5.0,5.0,1995262314968.8828
2020-02-04 00:00:00+00:00,4,5.074999999999999,5.1,10450411108762.23
2020-02-05 00:00:00+00:00,6,5.3999999999999995,6.2,169128417664133.7
2020-02-06 00:00:00+00:00,4,5.375,6.0,74355913562451.83
2020-02-07 00:00:00+00:00,2,5.25,5.5,13215446857988.535
2020-02-08 00:00:00+00:00,10,5.247,6.0,102903706388147.47
2020-02-09 00:00:00+00:00,4,5.425,6.1,105158923602627.39
2020-02-10 00:00:00+00:00,1,5.1,5.1,2818382931264.449
2020-02-11 00:00:00+00:00,6,5.266666666666667,5.4,33109725218796.56
2020-02-12 00:00:00+00:00,3,5.1000000000000005,5.2,8794716951768.317
2020-02-13 00:00:00+00:00,8,5.3375,7.0,2016489352733756.8
2020-02-14 00:00:00+00:00,2,5.35,5.6,18667314855875.56
2020-02-15 00:00:00+00:00,5,5.42,5.7,54621221840705.375
2020-02-16 00:00:00+00:00,4,5.125,5.2,12775788657303.303
2020-02-17 00:00:00+00:00,3,5.333333333333333,5.4,19190108851049.836
2020-02-18 00:00:00+00:00,2,5.25,5.5,13215446857988.535
2020-02-20 00:00:00+00:00,7,5.3,5.8,60285129953472.805
2020-02-21 00:00:00+00:00,1,5.3,5.3,5623413251903.491
2020-02-22 00:00:00+00:00,10,5.218999999999999,5.6,54947102373597.37
2020-02-23 00:00:00+00:00,4,5.55,6.0,103160307232871.16
2020-02-25 00:00:00+00:00,3,5.1000000000000005,5.3,9613937881841.258
2020-02-26 00:00:00+00:00,3,5.333333333333333,6.0,67086259077957.195
2020-02-27 00:00:00+00:00,6,5.216666666666667,5.5,31595787703368.215
2020-02-28 00:00:00+00:00,3,5.366666666666667,5.7,30829007568851.41
2020-02-29 00:00:00+00:00,2,5.199999999999999,5.3,8441796183167.94
2020-03-01 00:00:00+00:00,1,5.4,5.4,7943282347242.8545
2020-03-02 00:00:00+00:00,2,5.4,5.7,25205594316947.918
2020-03-03 00:00:00+00:00,5,5.0,5.0,9976311574844.414
2020-03-04 00:00:00+00:00,3,5.033333333333333,5.1,6808907561202.215
2020-03-05 00:00:00+00:00,5,5.279999999999999,5.5,30423646004694.9
2020-03-06 00:00:00+00:00,2,5.5,6.0,65090996762988.31
2020-03-07 00:00:00+00:00,7,5.255714285714285,5.5,40458655592438.484
2020-03-09 00:00:00+00:00,3,5.423333333333333,5.77,38114667632477.45
2020-03-10 00:00:00+00:00,6,5.233333333333333,5.7,47040313186465.67
2020-03-11 00:00:00+00:00,3,5.233333333333333,5.3,13585556662973.46
2020-03-12 00:00:00+00:00,5,5.34,5.5,34391365099604.473
2020-03-13 00:00:00+00:00,2,5.1,5.2,5976334020503.868
2020-03-14 00:00:00+00:00,4,5.575,6.4,287625064998876.4
2020-03-15 00:00:00+00:00,4,5.225,5.4,18723808689577.273
2020-03-16 00:00:00+00:00,4,5.075,5.3,11609200196810.14
2020-03-17 00:00:00+00:00,3,5.533333333333334,6.0,80939928687599.42
2020-03-18 00:00:00+00:00,8,5.52625,6.2,265502933705944.12
2020-03-19 00:00:00+00:00,4,5.175,5.5,19191780878492.402
2020-03-20 00:00:00+00:00,5,5.3,5.7,42402112880471.44
2020-03-21 00:00:00+00:00,5,5.164,5.7,31334081036387.906
2020-03-22 00:00:00+00:00,7,5.314285714285714,6.1,120224729482355.67
2020-03-23 00:00:00+00:00,5,5.2,5.5,25972374451464.723
2020-03-24 00:00:00+00:00,1,5.0,5.0,1995262314968.8828
2020-03-25 00:00:00+00:00,4,5.675,7.5,1.122781657119715e+16
2020-03-26 00:00:00+00:00,7,5.371428571428572,6.1,133384656838450.23
2020-03-27 00:00:00+00:00,3,5.366666666666667,5.6,25453416882049.586
2020-03-28 00:00:00+00:00,4,5.5,5.9,83909811383652.69
2020-03-29 00:00:00+00:00,4,5.25,5.7,31181928337451.785
2020-03-30 00:00:00+00:00,4,5.275,5.6,27448679197018.47
2020-03-31 00:00:00+00:00,1,6.5,6.5,354813389233576.06
2020-04-01 00:00:00+00:00,4,5.275,5.4,21528839010216.316
2020-04-02 00:00:00+00:00,5,5.24,5.5,25981782590889.06
2020-04-03 00:00:00+00:00,1,5.0,5.0,1995262314968.8828
2020-04-04 00:00:00+00:00,3,5.233333333333333,5.5,16856950405548.55
2020-04-05 00:00:00+00:00,1,6.0,6.0,63095734448019.43
2020-04-06 00:00:00+00:00,3,5.0,5.0,5985786944906.648
2020-04-07 00:00:00+00:00,6,5.05,5.2,14780503896674.965
2020-04-08 00:00:00+00:00,2,5.25,5.5,13215446857988.535
2020-04-09 00:00:00+00:00,5,5.08,5.3,14427583128074.59
2020-04-10 00:00:00+00:00,4,5.275,5.9,52300387392594.31
2020-04-11 00:00:00+00:00,4,5.16,5.24,14528287622187.605
2020-04-12 00:00:00+00:00,5,5.38,6.1,107505434658754.08
2020-04-13 00:00:00+00:00,4,5.05,5.2,9966858650441.633
2020-04-14 00:00:00+00:00,3,5.3999999999999995,6.0,69072068468523.3
2020-04-15 00:00:00+00:00,11,5.2,5.7,71154673940449.27
2020-04-16 00:00:00+00:00,9,5.333333333333333,6.1,158648641730279.56
2020-04-17 00:00:00+00:00,3,5.433333333333334,5.8,41227261559122.266
2020-04-18 00:00:00+00:00,3,5.766666666666667,6.6,525569707327923.8
2020-04-19 00:00:00+00:00,3,5.466666666666666,6.3,182641586250125.62
2020-04-20 00:00:00+00:00,3,5.2,5.3,12422867888702.926
2020-04-22 00:00:00+00:00,4,5.225,5.5,21657243041156.477
2020-04-23 00:00:00+00:00,2,5.2,5.2,7962143411069.971
2020-04-24 00:00:00+00:00,2,5.35,5.4,13566695599146.346
2020-04-25 00:00:00+00:00,2,5.75,6.1,97068376160617.27
2020-04-26 00:00:00+00:00,4,5.075,5.2,10789979266737.2
2020-04-27 00:00:00+00:00,1,5.4,5.4,7943282347242.8545
2020-04-28 00:00:00+00:00,2,5.15,5.2,6799454636799.435
2020-04-29 00:00:00+00:00,2,5.2,5.4,9938544662211.738
2020-04-30 00:00:00+00:00,5,5.2,5.4,22361412550914.664
2020-05-01 00:00:00+00:00,3,5.0,5.0,5985786944906.648
2020-05-02 00:00:00+00:00,4,5.625,6.5,374003498084625.94
2020-05-03 00:00:00+00:00,7,5.285714285714286,5.9,80663932798781.66
2020-05-04 00:00:00+00:00,2,5.449999999999999,5.6,21472345176514.6
2020-05-05 00:00:00+00:00,4,5.325,5.5,27605263073430.45
2020-05-06 00:00:00+00:00,3,5.666666666666667,6.8,1005636765862529.0
2020-05-07 00:00:00+00:00,3,5.566666666666666,6.1,100371920317181.38
2020-05-08 00:00:00+00:00,4,5.275,5.5,25139800910766.375
2020-05-09 00:00:00+00:00,3,5.233333333333333,5.3,14065209435071.432
2020-05-10 00:00:00+00:00,2,5.6,5.8,39566058948926.65
2020-05-11 00:00:00+00:00,1,5.7,5.7,22387211385683.47
2020-05-12 00:00:00+00:00,2,5.8,6.6,503182495942240.3
2020-05-13 00:00:00+00:00,2,5.1,5.2,5976334020503.868
2020-05-14 00:00:00+00:00,2,5.4,5.7,25205594316947.918
2020-05-15 00:00:00+00:00,6,5.533333333333334,6.5,402667370111934.5
2020-05-16 00:00:00+00:00,2,5.6,5.9,50291772467000.02
2020-05-17 00:00:00+00:00,1,5.4,5.4,7943282347242.8545
2020-05-18 00:00:00+00:00,8,5.1625,5.7,42791128534261.92
2020-05-19 00:00:00+00:00,3,5.1000000000000005,5.2,8794716951768.317
2020-05-20 00:00:00+00:00,5,5.2,5.7,33177190652420.668
2020-05-21 00:00:00+00:00,2,5.1,5.1,5636765862528.898
2020-05-22 00:00:00+00:00,5,5.279999999999999,6.1,99575504922136.62
2020-05-23 00:00:00+00:00,6,5.283333333333333,5.5,34410226163431.59
2020-05-24 00:00:00+00:00,5,5.4,5.8,59894576414997.83
2020-05-25 00:00:00+00:00,3,5.1000000000000005,5.2,8794716951768.317
2020-05-26 00:00:00+00:00,4,5.225,5.5,23153991520200.273
2020-05-27 00:00:00+00:00,6,5.383333333333333,6.2,149896295276700.3
2020-05-28 00:00:00+00:00,5,5.38,6.0,101527418610905.44
2020-05-29 00:00:00+00:00,5,5.08,5.3,14427583128074.59
2020-05-30 00:00:00+00:00,5,5.4399999999999995,5.6,53679713670749.17
2020-05-31 00:00:00+00:00,6,5.386666666666667,6.1,132843238230599.27
2020-06-01 00:00:00+00:00,1,5.0,5.0,1995262314968.8828
2020-06-02 00:00:00+00:00,3,5.033333333333333,5.1,6808907561202.215
2020-06-03 00:00:00+00:00,5,5.779999999999999,6.8,1095421490495914.6
2020-06-04 00:00:00+00:00,3,5.669999999999999,6.4,265621512220627.16
2020-06-05 00:00:00+00:00,5,5.18,5.3,20041543455575.3
2020-06-06 00:00:00+00:00,5,5.24,5.7,35982220973059.71
2020-06-07 00:00:00+00:00,5,5.58,5.9,109440012480971.1
2020-06-08 00:00:00+00:00,1,5.0,5.0,1995262314968.8828
2020-06-09 00:00:00+00:00,3,5.633333333333333,5.7,55994607314386.59
2020-06-10 00:00:00+00:00,4,5.575,6.0,116205889846283.9
2020-06-12 00:00:00+00:00,3,5.276666666666666,5.7,27418689026553.55
2020-06-13 00:00:00+00:00,7,5.485714285714286,6.6,644650347646398.1
2020-06-14 00:00:00+00:00,7,5.214285714285714,5.9,61918224960658.195
2020-06-15 00:00:00+00:00,6,5.233333333333333,5.5,29962854296424.043
2020-06-16 00:00:00+00:00,4,5.275,5.6,31059641097568.527
2020-06-17 00:00:00+00:00,2,5.35,5.6,18667314855875.56
2020-06-18 00:00:00+00:00,10,5.45,7.4,7991740593804972.0
2020-06-19 00:00:00+00:00,8,5.225,5.6,43027889407981.734
2020-06-20 00:00:00+00:00,6,5.316666666666667,5.7,50207583057349.8
2020-06-21 00:00:00+00:00,5,5.4799999999999995,6.0,94172564581972.5
2020-06-22 00:00:00+00:00,7,5.114285714285714,5.5,26000688439694.617
2020-06-23 00:00:00+00:00,6,5.716666666666666,7.4,8057032227850876.0
2020-06-24 00:00:00+00:00,5,5.5600000000000005,5.9,102901733019898.73
2020-06-25 00:00:00+00:00,6,5.416666666666667,6.3,205786124845923.1
2020-06-26 00:00:00+00:00,3,5.166666666666667,5.3,11599747272407.36
2020-06-27 00:00:00+00:00,1,5.1,5.1,2818382931264.449
2020-06-28 00:00:00+00:00,1,5.4,5.4,7943282347242.8545
2020-06-29 00:00:00+00:00,5,5.24,5.7,35642652815084.74
2020-06-30 00:00:00+00:00,3,5.033333333333333,5.1,6808907561202.215
2020-07-02 00:00:00+00:00,1,5.2,5.2,3981071705534.9854
2020-07-03 00:00:00+00:00,2,5.199999999999999,5.3,8441796183167.94
2020-07-04 00:00:00+00:00,5,5.286,5.5,30981046557306.617
2020-07-05 00:00:00+00:00,3,5.466666666666666,5.8,45661344075967.89
2020-07-06 00:00:00+00:00,8,5.5375,6.6,671477150002128.9
2020-07-07 00:00:00+00:00,5,5.14,5.4,18733261613980.055
2020-07-08 00:00:00+00:00,2,5.05,5.1,4813645246233.332
2020-07-10 00:00:00+00:00,3,5.133333333333333,5.3,10437058498136.824
2020-07-11 00:00:00+00:00,2,5.35,5.4,13566695599146.346
2020-07-12 00:00:00+00:00,2,5.25,5.4,10761665278507.305
2020-07-13 00:00:00+00:00,4,5.1,5.3,12432320813105.707
2020-07-14 00:00:00+00:00,3,5.333333333333333,5.7,29186666022482.902
2020-07-15 00:00:00+00:00,4,5.25,5.8,39594372937156.55
2020-07-16 00:00:00+00:00,1,5.1,5.1,2818382931264.449
2020-07-17 00:00:00+00:00,8,5.6125,7.0,2161070269875503.8
2020-07-18 00:00:00+00:00,3,5.633333333333333,6.1,122743132730027.08
2020-07-19 00:00:00+00:00,2,5.2,5.4,9938544662211.738
2020-07-20 00:00:00+00:00,3,5.133333333333333,5.2,9617837568063.883
2020-07-21 00:00:00+00:00,2,5.5,6.0,65090996762988.31
2020-07-22 00:00:00+00:00,11,5.654545454545454,7.8,3.195080851716181e+16
2020-07-23 00:00:00+00:00,2,5.05,5.1,4813645246233.332
2020-07-24 00:00:00+00:00,4,5.15,5.5,18029092104221.867
2020-07-25 00:00:00+00:00,2,5.35,5.4,13566695599146.346
2020-07-26 00:00:00+00:00,5,5.46,6.4,268755271519467.7
2020-07-27 00:00:00+00:00,4,5.4025,5.8,50531754552417.47
2020-07-28 00:00:00+00:00,2,5.55,6.1,91120356128343.28
2020-07-29 00:00:00+00:00,3,5.2,5.6,19839456554548.875
2020-07-30 00:00:00+00:00,4,5.45,5.8,61628663554239.64
2020-07-31 00:00:00+00:00,5,5.34,5.7,48193549036333.43
2020-08-01 00:00:00+00:00,6,5.733333333333333,6.4,392588447748912.4
2020-08-02 00:00:00+00:00,4,5.5,5.9,76994115262991.73
2020-08-03 00:00:00+00:00,5,5.34,5.6,40988732835377.484
2020-08-04 00:00:00+00:00,7,5.385714285714286,5.8,80058639749917.19
2020-08-05 00:00:00+00:00,8,5.275,6.4,274058022462201.78
2020-08-06 00:00:00+00:00,5,5.42,6.3,194231880598130.2
2020-08-07 00:00:00+00:00,3,5.1000000000000005,5.3,9613937881841.258
2020-08-08 00:00:00+00:00,7,5.242857142857143,5.5,38042321571567.27
2020-08-09 00:00:00+00:00,7,5.242857142857143,5.7,48858099673073.28
2020-08-10 00:00:00+00:00,3,5.233333333333333,5.7,26377736015621.234
2020-08-11 00:00:00+00:00,3,5.083333333333333,5.15,8163299637811.611
2020-08-12 00:00:00+00:00,6,5.366666666666667,6.0,96973758476852.4
2020-08-13 00:00:00+00:00,2,5.4,5.7,25205594316947.918
2020-08-14 00:00:00+00:00,4,5.1,5.3,12432320813105.707
2020-08-15 00:00:00+00:00,5,5.18,5.8,40426946477854.89
2020-08-16 00:00:00+00:00,6,5.216666666666667,5.8,46393827573955.98
2020-08-17 00:00:00+00:00,7,5.174285714285714,5.4,29696495681624.93
2020-08-18 00:00:00+00:00,6,6.033333333333334,6.9,2950161200097950.0
2020-08-19 00:00:00+00:00,2,5.1,5.1,5636765862528.898
2020-08-20 00:00:00+00:00,3,5.13,5.3,10341376874950.277
2020-08-21 00:00:00+00:00,1,6.9,6.9,1412537544622761.2
2020-08-22 00:00:00+00:00,5,5.5200000000000005,5.8,73893149317869.19
2020-08-23 00:00:00+00:00,2,5.300000000000001,5.4,11924354052777.84
2020-08-24 00:00:00+00:00,7,5.328571428571428,6.0,98497148916683.53
2020-08-25 00:00:00+00:00,8,5.4375,6.2,222218623980213.06
2020-08-27 00:00:00+00:00,4,5.2,5.3,17223160524310.852
2020-08-28 00:00:00+00:00,2,5.75,5.9,60517291139707.64
2020-08-29 00:00:00+00:00,2,5.1,5.2,5976334020503.868
2020-08-30 00:00:00+00:00,3,5.666666666666667,6.5,365575054512083.4
2020-08-31 00:00:00+00:00,4,5.75,6.1,169397301335689.72
2020-09-01 00:00:00+00:00,12,5.658333333333334,6.8,1629322387177994.2
2020-09-02 00:00:00+00:00,4,5.125,5.3,13255441429401.273
2020-09-03 00:00:00+00:00,4,5.15,5.3,15237351133744.748
2020-09-04 00:00:00+00:00,5,5.26,5.6,31429750902553.453
2020-09-06 00:00:00+00:00,13,5.615384615384615,6.7,1272557809126606.2
2020-09-07 00:00:00+00:00,5,5.5,6.2,168119209119649.5
2020-09-08 00:00:00+00:00,4,5.325,5.9,56602166192277.16
2020-09-09 00:00:00+00:00,4,5.425000000000001,5.7,42254847785704.164
2020-09-11 00:00:00+00:00,4,5.3,6.2,131878328124323.78
2020-09-12 00:00:00+00:00,6,5.483333333333333,6.1,158437101904850.38
2020-09-13 00:00:00+00:00,4,5.05,5.2,9966858650441.633
2020-09-14 00:00:00+00:00,1,5.0,5.0,1995262314968.8828
2020-09-15 00:00:00+00:00,4,5.65,6.4,303475677932928.1
2020-09-16 00:00:00+00:00,1,5.7,5.7,22387211385683.47
2020-09-17 00:00:00+00:00,5,5.38,5.7,50803914492226.64
2020-09-18 00:00:00+00:00,5,5.66,6.9,1467986430180192.2
2020-09-19 00:00:00+00:00,3,5.366666666666667,5.8,39241452168556.164
2020-09-20 00:00:00+00:00,7,5.228571428571429,5.6,42319820212000.92
2020-09-21 00:00:00+00:00,3,5.6000000000000005,5.8,54063145687723.09
2020-09-22 00:00:00+00:00,4,5.1,5.2,11952668041007.736
2020-09-24 00:00:00+00:00,4,5.325,5.8,43222523874091.16
2020-09-25 00:00:00+00:00,2,5.15,5.3,7618675566872.374
2020-09-26 00:00:00+00:00,3,5.566666666666666,6.1,101049447866152.25
2020-09-27 00:00:00+00:00,4,5.325,5.5,30059044652911.68
2020-09-28 00:00:00+00:00,2,5.15,5.2,6799454636799.435
2020-09-29 00:00:00+00:00,3,5.066666666666666,5.1,7632028177497.781
2020-09-30 00:00:00+00:00,3,5.133333333333333,5.3,10437058498136.824
2020-10-01 00:00:00+00:00,5,5.5600000000000005,6.4,349927674846174.9
2020-10-02 00:00:00+00:00,3,5.333333333333333,5.7,29186666022482.902
2020-10-03 00:00:00+00:00,4,5.4,5.8,48007855132094.586
2020-10-04 00:00:00+00:00,3,5.266666666666667,5.6,21485697787140.008
2020-10-05 00:00:00+00:00,7,5.114285714285714,5.3,22389726539144.56
2020-10-06 00:00:00+00:00,4,5.65,5.9,105223283124678.77
2020-10-07 00:00:00+00:00,1,5.3,5.3,5623413251903.491
2020-10-08 00:00:00+00:00,8,5.425,6.3,248251321509900.25
2020-10-09 00:00:00+00:00,3,5.266666666666667,5.4,17881827009454.594
2020-10-10 00:00:00+00:00,4,5.35,5.9,59879068388053.945
2020-10-11 00:00:00+00:00,1,5.6,5.6,15848931924611.11
2020-10-12 00:00:00+00:00,8,5.2,5.6,43495861596896.86
2020-10-13 00:00:00+00:00,1,5.4,5.4,7943282347242.8545
2020-10-14 00:00:00+00:00,1,5.0,5.0,1995262314968.8828
2020-10-15 00:00:00+00:00,2,5.15,5.2,6799454636799.435
2020-10-16 00:00:00+00:00,2,5.25,5.4,10761665278507.305
2020-10-17 00:00:00+00:00,5,5.24,5.5,25981782590889.06
2020-10-18 00:00:00+00:00,4,5.225,5.5,20838022111083.535
2020-10-19 00:00:00+00:00,14,5.578571428571428,7.6,1.603974492134315e+16
2020-10-20 00:00:00+00:00,5,5.3,5.6,40492580800990.53
2020-10-21 00:00:00+00:00,7,5.385714285714286,5.9,89760450995892.25
2020-10-22 00:00:00+00:00,3,5.366666666666667,5.8,39241452168556.164
2020-10-23 00:00:00+00:00,7,5.371428571428572,6.1,151703594026155.44
2020-10-24 00:00:00+00:00,2,5.0,5.0,3990524629937.7656
2020-10-25 00:00:00+00:00,6,5.383333333333333,5.9,75092005219791.42
2020-10-26 00:00:00+00:00,3,5.033333333333333,5.1,6808907561202.215
2020-10-27 00:00:00+00:00,1,5.4,5.4,7943282347242.8545
2020-10-28 00:00:00+00:00,11,5.454545454545454,5.8,138606790074522.42
2020-10-29 00:00:00+00:00,3,5.033333333333333,5.1,6808907561202.215
2020-10-30 00:00:00+00:00,11,5.527272727272727,7.0,2104708052518404.0
2020-10-31 00:00:00+00:00,3,5.133333333333333,5.2,9617837568063.883
2020-11-01 00:00:00+00:00,2,5.4,5.7,25205594316947.918
2020-11-02 00:00:00+00:00,1,5.3,5.3,5623413251903.491
2020-11-03 00:00:00+00:00,2,5.85,6.0,85482945833702.9
2020-11-04 00:00:00+00:00,4,5.15,5.3,14418130203671.809
2020-11-05 00:00:00+00:00,2,5.1,5.1,5636765862528.898
2020-11-06 00:00:00+00:00,4,5.4,5.9,61864877778620.05
2020-11-07 00:00:00+00:00,4,5.575,6.2,164314772417900.38
2020-11-08 00:00:00+00:00,2,5.3,5.3,11246826503806.982
2020-11-09 00:00:00+00:00,1,5.4,5.4,7943282347242.8545
2020-11-10 00:00:00+00:00,2,5.1,5.2,5976334020503.868
2020-11-11 00:00:00+00:00,4,5.425,6.0,89473470463640.66
2020-11-12 00:00:00+00:00,2,5.199999999999999,5.3,8441796183167.94
2020-11-13 00:00:00+00:00,5,5.32,5.7,40433492526289.88
2020-11-14 00:00:00+00:00,4,5.275,5.5,25139800910766.375
2020-11-15 00:00:00+00:00,3,5.433333333333334,6.0,70714410014891.8
2020-11-16 00:00:00+00:00,3,5.233333333333333,5.5,16856950405548.55
2020-11-17 00:00:00+00:00,2,5.55,6.0,65914117379283.875
2020-11-18 00:00:00+00:00,2,5.15,5.2,6799454636799.435
2020-11-19 00:00:00+00:00,1,5.0,5.0,1995262314968.8828
2020-11-20 00:00:00+00:00,4,5.275,5.7,32824269883820.293
2020-11-21 00:00:00+00:00,1,5.5,5.5,11220184543019.652
2020-11-22 00:00:00+00:00,5,5.5,6.1,120007259082581.66
2020-11-24 00:00:00+00:00,5,5.18,5.5,23172852584027.39
2020-11-25 00:00:00+00:00,3,5.533333333333334,5.9,69050832915748.88
2020-11-26 00:00:00+00:00,4,5.2,5.4,17561119915306.738
2020-11-27 00:00:00+00:00,2,5.199999999999999,5.3,8441796183167.94
2020-11-28 00:00:00+00:00,3,5.233333333333333,5.4,15561957914115.229
2020-11-29 00:00:00+00:00,6,5.433333333333334,5.8,77240256818652.73
2020-11-30 00:00:00+00:00,6,5.6000000000000005,6.4,452170575675051.8
2020-12-01 00:00:00+00:00,5,5.66,6.4,342308354847191.06
2020-12-02 00:00:00+00:00,4,5.275,5.5,23163399659624.61
2020-12-03 00:00:00+00:00,5,5.12,5.4,17910140997684.49
2020-12-04 00:00:00+00:00,4,5.05,5.1,9627290492466.664
2020-12-05 00:00:00+00:00,3,5.266666666666667,5.4,16385078530410.795
2020-12-06 00:00:00+00:00,4,5.345,6.1,97731695825773.66
2020-12-07 00:00:00+00:00,3,5.3,5.4,18704947625750.156
2020-12-08 00:00:00+00:00,6,5.25,5.5,34738777415003.14
2020-12-09 00:00:00+00:00,3,5.2,5.4,13919616367746.723
2020-12-10 00:00:00+00:00,5,5.62,6.1,184438146264071.34
2020-12-11 00:00:00+00:00,2,5.1,5.1,5636765862528.898
2020-12-12 00:00:00+00:00,4,5.225,5.5,21657243041156.477
2020-12-13 00:00:00+00:00,4,5.175,5.3,15241250819967.375
2020-12-14 00:00:00+00:00,4,5.6,6.0,112562705289283.22
2020-12-15 00:00:00+00:00,2,5.6,6.1,91943476744638.86
2020-12-16 00:00:00+00:00,6,5.183333333333334,5.6,31439203826956.234
2020-12-17 00:00:00+00:00,1,5.1,5.1,2818382931264.449
2020-12-18 00:00:00+00:00,2,5.15,5.2,6799454636799.435
2020-12-19 00:00:00+00:00,2,5.1,5.2,5976334020503.868
2020-12-20 00:00:00+00:00,2,5.8,6.3,183451354255795.78
2020-12-21 00:00:00+00:00,2,5.35,5.7,24382473700652.35
2020-12-22 00:00:00+00:00,2,5.2,5.4,9938544662211.738
2020-12-23 00:00:00+00:00,4,5.675,6.1,137880588290276.33
2020-12-24 00:00:00+00:00,5,5.38,6.3,192246071207564.1
2020-12-25 00:00:00+00:00,4,5.125,5.4,14752189908445.07
2020-12-26 00:00:00+00:00,1,5.1,5.1,2818382931264.449
2020-12-27 00:00:00+00:00,6,5.566666666666666,6.7,754310107906319.5
2020-12-28 00:00:00+00:00,7,5.185714285714285,5.7,41953046540361.875
2020-12-29 00:00:00+00:00,7,5.514285714285714,6.4,314343406767705.9
2020-12-30 00:00:00+00:00,2,5.0,5.0,3990524629937.7656
2020-12-31 00:00:00+00:00,2,5.15,5.2,6799454636799.435
2021-01-01 00:00:00+00:00,2,5.15,5.3,7618675566872.374
2021-01-02 00:00:00+00:00,5,5.12,5.2,15594171588567.752
2021-01-03 00:00:00+00:00,6,5.266666666666667,6.1,103556576627671.61
2021-01-04 00:00:00+00:00,2,5.0,5.0,3990524629937.7656
2021-01-05 00:00:00+00:00,1,5.1,5.1,2818382931264.449
2021-01-06 00:00:00+00:00,5,5.720000000000001,6.2,259855858452463.88
2021-01-07 00:00:00+00:00,2,5.1,5.2,5976334020503.868
2021-01-08 00:00:00+00:00,7,5.3999999999999995,6.3,280900965173243.3
2021-01-09 00:00:00+00:00,5,5.25,5.5,27177114911654.77
2021-01-10 00:00:00+00:00,4,5.699999999999999,6.1,196094381866328.8
2021-01-11 00:00:00+00:00,13,5.361538461538462,6.7,778575037179329.8
2021-01-12 00:00:00+00:00,7,5.385714285714286,5.9,110875010364812.16
2021-01-13 00:00:00+00:00,2,5.05,5.1,4813645246233.332
2021-01-14 00:00:00+00:00,3,5.7,6.2,152260824270635.6
2021-01-15 00:00:00+00:00,11,5.2727272727272725,5.8,90315994760912.66
2021-01-16 00:00:00+00:00,8,5.1625,5.5,32451121994116.305
2021-01-17 00:00:00+00:00,3,5.1000000000000005,5.2,8794716951768.317
2021-01-18 00:00:00+00:00,3,5.233333333333333,5.3,14065209435071.432
2021-01-19 00:00:00+00:00,4,5.55,6.4,267573721681370.03
2021-01-20 00:00:00+00:00,4,5.375,5.6,35510912650798.7
2021-01-21 00:00:00+00:00,2,6.0,7.0,1997257577283851.8
2021-01-22 00:00:00+00:00,2,5.3,5.6,17844194239579.992
2021-01-23 00:00:00+00:00,8,5.525,6.9,1479238666797423.0
2021-01-24 00:00:00+00:00,15,5.233333333333333,5.8,106013592525536.56
2021-01-25 00:00:00+00:00,4,5.15,5.2,13598909273598.87
2021-01-26 00:00:00+00:00,2,5.15,5.3,7618675566872.374
2021-01-27 00:00:00+00:00,3,5.066666666666666,5.2,7971596335472.751
2021-01-28 00:00:00+00:00,1,5.0,5.0,1995262314968.8828
2021-01-29 00:00:00+00:00,6,5.383333333333333,5.7,67928414291567.21
2021-01-30 00:00:00+00:00,6,5.133333333333334,5.3,21213685154248.617
2021-01-31 00:00:00+00:00,3,5.266666666666667,5.5,18838860109892.027
2021-02-01 00:00:00+00:00,4,5.15,5.2,13598909273598.87
2021-02-02 00:00:00+00:00,4,5.45,5.8,69221887223871.45
2021-02-03 00:00:00+00:00,11,5.327272727272727,6.7,757765329056476.2
2021-02-04 00:00:00+00:00,7,5.214285714285714,5.7,43938855930927.97
2021-02-05 00:00:00+00:00,3,5.233333333333333,5.3,13585556662973.46
2021-02-06 00:00:00+00:00,2,5.300000000000001,5.4,11924354052777.84
2021-02-07 00:00:00+00:00,5,5.46,6.3,246909462396818.38
2021-02-08 00:00:00+00:00,10,5.16,5.7,53201545071611.42
2021-02-09 00:00:00+00:00,7,5.171428571428572,5.6,34257586758220.684
2021-02-10 00:00:00+00:00,54,5.38148148148148,7.7,2.3391502016614864e+16
2021-02-11 00:00:00+00:00,33,5.254545454545455,6.0,311742397871034.25
2021-02-12 00:00:00+00:00,12,5.3,5.9,129759373499318.64
2021-02-13 00:00:00+00:00,12,5.3500000000000005,7.1,2872183547642319.5
2021-02-14 00:00:00+00:00,11,5.190909090909091,5.7,58836638906697.75
2021-02-15 00:00:00+00:00,10,5.11,5.4,33500412900029.613
2021-02-16 00:00:00+00:00,12,5.325,6.2,214254949206214.3
2021-02-17 00:00:00+00:00,14,5.268571428571429,6.1,151975755954581.16
2021-02-18 00:00:00+00:00,9,5.511111111111111,6.2,277768227108928.4
2021-02-19 00:00:00+00:00,6,5.183333333333333,5.6,31099635668981.266
2021-02-20 00:00:00+00:00,5,5.159999999999999,5.5,21670595651781.883
2021-02-21 00:00:00+00:00,3,5.1000000000000005,5.2,8794716951768.317
2021-02-22 00:00:00+00:00,9,5.188888888888889,5.8,57988066393161.625
2021-02-23 00:00:00+00:00,4,5.1,5.2,11613099883032.766
2021-02-24 00:00:00+00:00,4,5.199999999999999,5.6,23480960102108.89
2021-02-25 00:00:00+00:00,4,5.25,5.5,23977112136495.84
2021-02-26 00:00:00+00:00,5,5.26,5.8,46374966510128.86
2021-02-27 00:00:00+00:00,5,5.32,5.6,35057901839488.062
2021-02-28 00:00:00+00:00,9,5.322222222222222,5.9,99731250126066.3
2021-03-01 00:00:00+00:00,3,5.2,5.4,13580048209771.754
2021-03-02 00:00:00+00:00,5,5.3,5.8,50474989322201.23
2021-03-03 00:00:00+00:00,6,5.3500000000000005,6.3,198203544164240.84
2021-03-04 00:00:00+00:00,53,5.479245283018868,8.1,1.0362316820345274e+17
2021-03-05 00:00:00+00:00,66,5.27530303030303,6.3,794677760813822.8
2021-03-06 00:00:00+00:00,48,5.3500000000000005,6.3,895534378773933.4
2021-03-07 00:00:00+00:00,33,5.196969696969697,5.8,184728485879916.75
2021-03-08 00:00:00+00:00,18,5.094444444444445,5.4,53921582345456.1
2021-03-09 00:00:00+00:00,5,5.18,5.3,20041543455575.3
2021-03-10 00:00:00+00:00,6,5.25,5.9,59922962645689.31
2021-03-11 00:00:00+00:00,8,5.0625,5.2,20417269759203.863
2021-03-12 00:00:00+00:00,10,5.369999999999999,5.9,124238268966907.36
2021-03-13 00:00:00+00:00,8,5.3375,5.9,114027453000849.86
2021-03-14 00:00:00+00:00,9,5.275555555555555,6.0,98425735506186.48
2021-03-15 00:00:00+00:00,5,5.16,5.3,18399201909206.793
2021-03-16 00:00:00+00:00,6,5.3999999999999995,6.6,521562836787620.0
2021-03-17 00:00:00+00:00,6,5.233333333333333,5.7,47040313186465.67
2021-03-18 00:00:00+00:00,8,5.2875,6.0,94370815057239.78
2021-03-19 00:00:00+00:00,8,5.2375,5.7,56644798143904.16
2021-03-20 00:00:00+00:00,11,5.590909090909091,7.0,2152083348434716.5
2021-03-21 00:00:00+00:00,3,5.133333333333333,5.3,10437058498136.824
2021-03-22 00:00:00+00:00,3,5.0,5.0,5985786944906.648
2021-03-23 00:00:00+00:00,4,5.175,5.4,17557220229084.111
2021-03-25 00:00:00+00:00,3,5.266666666666667,5.5,18019639179819.086
2021-03-26 00:00:00+00:00,8,5.3875,5.9,119525822237950.11
2021-03-27 00:00:00+00:00,3,5.3,5.5,19182327954089.625
2021-03-28 00:00:00+00:00,2,5.800000000000001,5.9,67055570600780.0
2021-03-29 00:00:00+00:00,6,5.25,5.5,31605195842792.547
2021-03-30 00:00:00+00:00,3,5.233333333333333,5.5,17196518563523.52
2021-03-31 00:00:00+00:00,7,5.128571428571428,5.2,22393626225367.188
2021-04-01 00:00:00+00:00,5,5.7,6.4,340894974802097.1
2021-04-02 00:00:00+00:00,1,5.0,5.0,1995262314968.8828
2021-04-03 00:00:00+00:00,3,6.033333333333334,6.6,561704524766979.06
2021-04-04 00:00:00+00:00,6,5.183333333333334,5.4,26676543961222.91
2021-04-05 00:00:00+00:00,6,5.316666666666666,6.1,109021044201625.0
2021-04-06 00:00:00+00:00,6,5.25,5.7,40786413294890.266
2021-04-07 00:00:00+00:00,8,5.4,6.1,146917619353944.62
2021-04-08 00:00:00+00:00,5,5.24,5.5,27958183842030.824
2021-04-09 00:00:00+00:00,2,5.15,5.2,6799454636799.435
2021-04-10 00:00:00+00:00,8,5.512499999999999,6.1,242439026359082.16
2021-04-11 00:00:00+00:00,3,5.033333333333333,5.1,6808907561202.215
2021-04-12 00:00:00+00:00,6,5.183333333333334,5.2,22723741458939.375
2021-04-13 00:00:00+00:00,4,5.125,5.3,13595009587376.242
2021-04-14 00:00:00+00:00,4,5.35,5.7,43049788556527.91
2021-04-15 00:00:00+00:00,3,5.233333333333333,5.4,15561957914115.229
2021-04-16 00:00:00+00:00,6,5.216666666666667,5.4,30638754602930.777
2021-04-17 00:00:00+00:00,4,5.025,5.1,8804169876171.098
2021-04-18 00:00:00+00:00,8,5.4624999999999995,5.8,115781439163673.34
2021-04-19 00:00:00+00:00,7,5.285714285714286,6.1,110342678653845.66
2021-04-20 00:00:00+00:00,2,5.15,5.3,7618675566872.374
2021-04-22 00:00:00+00:00,1,5.5,5.5,11220184543019.652
2021-04-23 00:00:00+00:00,3,5.033333333333333,5.1,6808907561202.215
2021-04-24 00:00:00+00:00,5,5.42,6.5,376648108103093.8
2021-04-25 00:00:00+00:00,3,5.633333333333333,6.5,364751933895787.8
2021-04-26 00:00:00+00:00,5,5.32,5.7,39953839754191.914
2021-04-27 00:00:00+00:00,11,5.363636363636363,6.1,184555069423639.78
2021-04-28 00:00:00+00:00,4,5.275,6.0,69904642009221.64
2021-04-29 00:00:00+00:00,12,5.341666666666666,6.1,169733651483149.0
2021-04-30 00:00:00+00:00,3,5.166666666666667,5.3,11599747272407.36
2021-05-01 00:00:00+00:00,4,5.575,6.9,1422974603120898.2
2021-05-02 00:00:00+00:00,3,5.433333333333334,5.8,44838223459672.33
2021-05-03 00:00:00+00:00,3,5.3999999999999995,5.6,29887499398895.21
2021-05-04 00:00:00+00:00,4,5.225,5.5,21177590269058.504
2021-05-05 00:00:00+00:00,6,5.266666666666667,5.7,43585935162327.59
2021-05-06 00:00:00+00:00,2,5.05,5.1,4813645246233.332
2021-05-07 00:00:00+00:00,5,5.54,6.1,193460896799706.22
2021-05-08 00:00:00+00:00,3,5.1000000000000005,5.2,8794716951768.317
2021-05-09 00:00:00+00:00,1,5.0,5.0,1995262314968.8828
2021-05-10 00:00:00+00:00,3,5.2,5.4,13580048209771.754
2021-05-11 00:00:00+00:00,3,5.366666666666667,5.7,32325756047895.207
2021-05-12 00:00:00+00:00,11,5.545454545454546,6.7,861333099291065.0
2021-05-13 00:00:00+00:00,5,5.58,6.1,179421684893310.62
2021-05-14 00:00:00+00:00,2,5.85,6.7,709941046699109.1
2021-05-15 00:00:00+00:00,4,5.275,5.5,25139800910766.375
2021-05-16 00:00:00+00:00,3,5.3999999999999995,5.7,31991696343121.945
2021-05-17 00:00:00+00:00,4,5.3,5.4,24328360877653.65
2021-05-18 00:00:00+00:00,6,5.133333333333334,5.3,20394464224175.676
2021-05-19 00:00:00+00:00,6,5.5,6.7,748362087874045.6
2021-05-20 00:00:00+00:00,4,5.225,5.7,30358807721156.22
2021-05-21 00:00:00+00:00,23,5.416086956521739,7.3,6214559164948727.0
2021-05-22 00:00:00+00:00,7,5.071428571428571,5.2,18422007444234.98
2021-05-23 00:00:00+00:00,6,5.216666666666666,5.5,29279818294251.477
2021-05-24 00:00:00+00:00,1,5.0,5.0,1995262314968.8828
2021-05-25 00:00:00+00:00,4,5.26,5.7,31771738528065.55
2021-05-27 00:00:00+00:00,2,5.15,5.2,6799454636799.435
2021-05-28 00:00:00+00:00,4,5.125,5.3,13595009587376.242
2021-05-29 00:00:00+00:00,3,5.2,5.5,16033829789252.984
2021-05-30 00:00:00+00:00,7,5.3,5.9,71490496243644.16
2021-05-31 00:00:00+00:00,4,5.425,6.1,101068308929979.36
2021-06-01 00:00:00+00:00,2,5.45,5.5,19163466890262.508
2021-06-03 00:00:00+00:00,5,5.279999999999999,6.2,135519831671883.81
2021-06-04 00:00:00+00:00,4,5.525,5.9,96955393997065.44
2021-06-05 00:00:00+00:00,5,5.2299999999999995,5.4,24274542209265.027
2021-06-06 00:00:00+00:00,8,5.275,5.8,67866172750470.58
2021-06-07 00:00:00+00:00,3,5.1000000000000005,5.2,8794716951768.317
2021-06-08 00:00:00+00:00,4,5.325,5.7,35629300204459.336
2021-06-09 00:00:00+00:00,1,5.0,5.0,1995262314968.8828
2021-06-10 00:00:00+00:00,4,5.2,5.7,29196118946885.684
2021-06-11 00:00:00+00:00,4,5.225,5.6,24643648876379.426
2021-06-12 00:00:00+00:00,3,5.033333333333333,5.1,6808907561202.215
2021-06-13 00:00:00+00:00,4,5.125,5.4,14752189908445.07
2021-06-14 00:00:00+00:00,6,5.25,5.7,45216596125513.266
2021-06-15 00:00:00+00:00,2,5.25,5.3,9604484957438.477
2021-06-16 00:00:00+00:00,5,5.36,5.9,66325602256253.01
2021-06-17 00:00:00+00:00,2,5.25,5.5,13215446857988.535
2021-06-18 00:00:00+00:00,1,5.4,5.4,7943282347242.8545
2021-06-19 00:00:00+00:00,3,5.466666666666666,5.8,43547130654461.63
2021-06-20 00:00:00+00:00,4,5.595,6.5,372095437123694.1
2021-06-21 00:00:00+00:00,6,5.366666666666667,5.9,75903445252904.16
2021-06-23 00:00:00+00:00,4,5.475,5.9,69103990616104.72
2021-06-24 00:00:00+00:00,7,5.257142857142857,5.7,46747785937789.64
2021-06-25 00:00:00+00:00,1,5.4,5.4,7943282347242.8545
2021-06-26 00:00:00+00:00,9,5.188888888888889,5.6,45019252036727.984
2021-06-27 00:00:00+00:00,3,5.066666666666666,5.1,7632028177497.781
2021-06-28 00:00:00+00:00,4,5.125,5.4,14752189908445.07
2021-06-29 00:00:00+00:00,2,5.15,5.3,7618675566872.374
2021-06-30 00:00:00+00:00,1,5.3,5.3,5623413251903.491
2021-07-01 00:00:00+00:00,2,5.1,5.2,5976334020503.868
2021-07-02 00:00:00+00:00,4,5.35,6.1,98739031695215.66
2021-07-03 00:00:00+00:00,5,5.326,5.8,55321569098429.44
2021-07-04 00:00:00+00:00,5,5.54,6.0,129589359608230.94
2021-07-05 00:00:00+00:00,2,5.335,5.5,14809403889469.703
2021-07-06 00:00:00+00:00,1,5.0,5.0,1995262314968.8828
2021-07-07 00:00:00+00:00,9,5.199999999999999,5.9,69536900527530.57
2021-07-08 00:00:00+00:00,11,5.266363636363637,6.0,108847831977598.23
2021-07-09 00:00:00+00:00,9,5.211111111111111,5.6,49458843006775.32
2021-07-10 00:00:00+00:00,5,5.54,6.1,132671034404289.27
2021-07-11 00:00:00+00:00,4,5.225,5.4,20700209940719.04
2021-07-12 00:00:00+00:00,1,5.2,5.2,3981071705534.9854
2021-07-13 00:00:00+00:00,5,5.279999999999999,5.6,33749619997892.816
2021-07-14 00:00:00+00:00,5,5.12,5.4,17910140997684.49
2021-07-16 00:00:00+00:00,5,5.2,5.4,23858161029958.46
2021-07-17 00:00:00+00:00,6,5.513333333333333,6.1,140564013982527.55
2021-07-18 00:00:00+00:00,6,5.203333333333333,5.4,27701233366656.047
2021-07-19 00:00:00+00:00,5,5.4799999999999995,5.9,91853093730895.55
2021-07-20 00:00:00+00:00,3,5.166666666666667,5.2,10780526342334.42
2021-07-21 00:00:00+00:00,4,5.825,6.7,782965872884937.5
2021-07-22 00:00:00+00:00,4,5.2,5.5,20014901494787.97
2021-07-23 00:00:00+00:00,6,5.666666666666667,6.7,775224376929852.0
2021-07-24 00:00:00+00:00,3,5.5,6.1,97566889996542.34
2021-07-25 00:00:00+00:00,7,5.328571428571428,5.7,64208517761759.3
2021-07-26 00:00:00+00:00,5,5.54,6.3,223370333973322.78
2021-07-28 00:00:00+00:00,2,5.2,5.2,7962143411069.971
2021-07-29 00:00:00+00:00,17,5.529411764705882,8.2,1.2606680565592578e+17
2021-07-30 00:00:00+00:00,4,5.5,6.2,144731401289309.16
2021-07-31 00:00:00+00:00,4,5.175,5.5,19191780878492.402
2021-08-01 00:00:00+00:00,3,5.266666666666667,5.6,21825265945114.977
2021-08-02 00:00:00+00:00,7,5.442857142857143,6.0,125808693794281.7
2021-08-03 00:00:00+00:00,13,5.376923076923077,6.1,203986844668099.88
2021-08-04 00:00:00+00:00,6,5.45,5.8,72768093313473.25
2021-08-05 00:00:00+00:00,4,5.2,5.4,18380340845379.68
2021-08-06 00:00:00+00:00,6,5.283333333333333,5.9,63067561124303.33
2021-08-07 00:00:00+00:00,4,5.125,5.3,13595009587376.242
2021-08-08 00:00:00+00:00,3,5.266666666666667,5.5,18019639179819.086
2021-08-09 00:00:00+00:00,6,5.066666666666666,5.3,16422845443043.473
2021-08-10 00:00:00+00:00,4,5.1,5.2,11952668041007.736
2021-08-11 00:00:00+00:00,3,5.866666666666667,7.1,2831598378122437.5
2021-08-12 00:00:00+00:00,65,5.373846153846154,8.1,1.0168905726583974e+17
2021-08-13 00:00:00+00:00,47,5.225531914893617,6.1,373856800020968.8
2021-08-14 00:00:00+00:00,28,5.328571428571428,7.2,5517903310101301.0
2021-08-15 00:00:00+00:00,17,5.176470588235294,5.8,90640944374888.4
2021-08-16 00:00:00+00:00,12,5.358333333333333,6.9,1480587425174327.0
2021-08-17 00:00:00+00:00,7,5.485714285714286,6.1,157774392608727.8
2021-08-18 00:00:00+00:00,12,5.416666666666667,6.9,1538091478080999.8
2021-08-19 00:00:00+00:00,10,5.13,5.3,32830684723504.008
2021-08-20 00:00:00+00:00,8,5.125,5.3,26370798244679.547
2021-08-21 00:00:00+00:00,1,5.2,5.2,3981071705534.9854
2021-08-22 00:00:00+00:00,8,5.6,7.1,3356384959405478.5
2021-08-23 00:00:00+00:00,4,5.1,5.2,11613099883032.766
2021-08-24 00:00:00+00:00,10,5.220000000000001,6.0,96581185970444.56
2021-08-25 00:00:00+00:00,8,5.1875,5.4,33621591665347.055
2021-08-26 00:00:00+00:00,9,5.266666666666667,5.8,79199236393949.16
2021-08-27 00:00:00+00:00,5,5.220000000000001,5.6,28624720581914.414
2021-08-28 00:00:00+00:00,6,5.283333333333333,5.6,38355937542850.484
2021-08-29 00:00:00+00:00,6,5.183333333333334,5.5,27633577061660.344
2021-08-30 00:00:00+00:00,3,5.066666666666666,5.1,7632028177497.781
2021-08-31 00:00:00+00:00,10,5.34,6.4,299836046124621.9
2021-09-01 00:00:00+00:00,8,5.425,5.7,84714376913433.69
2021-09-02 00:00:00+00:00,3,5.166666666666667,5.3,11599747272407.36
2021-09-03 00:00:00+00:00,6,5.383333333333333,5.8,70625700046495.17
2021-09-04 00:00:00+00:00,4,5.2,5.4,17561119915306.738
2021-09-05 00:00:00+00:00,6,5.466666666666666,5.9,90576335792619.31
2021-09-06 00:00:00+00:00,5,5.279999999999999,5.6,32252871518849.02
2021-09-07 00:00:00+00:00,2,5.5,6.0,65090996762988.31
2021-09-08 00:00:00+00:00,7,5.557142857142857,7.0,2034791932095091.0
2021-09-09 00:00:00+00:00,11,5.172727272727273,5.8,64444053185763.47
2021-09-10 00:00:00+00:00,4,5.2,5.5,20834122424860.91
2021-09-11 00:00:00+00:00,4,5.225,5.5,21177590269058.508
2021-09-12 00:00:00+00:00,4,5.225,5.4,19543029619650.215
2021-09-13 00:00:00+00:00,7,5.3428571428571425,6.2,170784111821127.62
2021-09-14 00:00:00+00:00,3,5.133333333333333,5.3,10437058498136.824
2021-09-15 00:00:00+00:00,10,5.2,5.4,44722825101829.33
2021-09-16 00:00:00+00:00,5,5.22,5.6,29104373354012.383
2021-09-17 00:00:00+00:00,6,5.266666666666667,5.8,51998379762032.35
2021-09-18 00:00:00+00:00,3,5.133333333333333,5.3,10437058498136.824
2021-09-19 00:00:00+00:00,5,5.08,5.2,13608362198001.648
2021-09-20 00:00:00+00:00,6,5.466666666666666,6.1,139951331876733.44
2021-09-21 00:00:00+00:00,5,5.58,6.4,309776618733802.5
2021-09-22 00:00:00+00:00,10,5.33,6.5,400995330044574.6
2021-09-23 00:00:00+00:00,2,5.45,5.7,26368283091218.453
2021-09-24 00:00:00+00:00,4,5.575,6.1,113911973955540.4
2021-09-25 00:00:00+00:00,3,5.266666666666667,5.8,35613301231621.56
2021-09-26 00:00:00+00:00,2,5.45,5.7,26368283091218.453
2021-09-27 00:00:00+00:00,2,5.55,6.0,65914117379283.875
2021-09-28 00:00:00+00:00,2,5.15,5.3,7618675566872.374
2021-09-29 00:00:00+00:00,2,5.6,6.1,91943476744638.86
2021-09-30 00:00:00+00:00,1,5.1,5.1,2818382931264.449
2021-10-01 00:00:00+00:00,4,5.125,5.3,13595009587376.242
2021-10-02 00:00:00+00:00,7,5.8428571428571425,7.3,5781505069794041.0
2021-10-03 00:00:00+00:00,1,5.3,5.3,5623413251903.491
2021-10-04 00:00:00+00:00,6,5.45,6.2,167955085901913.6
2021-10-05 00:00:00+00:00,4,5.325,5.7,35967259595455.22
2021-10-06 00:00:00+00:00,4,5.425000000000001,5.9,62550186224551.125
2021-10-07 00:00:00+00:00,5,5.5600000000000005,5.9,98758146863606.97
2021-10-08 00:00:00+00:00,6,5.066666666666666,5.2,15603624512970.531
2021-10-09 00:00:00+00:00,6,5.633333333333333,6.9,1466807517722309.0
2021-10-10 00:00:00+00:00,2,5.955,6.21,152703889230912.94
2021-10-11 00:00:00+00:00,6,5.566666666666666,6.9,1472533319555035.2
2021-10-12 00:00:00+00:00,4,5.45,6.4,263122450128139.88
2021-10-13 00:00:00+00:00,4,5.125,5.4,14752189908445.07
2021-10-14 00:00:00+00:00,3,5.466666666666666,5.6,32692529719534.254
2021-10-15 00:00:00+00:00,2,5.7,6.4,253183905465928.12
2021-10-16 00:00:00+00:00,3,5.133333333333334,5.4,11933806977180.621
2021-10-17 00:00:00+00:00,5,5.06,5.1,12445673423731.113
2021-10-18 00:00:00+00:00,3,5.533333333333334,6.2,134334337362585.08
2021-10-19 00:00:00+00:00,3,5.6000000000000005,5.9,66140704391611.13
2021-10-20 00:00:00+00:00,2,5.1,5.2,5976334020503.868
2021-10-21 00:00:00+00:00,3,5.733333333333333,6.1,116194210281005.17
2021-10-22 00:00:00+00:00,3,5.133333333333334,5.4,11933806977180.621
2021-10-23 00:00:00+00:00,5,5.1,5.2,14431482814297.215
2021-10-24 00:00:00+00:00,1,6.2,6.2,125892541179417.14
2021-10-25 00:00:00+00:00,4,5.1,5.2,11613099883032.766
2021-10-26 00:00:00+00:00,2,5.45,5.9,46663621530065.414
2021-10-28 00:00:00+00:00,4,5.05,5.1,9627290492466.664
2021-10-29 00:00:00+00:00,4,5.2,5.5,20014901494787.97
2021-10-30 00:00:00+00:00,4,5.425,5.7,46822842786691.66
2021-10-31 00:00:00+00:00,3,5.3,5.6,22648386561410.543
2021-11-01 00:00:00+00:00,7,5.3,6.0,136990901087178.84
2021-11-02 00:00:00+00:00,7,5.3,5.9,72987244722687.95
2021-11-03 00:00:00+00:00,4,5.375,5.7,49588068017600.266
2021-11-04 00:00:00+00:00,7,5.285714285714286,5.7,52006597837909.914
2021-11-05 00:00:00+00:00,2,5.05,5.1,4813645246233.332
2021-11-06 00:00:00+00:00,4,5.45,6.0,79480812978430.22
2021-11-07 00:00:00+00:00,3,5.266666666666667,5.4,15905425758312.824
2021-11-08 00:00:00+00:00,3,5.166666666666667,5.4,12756927593476.188
2021-11-09 00:00:00+00:00,3,5.966666666666666,6.3,244883511604672.28
2021-11-10 00:00:00+00:00,5,5.56,6.6,571914996252788.6
2021-11-11 00:00:00+00:00,3,5.0,5.0,5985786944906.648
2021-11-12 00:00:00+00:00,3,5.366666666666667,5.8,38422231238483.23
2021-11-13 00:00:00+00:00,4,5.35,5.5,30882165269207.246
2021-11-14 00:00:00+00:00,9,5.366666666666666,6.4,338698626937739.4
2021-11-15 00:00:00+00:00,5,5.34,6.0,78676553425961.78
2021-11-16 00:00:00+00:00,2,5.15,5.3,7618675566872.374
2021-11-17 00:00:00+00:00,5,5.16,5.5,22829384739829.793
2021-11-18 00:00:00+00:00,8,5.35,6.2,179406530484320.4
2021-11-19 00:00:00+00:00,4,5.35,5.6,32234010455021.906
2021-11-20 00:00:00+00:00,5,5.2,5.6,28281252737716.816
2021-11-21 00:00:00+00:00,1,5.8,5.8,31622776601683.793
2021-11-22 00:00:00+00:00,2,5.15,5.3,7618675566872.374
2021-11-23 00:00:00+00:00,4,5.3,5.5,26782142457134.883
2021-11-24 00:00:00+00:00,3,5.433333333333334,5.6,29415627523757.453
2021-11-25 00:00:00+00:00,4,5.575,6.2,219008159622729.3
2021-11-26 00:00:00+00:00,5,5.42,5.8,62214445510337.19
2021-11-27 00:00:00+00:00,5,5.26,5.4,25989563487849.273
2021-11-28 00:00:00+00:00,2,6.3,7.5,1.1223002925950916e+16
2021-11-29 00:00:00+00:00,3,5.6000000000000005,6.3,188589606282399.56
2021-11-30 00:00:00+00:00,12,5.366666666666667,6.3,336629257942363.06
2021-12-01 00:00:00+00:00,3,5.133333333333333,5.3,10437058498136.824
2021-12-02 00:00:00+00:00,1,5.2,5.2,3981071705534.9854
2021-12-03 00:00:00+00:00,4,5.7,6.1,167422084509948.47
2021-12-04 00:00:00+00:00,6,5.326666666666667,6.0,95569682926885.72
2021-12-05 00:00:00+00:00,9,5.199999999999999,5.6,44345624173979.76
2021-12-06 00:00:00+00:00,7,5.2,5.6,39854358049336.84
2021-12-07 00:00:00+00:00,12,5.333333333333333,5.8,105373885600922.66
2021-12-08 00:00:00+00:00,19,5.268421052631578,5.8,143343481726489.62
2021-12-09 00:00:00+00:00,5,5.4799999999999995,6.0,100225682817745.19
2021-12-10 00:00:00+00:00,4,5.05,5.2,9966858650441.633
2021-12-11 00:00:00+00:00,3,5.3999999999999995,5.7,33148876664190.773
2021-12-12 00:00:00+00:00,6,5.366666666666667,6.6,518419847075985.06
2021-12-13 00:00:00+00:00,7,5.271428571428571,5.7,53159878472756.12
2021-12-14 00:00:00+00:00,9,5.588888888888889,7.3,5716105456241521.0
2021-12-15 00:00:00+00:00,4,5.0,5.0,7981049259875.531
2021-12-16 00:00:00+00:00,5,5.38,6.0,87739383324398.86
2021-12-17 00:00:00+00:00,2,5.4,5.7,25205594316947.918
2021-12-18 00:00:00+00:00,6,5.3,6.0,82652116678295.05
2021-12-19 00:00:00+00:00,4,5.45,6.2,141926370968670.12
2021-12-20 00:00:00+00:00,5,5.57,6.2,194211036535645.1
2021-12-21 00:00:00+00:00,7,5.142857142857143,5.9,57463053721205.39
2021-12-22 00:00:00+00:00,4,5.6,6.0,117368578620554.44
2021-12-24 00:00:00+00:00,4,5.275,5.7,32824269883820.293
2021-12-25 00:00:00+00:00,6,5.283333333333333,5.6,40530213570865.13
2021-12-26 00:00:00+00:00,7,5.485714285714286,6.1,168022725798461.72
2021-12-27 00:00:00+00:00,4,5.225,5.5,21177590269058.504
2021-12-28 00:00:00+00:00,1,5.1,5.1,2818382931264.449
2021-12-29 00:00:00+00:00,9,5.4,7.3,5673620969103599.0
2021-12-30 00:00:00+00:00,6,5.283333333333333,5.7,46862837358104.39
2021-12-31 00:00:00+00:00,4,5.0,5.0,7981049259875.531
2022-01-01 00:00:00+00:00,3,5.3,5.6,22648386561410.543
2022-01-02 00:00:00+00:00,5,5.1,5.4,16747452223413.953
2022-01-03 00:00:00+00:00,4,5.75,6.2,222606314544089.25
2022-01-04 00:00:00+00:00,4,5.675,6.0,141382132579768.62
2022-01-05 00:00:00+00:00,8,5.1625,5.7,41971907604188.984
2022-01-06 00:00:00+00:00,3,5.433333333333334,6.1,95101427833878.28
2022-01-07 00:00:00+00:00,9,5.344444444444444,6.6,539909444549347.7
2022-01-08 00:00:00+00:00,5,5.3,5.9,59086489418768.34
2022-01-09 00:00:00+00:00,6,5.3,5.7,49522274611418.73
2022-01-10 00:00:00+00:00,10,5.46,6.2,222579106573144.84
2022-01-11 00:00:00+00:00,9,5.7444444444444445,6.8,2055535535790845.8
2022-01-12 00:00:00+00:00,6,5.283333333333333,5.7,49849243193327.34
2022-01-13 00:00:00+00:00,3,5.1000000000000005,5.2,8794716951768.317
2022-01-14 00:00:00+00:00,5,5.4799999999999995,6.6,519567574472651.1
2022-01-15 00:00:00+00:00,5,5.42,5.8,67252076806143.125
2022-01-16 00:00:00+00:00,6,5.433333333333334,6.1,119554248271271.0
2022-01-17 00:00:00+00:00,5,5.08,5.3,14427583128074.59
2022-01-18 00:00:00+00:00,2,5.25,5.4,10761665278507.305
2022-01-19 00:00:00+00:00,2,5.3,5.3,11246826503806.982
2022-01-20 00:00:00+00:00,7,5.285714285714286,5.9,73798684755800.67
2022-01-21 00:00:00+00:00,7,5.385714285714286,6.3,206635887423006.0
2022-01-22 00:00:00+00:00,7,5.385714285714286,6.2,204238979371806.72
2022-01-23 00:00:00+00:00,2,5.35,5.6,18667314855875.56
2022-01-24 00:00:00+00:00,6,5.1499999999999995,5.3,22036805770544.184
2022-01-25 00:00:00+00:00,6,5.333333333333333,6.0,84299966677865.27
2022-01-26 00:00:00+00:00,2,5.3,5.6,17844194239579.992
2022-01-27 00:00:00+00:00,5,5.26,6.2,134696711055588.23
2022-01-28 00:00:00+00:00,5,5.3,6.0,80301705935945.73
2022-01-29 00:00:00+00:00,8,5.425,6.5,410119212838395.2
2022-01-30 00:00:00+00:00,4,5.225,5.6,25462869806452.367
2022-01-31 00:00:00+00:00,7,5.414285714285714,5.9,94541882567673.06
2022-02-01 00:00:00+00:00,3,5.566666666666666,6.0,76662430047165.78
2022-02-02 00:00:00+00:00,9,5.333333333333333,5.6,65940067108695.31
2022-02-03 00:00:00+00:00,5,5.4399999999999995,6.5,371551388532587.25
2022-02-04 00:00:00+00:00,4,5.375,6.3,185799537339365.03
2022-02-05 00:00:00+00:00,5,5.220000000000001,5.8,42412755868420.99
2022-02-06 00:00:00+00:00,3,5.233333333333333,5.3,13585556662973.46
2022-02-07 00:00:00+00:00,6,5.166666666666667,5.3,22380273614741.78
2022-02-08 00:00:00+00:00,9,5.2555555555555555,6.2,160163480548263.25
2022-02-09 00:00:00+00:00,4,5.025,5.1,8804169876171.098
2022-02-10 00:00:00+00:00,3,5.2,5.5,16033829789252.984
2022-02-11 00:00:00+00:00,4,5.325,5.5,26448082752361.62
2022-02-12 00:00:00+00:00,6,5.116666666666666,5.5,23182305508430.168
2022-02-13 00:00:00+00:00,7,5.5,6.0,121516652479675.88
2022-02-14 00:00:00+00:00,1,5.7,5.7,22387211385683.47
2022-02-15 00:00:00+00:00,2,5.05,5.1,4813645246233.332
2022-02-16 00:00:00+00:00,6,5.583333333333333,6.8,1143098512667343.5
2022-02-17 00:00:00+00:00,5,5.279999999999999,5.6,35863833419399.08
2022-02-18 00:00:00+00:00,6,5.05,5.1,14440935738699.996
2022-02-19 00:00:00+00:00,4,5.25,5.7,31181928337451.785
2022-02-20 00:00:00+00:00,5,5.24,5.5,26461435362987.027
2022-02-21 00:00:00+00:00,13,5.3538461538461535,6.3,260924721586380.7
2022-02-22 00:00:00+00:00,3,5.666666666666667,6.0,110582476594380.4
2022-02-23 00:00:00+00:00,3,5.233333333333333,5.5,16856950405548.55
2022-02-24 00:00:00+00:00,4,5.275,5.5,24462273361795.516
2022-02-25 00:00:00+00:00,10,5.29,6.1,149914290840952.44
2022-02-26 00:00:00+00:00,3,5.133333333333334,5.2,9957405726038.854
2022-02-27 00:00:00+00:00,2,5.1,5.1,5636765862528.898
2022-02-28 00:00:00+00:00,5,5.3,5.7,45868171487792.36
2022-03-01 00:00:00+00:00,9,5.277777777777778,5.8,66892218266601.06
2022-03-02 00:00:00+00:00,11,5.309090909090909,6.6,547055558466986.75
2022-03-03 00:00:00+00:00,6,5.166666666666667,5.7,34832884809414.582
2022-03-04 00:00:00+00:00,6,5.116666666666666,5.4,20388955770973.97
2022-03-05 00:00:00+00:00,6,5.216666666666667,5.7,42411565804874.22
2022-03-06 00:00:00+00:00,6,5.3500000000000005,6.0,92345011095260.95
2022-03-07 00:00:00+00:00,6,5.383333333333333,6.1,113472315754855.17
2022-03-08 00:00:00+00:00,3,5.2,5.5,16033829789252.984
2022-03-09 00:00:00+00:00,6,5.166666666666667,5.4,23197885777835.637
2022-03-10 00:00:00+00:00,2,5.1,5.1,5636765862528.898
2022-03-11 00:00:00+00:00,2,5.1,5.1,5636765862528.898
2022-03-12 00:00:00+00:00,4,5.2,5.3,17223160524310.852
2022-03-13 00:00:00+00:00,7,5.614285714285714,6.7,989401489663382.5
2022-03-14 00:00:00+00:00,4,5.15,5.3,14418130203671.809
2022-03-15 00:00:00+00:00,6,5.116666666666666,5.3,19571343607880.11
2022-03-16 00:00:00+00:00,13,5.5307692307692315,7.3,5789564683866535.0
2022-03-17 00:00:00+00:00,6,5.25,5.7,44057807037465.35
2022-03-18 00:00:00+00:00,6,5.25,5.9,60262530803664.28
2022-03-19 00:00:00+00:00,5,5.32,6.3,188617920270629.47
2022-03-20 00:00:00+00:00,3,5.433333333333334,6.0,70714410014891.8
2022-03-21 00:00:00+00:00,5,5.18,5.6,26638911191348.31
2022-03-22 00:00:00+00:00,9,5.633333333333334,6.7,1512207059004251.5
2022-03-23 00:00:00+00:00,10,5.25,6.0,97893367498262.42
2022-03-24 00:00:00+00:00,3,5.166666666666667,5.3,11599747272407.36
2022-03-25 00:00:00+00:00,11,5.181818181818182,5.7,56856337969333.36
2022-03-26 00:00:00+00:00,3,5.166666666666667,5.4,12756927593476.188
2022-03-27 00:00:00+00:00,5,5.42,5.8,74026079545702.0
2022-03-28 00:00:00+00:00,3,5.233333333333333,5.4,14742736984042.29
2022-03-29 00:00:00+00:00,4,5.275,5.5,25139800910766.375
2022-03-30 00:00:00+00:00,7,5.357142857142857,6.9,1430946199456370.8
2022-03-31 00:00:00+00:00,17,5.417647058823529,7.0,2343450855807788.0
2022-04-01 00:00:00+00:00,7,5.228571428571429,5.6,42319820212000.914
2022-04-02 00:00:00+00:00,4,5.475,5.6,46899120097776.86
2022-04-03 00:00:00+00:00,9,5.199999999999999,5.6,46999552974092.38
2022-04-04 00:00:00+00:00,4,5.45,6.0,80977561457474.02
2022-04-05 00:00:00+00:00,3,5.566666666666666,5.9,69873953532044.45
2022-04-06 00:00:00+00:00,3,5.333333333333333,5.5,24435631401008.188
2022-04-07 00:00:00+00:00,3,5.3,5.7,28023977248212.367
2022-04-08 00:00:00+00:00,3,5.1000000000000005,5.3,9613937881841.258
2022-04-09 00:00:00+00:00,8,5.475,6.3,253521813993203.34
2022-04-10 00:00:00+00:00,8,5.15,5.4,29993440728412.445
2022-04-11 00:00:00+00:00,4,5.225,5.5,21657243041156.477
2022-04-12 00:00:00+00:00,2,5.0,5.0,3990524629937.7656
2022-04-13 00:00:00+00:00,5,5.5600000000000005,6.1,126484003684374.72
2022-04-14 00:00:00+00:00,3,5.166666666666667,5.5,15210709172957.418
2022-04-15 00:00:00+00:00,6,5.133333333333333,5.3,20874116996273.65
2022-04-16 00:00:00+00:00,2,5.15,5.3,7618675566872.374
2022-04-17 00:00:00+00:00,6,5.266666666666667,6.1,105872546036788.36
2022-04-18 00:00:00+00:00,5,5.220000000000001,5.5,26457535676764.4
2022-04-19 00:00:00+00:00,9,5.344444444444445,6.1,160968510825618.94
2022-04-20 00:00:00+00:00,10,5.470000000000001,6.0,191053899944734.7
2022-04-21 00:00:00+00:00,5,5.54,6.6,528441247959544.06
2022-04-22 00:00:00+00:00,3,5.3999999999999995,5.7,31991696343121.945
2022-04-23 00:00:00+00:00,6,5.25,5.4,29970635193384.258
2022-04-24 00:00:00+00:00,5,5.24,5.6,30267062128282.918
2022-04-25 00:00:00+00:00,2,5.300000000000001,5.4,11924354052777.84
2022-04-26 00:00:00+00:00,3,5.1000000000000005,5.2,8794716951768.317
2022-04-27 00:00:00+00:00,3,5.266666666666667,5.4,17881827009454.594
2022-04-28 00:00:00+00:00,3,5.5,6.1,99063638475586.14
2022-04-29 00:00:00+00:00,1,5.6,5.6,15848931924611.11
2022-04-30 00:00:00+00:00,1,5.0,5.0,1995262314968.8828
2022-05-01 00:00:00+00:00,4,5.275,5.5,27254014332272.637
2022-05-02 00:00:00+00:00,6,5.316666666666666,5.6,42995675733529.21
2022-05-03 00:00:00+00:00,1,5.0,5.0,1995262314968.8828
2022-05-04 00:00:00+00:00,6,5.2,5.6,31443103513178.86
2022-05-05 00:00:00+00:00,9,5.277777777777778,6.0,102157513528070.66
2022-05-06 00:00:00+00:00,6,5.216666666666667,5.4,29142006123886.98
2022-05-07 00:00:00+00:00,4,5.35,5.6,33868571104430.195
2022-05-08 00:00:00+00:00,10,5.1899999999999995,5.6,52611285642813.03
2022-05-09 00:00:00+00:00,5,5.7,6.3,333726369135865.25
2022-05-10 00:00:00+00:00,9,5.466666666666667,6.8,1065908543205376.4
2022-05-11 00:00:00+00:00,6,5.083333333333333,5.2,16426745129266.098
2022-05-12 00:00:00+00:00,4,5.2,5.4,18380340845379.68
2022-05-13 00:00:00+00:00,1,5.5,5.5,11220184543019.652
2022-05-14 00:00:00+00:00,3,5.166666666666667,5.2,10780526342334.42
2022-05-15 00:00:00+00:00,1,5.5,5.5,11220184543019.652
2022-05-16 00:00:00+00:00,2,5.6,5.8,39566058948926.65
2022-05-17 00:00:00+00:00,8,5.2625,5.5,49594293375601.68
2022-05-18 00:00:00+00:00,6,5.316666666666666,5.7,54151021993010.19
2022-05-19 00:00:00+00:00,8,5.6,6.9,1498800404128977.5
2022-05-20 00:00:00+00:00,2,5.6,5.7,33607395928703.12
2022-05-21 00:00:00+00:00,3,5.7,6.1,124728942120593.19
2022-05-22 00:00:00+00:00,6,5.466666666666666,6.3,255675865360356.75
2022-05-23 00:00:00+00:00,9,5.311111111111111,5.6,64631785267100.06
2022-05-24 00:00:00+00:00,3,5.166666666666667,5.5,15210709172957.418
2022-05-25 00:00:00+00:00,4,5.175,5.5,19191780878492.402
2022-05-26 00:00:00+00:00,5,6.08,7.2,4616593276524842.0
2022-05-27 00:00:00+00:00,5,5.4799999999999995,6.2,151855462706479.06
2022-05-28 00:00:00+00:00,3,5.566666666666666,5.6,42918048392241.875
2022-05-29 00:00:00+00:00,2,5.199999999999999,5.3,8441796183167.94
2022-05-31 00:00:00+00:00,3,5.066666666666666,5.2,7971596335472.751
2022-06-01 00:00:00+00:00,5,5.279999999999999,5.8,46040906805355.6
2022-06-02 00:00:00+00:00,7,5.2,5.5,36388299442015.92
2022-06-03 00:00:00+00:00,4,5.375,5.6,33396699229292.44
2022-06-04 00:00:00+00:00,5,5.9399999999999995,6.4,625511840014619.4
2022-06-05 00:00:00+00:00,2,5.0,5.0,3990524629937.7656
2022-06-06 00:00:00+00:00,4,5.3,5.4,23171180556584.82
2022-06-07 00:00:00+00:00,3,5.266666666666667,5.6,21485697787140.008
2022-06-08 00:00:00+00:00,5,5.62,6.5,402341591593572.7
2022-06-09 00:00:00+00:00,2,5.75,5.9,60517291139707.64
2022-06-10 00:00:00+00:00,2,5.3,5.6,17844194239579.992
2022-06-11 00:00:00+00:00,10,5.21,5.6,54459282863014.64
2022-06-12 00:00:00+00:00,3,5.133333333333334,5.2,9957405726038.854
2022-06-13 00:00:00+00:00,3,5.066666666666666,5.2,7971596335472.751
2022-06-14 00:00:00+00:00,1,5.6,5.6,15848931924611.11
2022-06-15 00:00:00+00:00,3,5.366666666666667,5.6,29064378782599.645
2022-06-16 00:00:00+00:00,1,5.2,5.2,3981071705534.9854
2022-06-17 00:00:00+00:00,3,5.066666666666666,5.1,7632028177497.781
2022-06-18 00:00:00+00:00,7,5.2,5.4,29983987804009.664
2022-06-19 00:00:00+00:00,6,5.183333333333333,5.5,27294008903685.375
2022-06-20 00:00:00+00:00,4,5.4,5.9,59411096199138.82
2022-06-21 00:00:00+00:00,5,5.46,6.0,119697900640296.58
2022-06-22 00:00:00+00:00,2,5.5,5.6,23792214271853.965
2022-06-23 00:00:00+00:00,4,5.275,5.5,24800232752791.406
2022-06-24 00:00:00+00:00,7,5.371428571428572,5.8,83114361341379.64
2022-06-25 00:00:00+00:00,3,5.233333333333333,5.6,20662577170844.44
2022-06-26 00:00:00+00:00,1,5.7,5.7,22387211385683.47
2022-06-27 00:00:00+00:00,4,5.15,5.3,15237351133744.748
2022-06-28 00:00:00+00:00,3,5.1000000000000005,5.3,9613937881841.258
2022-06-29 00:00:00+00:00,2,5.15,5.3,7618675566872.374
2022-06-30 00:00:00+00:00,2,5.55,6.0,65914117379283.875
2022-07-01 00:00:00+00:00,5,5.54,6.0,152569204911660.1
2022-07-02 00:00:00+00:00,3,5.3999999999999995,5.9,52287034781968.91
2022-07-03 00:00:00+00:00,1,5.1,5.1,2818382931264.449
2022-07-04 00:00:00+00:00,10,5.1,5.4,31518503195686.137
2022-07-05 00:00:00+00:00,4,5.175,5.4,17557220229084.111
2022-07-06 00:00:00+00:00,2,5.35,5.5,15201256248554.637
2022-07-08 00:00:00+00:00,15,5.2733333333333325,5.9,132609808504794.38
2022-07-09 00:00:00+00:00,4,5.125,5.4,14752189908445.07
2022-07-10 00:00:00+00:00,1,5.7,5.7,22387211385683.47
2022-07-11 00:00:00+00:00,5,5.46,6.0,105322402388251.78
2022-07-12 00:00:00+00:00,8,5.65,6.8,1102904370400113.0
2022-07-13 00:00:00+00:00,4,5.0,5.0,7981049259875.531
2022-07-14 00:00:00+00:00,6,5.383333333333333,5.8,72390328832746.94
2022-07-15 00:00:00+00:00,2,5.7,6.4,253183905465928.12
2022-07-16 00:00:00+00:00,6,5.216666666666667,5.4,27165604872745.215
2022-07-17 00:00:00+00:00,3,5.3,5.6,22648386561410.543
2022-07-18 00:00:00+00:00,2,5.550000000000001,5.9,48649430920631.516
2022-07-19 00:00:00+00:00,1,5.3,5.3,5623413251903.491
2022-07-20 00:00:00+00:00,1,5.1,5.1,2818382931264.449
2022-07-21 00:00:00+00:00,2,5.5,5.9,47486742146360.984
2022-07-22 00:00:00+00:00,3,5.266666666666667,5.5,18019639179819.086
2022-07-23 00:00:00+00:00,5,5.38,5.6,42497161897604.125
2022-07-24 00:00:00+00:00,2,5.15,5.3,7618675566872.374
2022-07-25 00:00:00+00:00,5,5.24,5.7,34823431885011.8
2022-07-26 00:00:00+00:00,2,5.0,5.0,3990524629937.7656
2022-07-27 00:00:00+00:00,9,5.577777777777778,7.0,2180578042652055.8
2022-07-28 00:00:00+00:00,5,5.5,6.1,134667486782804.92
2022-07-29 00:00:00+00:00,7,5.257142857142857,5.6,44305629602567.016
2022-07-31 00:00:00+00:00,11,5.172727272727273,5.6,50316449741281.914
2022-08-01 00:00:00+00:00,4,5.2,5.4,18380340845379.68
2022-08-02 00:00:00+00:00,7,5.314285714285715,5.6,51750398113884.79
2022-08-03 00:00:00+00:00,2,5.3,5.3,11246826503806.982
2022-08-04 00:00:00+00:00,10,5.16,5.7,51566984422203.125
2022-08-05 00:00:00+00:00,3,5.3,5.8,36436421847917.125
2022-08-06 00:00:00+00:00,4,5.05,5.2,9966858650441.633
2022-08-07 00:00:00+00:00,2,5.6,5.9,50291772467000.02
2022-08-08 00:00:00+00:00,3,5.3,5.6,22648386561410.543
2022-08-09 00:00:00+00:00,5,5.32,5.7,47030860262062.89
2022-08-10 00:00:00+00:00,3,5.133333333333333,5.2,9617837568063.883
2022-08-11 00:00:00+00:00,1,5.0,5.0,1995262314968.8828
2022-08-12 00:00:00+00:00,4,5.2,5.4,17900688073281.707
2022-08-13 00:00:00+00:00,7,5.414285714285714,5.9,111933788631865.06
2022-08-14 00:00:00+00:00,10,5.59,6.6,846349157444192.6
2022-08-15 00:00:00+00:00,3,5.3,5.4,18704947625750.156
2022-08-16 00:00:00+00:00,5,5.12,5.5,20024354419190.75
2022-08-17 00:00:00+00:00,2,5.55,5.6,27069116467630.76
2022-08-18 00:00:00+00:00,3,5.3,5.5,19661980726187.594
2022-08-19 00:00:00+00:00,5,5.32,5.5,32749023553235.97
2022-08-21 00:00:00+00:00,2,5.35,5.5,15201256248554.637
2022-08-22 00:00:00+00:00,4,5.2,5.4,18380340845379.68
2022-08-23 00:00:00+00:00,7,5.442857142857143,6.2,194079493266497.16
2022-08-24 00:00:00+00:00,4,5.1,5.4,13929069292149.504
2022-08-25 00:00:00+00:00,3,5.033333333333333,5.1,6808907561202.215
2022-08-26 00:00:00+00:00,1,5.0,5.0,1995262314968.8828
2022-08-27 00:00:00+00:00,1,5.2,5.2,3981071705534.9854
2022-08-28 00:00:00+00:00,5,5.34,5.7,48193549036333.43
2022-08-29 00:00:00+00:00,5,5.64,6.2,184705531425068.2
2022-08-30 00:00:00+00:00,4,5.55,6.3,197489921730079.88
2022-08-31 00:00:00+00:00,3,5.266666666666667,5.4,17881827009454.594
2022-09-01 00:00:00+00:00,2,5.25,5.4,10761665278507.305
2022-09-02 00:00:00+00:00,4,5.275,6.1,95110880758281.06
2022-09-03 00:00:00+00:00,2,5.199999999999999,5.3,8441796183167.94
2022-09-04 00:00:00+00:00,7,5.585714285714286,6.9,1559972277423020.2
2022-09-05 00:00:00+00:00,4,5.5249999999999995,6.6,512447412741703.8
2022-09-06 00:00:00+00:00,5,5.42,5.9,78655317873187.36
2022-09-07 00:00:00+00:00,4,5.375,5.9,58248407424868.28
2022-09-08 00:00:00+00:00,6,5.3,5.5,37887275579839.78
2022-09-09 00:00:00+00:00,10,5.2700000000000005,6.2,192480427085963.03
2022-09-10 00:00:00+00:00,5,6.18,7.6,1.606825069397147e+16
2022-09-11 00:00:00+00:00,4,5.225,5.5,23153991520200.273
2022-09-12 00:00:00+00:00,3,5.233333333333333,5.7,26377736015621.234
2022-09-13 00:00:00+00:00,5,5.1,5.2,14771050972272.186
2022-09-14 00:00:00+00:00,4,5.825,7.0,2036489576528005.0
2022-09-16 00:00:00+00:00,3,5.233333333333333,5.5,16856950405548.55
2022-09-17 00:00:00+00:00,6,5.3999999999999995,6.5,378465894589701.44
2022-09-18 00:00:00+00:00,11,5.5,6.9,1537400602141716.0
2022-09-19 00:00:00+00:00,6,5.833333333333333,7.6,1.5924010577220274e+16
2022-09-20 00:00:00+00:00,8,5.25,6.0,108336326172107.66
2022-09-21 00:00:00+00:00,5,5.16,5.7,31191381261854.566
2022-09-22 00:00:00+00:00,4,5.575,6.8,1010780526342334.5
2022-09-23 00:00:00+00:00,7,5.5,6.2,240861605413316.12
2022-09-24 00:00:00+00:00,3,5.033333333333333,5.1,6808907561202.215
2022-09-25 00:00:00+00:00,2,5.1,5.1,5636765862528.898
2022-09-26 00:00:00+00:00,7,5.257142857142857,5.8,55979451467567.34
2022-09-27 00:00:00+00:00,1,5.3,5.3,5623413251903.491
2022-09-28 00:00:00+00:00,11,5.2,5.5,51495637777841.43
2022-09-29 00:00:00+00:00,12,5.391666666666667,6.5,455339377736715.1
2022-09-30 00:00:00+00:00,6,5.233333333333333,5.9,60258631117441.66
2022-10-01 00:00:00+00:00,5,5.4799999999999995,6.0,102339896239251.45
2022-10-02 00:00:00+00:00,6,5.483333333333333,5.7,85043461166505.0
2022-10-03 00:00:00+00:00,3,5.166666666666667,5.4,12756927593476.188
2022-10-04 00:00:00+00:00,1,5.1,5.1,2818382931264.449
2022-10-05 00:00:00+00:00,4,5.425,5.8,54271163163094.336
2022-10-06 00:00:00+00:00,4,5.199999999999999,5.3,16883592366335.88
2022-10-07 00:00:00+00:00,1,5.5,5.5,11220184543019.652
2022-10-08 00:00:00+00:00,3,5.366666666666667,5.7,30829007568851.41
2022-10-09 00:00:00+00:00,3,5.666666666666667,6.2,141779105873902.84
2022-10-10 00:00:00+00:00,4,5.225,5.5,23153991520200.273
2022-10-11 00:00:00+00:00,3,5.133333333333333,5.3,10437058498136.824
2022-10-12 00:00:00+00:00,3,5.033333333333333,5.1,6808907561202.215
2022-10-13 00:00:00+00:00,3,5.466666666666666,6.4,255179167780897.0
2022-10-14 00:00:00+00:00,4,5.28,5.4,23647940035891.42
2022-10-15 00:00:00+00:00,6,5.133333333333334,5.2,19575243294102.74
2022-10-16 00:00:00+00:00,1,6.3,6.3,177827941003892.28
2022-10-17 00:00:00+00:00,4,5.05,5.2,9966858650441.633
2022-10-18 00:00:00+00:00,2,5.0,5.0,3990524629937.7656
2022-10-19 00:00:00+00:00,6,5.316666666666666,5.8,57261091348375.25
2022-10-20 00:00:00+00:00,5,5.5,6.7,725506904299447.0
2022-10-21 00:00:00+00:00,2,5.0,5.0,3990524629937.7656
2022-10-22 00:00:00+00:00,5,5.0600000000000005,5.3,13604462511779.023
2022-10-23 00:00:00+00:00,3,5.1,5.1,8455148793793.348
2022-10-24 00:00:00+00:00,6,5.25,5.7,41605634224963.2
2022-10-25 00:00:00+00:00,4,5.715,6.4,434289676001801.0
2022-10-26 00:00:00+00:00,3,5.2,5.3,12422867888702.926
2022-10-27 00:00:00+00:00,6,5.083333333333333,5.2,16766313287241.068
2022-10-28 00:00:00+00:00,4,5.45,5.9,63850687169186.16
2022-10-29 00:00:00+00:00,7,5.271428571428571,5.8,57959752404931.734
2022-10-30 00:00:00+00:00,2,5.2,5.2,7962143411069.971
2022-10-31 00:00:00+00:00,6,5.333333333333333,5.8,65500800630516.766
2022-11-01 00:00:00+00:00,4,5.025,5.1,8804169876171.098
2022-11-02 00:00:00+00:00,4,5.6,6.1,159839503828266.22
2022-11-03 00:00:00+00:00,4,5.325,5.5,27605263073430.445
2022-11-04 00:00:00+00:00,3,5.6000000000000005,6.1,113507567514026.75
2022-11-05 00:00:00+00:00,7,5.085714285714286,5.3,20064348990603.49
2022-11-06 00:00:00+00:00,7,5.171428571428572,5.6,33438365828147.742
2022-11-07 00:00:00+00:00,3,5.1000000000000005,5.2,8794716951768.317
2022-11-08 00:00:00+00:00,5,5.220000000000001,5.7,34339879426691.203
2022-11-09 00:00:00+00:00,7,5.885714285714285,7.0,3519930508698263.0
2022-11-10 00:00:00+00:00,2,5.35,5.5,15201256248554.637
2022-11-11 00:00:00+00:00,6,5.5,7.3,5641468985968500.0
2022-11-12 00:00:00+00:00,6,5.566666666666666,7.0,2040484000844165.2
2022-11-13 00:00:00+00:00,6,5.3999999999999995,6.2,161055541222403.9
2022-11-14 00:00:00+00:00,4,5.725,6.1,196917502482624.38
2022-11-15 00:00:00+00:00,3,5.133333333333334,5.2,9957405726038.854
2022-11-16 00:00:00+00:00,4,5.45,5.8,53604626423210.75
2022-11-17 00:00:00+00:00,6,5.1000000000000005,5.5,22019616734159.633
2022-11-18 00:00:00+00:00,4,5.6,6.9,1425294472216237.2
2022-11-19 00:00:00+00:00,6,5.1499999999999995,5.5,25647767671094.242
2022-11-20 00:00:00+00:00,3,5.2,5.5,16033829789252.984
2022-11-21 00:00:00+00:00,7,5.3,5.6,47454127767403.66
2022-11-22 00:00:00+00:00,17,5.447058823529411,7.0,2266452948703129.0
2022-11-23 00:00:00+00:00,6,5.266666666666667,6.1,103896144785646.6
2022-11-24 00:00:00+00:00,7,5.1,5.3,20887469606899.055
2022-11-25 00:00:00+00:00,5,5.16,5.7,31191381261854.566
2022-11-26 00:00:00+00:00,4,5.199999999999999,5.6,23480960102108.89
2022-11-27 00:00:00+00:00,8,5.1875,5.5,41183083624422.14
2022-11-28 00:00:00+00:00,4,5.325,5.9,56602166192277.16
2022-11-29 00:00:00+00:00,8,5.1875,5.5,38867114215305.41
2022-11-30 00:00:00+00:00,5,5.3,5.7,39610371909994.32
2022-12-01 00:00:00+00:00,3,5.2,5.4,13580048209771.754
2022-12-02 00:00:00+00:00,3,5.233333333333333,5.6,20662577170844.44
2022-12-03 00:00:00+00:00,3,5.2,5.6,19839456554548.875
2022-12-04 00:00:00+00:00,8,5.4,6.8,1038364700693157.6
2022-12-05 00:00:00+00:00,6,5.416666666666667,5.8,72271941279086.31
2022-12-06 00:00:00+00:00,5,5.4399999999999995,5.9,74727403868008.22
2022-12-07 00:00:00+00:00,6,5.133333333333334,5.4,21891212703219.473
2022-12-08 00:00:00+00:00,7,5.3999999999999995,5.8,81845884589514.83
2022-12-09 00:00:00+00:00,5,5.4,5.8,59894576414997.83
2022-12-10 00:00:00+00:00,5,5.26,5.6,32586931223622.28
2022-12-11 00:00:00+00:00,4,5.4,6.0,82935191002568.31
2022-12-12 00:00:00+00:00,2,5.25,5.5,13215446857988.535
2022-12-13 00:00:00+00:00,4,5.325,5.6,30591668908653.4
2022-12-14 00:00:00+00:00,2,5.949999999999999,6.3,193676872928503.38
2022-12-15 00:00:00+00:00,6,5.333333333333333,5.9,73293079797010.94
2022-12-16 00:00:00+00:00,4,5.1,5.2,11952668041007.736
2022-12-17 00:00:00+00:00,4,5.25,5.6,26285990422747.934
2022-12-18 00:00:00+00:00,2,5.15,5.2,6799454636799.435
2022-12-19 00:00:00+00:00,3,5.033333333333333,5.1,6808907561202.215
2022-12-20 00:00:00+00:00,7,5.457142857142857,6.4,290227616695982.3
2022-12-21 00:00:00+00:00,5,5.24,5.4,24826874713578.734
2022-12-22 00:00:00+00:00,3,5.2,5.5,16033829789252.984
2022-12-23 00:00:00+00:00,2,5.5,5.8,35603848307218.78
2022-12-24 00:00:00+00:00,6,5.133333333333334,5.5,24824647054798.676
2022-12-25 00:00:00+00:00,5,5.16,5.4,19556382230275.62
2022-12-26 00:00:00+00:00,6,5.183333333333334,5.5,31244538962210.402
2022-12-27 00:00:00+00:00,1,5.5,5.5,11220184543019.652
2022-12-28 00:00:00+00:00,7,5.257142857142857,6.1,108356869263279.55
2022-12-29 00:00:00+00:00,4,5.15,5.3,14418130203671.809
2022-12-30 00:00:00+00:00,7,5.1571428571428575,5.4,27514625955122.965
2022-12-31 00:00:00+00:00,1,5.1,5.1,2818382931264.449
2023-01-01 00:00:00+00:00,6,5.391666666666667,5.8,64269137304431.87
2023-01-02 00:00:00+00:00,5,5.2,5.3,21204232229845.836
2023-01-03 00:00:00+00:00,9,5.244444444444444,5.6,56358387686285.016
2023-01-04 00:00:00+00:00,4,5.15,5.4,15575310524740.637
2023-01-05 00:00:00+00:00,3,5.5,6.0,72700219405457.9
2023-01-06 00:00:00+00:00,2,5.65,5.9,52611641562339.38
2023-01-07 00:00:00+00:00,1,5.1,5.1,2818382931264.449
2023-01-08 00:00:00+00:00,2,6.0,7.0,1997257577283851.8
2023-01-09 00:00:00+00:00,7,5.5,7.6,1.5872465478860696e+16
2023-01-10 00:00:00+00:00,4,5.2,5.7,29196118946885.684
2023-01-11 00:00:00+00:00,6,5.366666666666667,5.8,85080272072885.34
2023-01-12 00:00:00+00:00,6,5.283333333333333,5.5,37681619906006.68
2023-01-13 00:00:00+00:00,2,5.15,5.3,7618675566872.374
2023-01-14 00:00:00+00:00,1,5.1,5.1,2818382931264.449
2023-01-15 00:00:00+00:00,7,5.328571428571428,6.1,120907765484528.23
2023-01-16 00:00:00+00:00,4,5.35,6.3,184636848565094.5
2023-01-17 00:00:00+00:00,4,5.05,5.1,9627290492466.664
2023-01-18 00:00:00+00:00,9,5.5,7.0,2104411118769336.2
2023-01-19 00:00:00+00:00,2,5.05,5.1,4813645246233.332
2023-01-20 00:00:00+00:00,5,5.66,6.8,1101058900790555.0
2023-01-21 00:00:00+00:00,5,5.3,5.7,39270803752019.35
2023-01-22 00:00:00+00:00,2,5.0,5.0,3990524629937.7656
2023-01-23 00:00:00+00:00,6,5.166666666666667,5.5,25651667357316.867
2023-01-24 00:00:00+00:00,9,5.433333333333334,6.4,318739527902704.06
2023-01-25 00:00:00+00:00,5,5.32,5.9,61406358514107.7
2023-01-26 00:00:00+00:00,6,5.416666666666667,6.0,102366538200038.78
2023-01-27 00:00:00+00:00,2,5.2,5.4,9938544662211.738
2023-01-28 00:00:00+00:00,5,5.279999999999999,5.9,57923800644497.8
2023-01-29 00:00:00+00:00,3,5.233333333333333,5.7,26377736015621.234
2023-01-30 00:00:00+00:00,4,5.1,5.3,12432320813105.707
2023-01-31 00:00:00+00:00,1,5.0,5.0,1995262314968.8828
2023-02-01 00:00:00+00:00,4,5.275,6.0,69904642009221.64
2023-02-02 00:00:00+00:00,2,5.0,5.0,3990524629937.7656
2023-02-03 00:00:00+00:00,5,5.04,5.2,11962120965410.516
2023-02-04 00:00:00+00:00,2,5.55,5.8,37246189853587.28
2023-02-05 00:00:00+00:00,2,5.65,5.8,42842961144703.445
2023-02-06 00:00:00+00:00,24,5.591666666666666,7.8,4.382931415844126e+16
2023-02-07 00:00:00+00:00,13,5.223076923076923,5.5,65204026758089.86
2023-02-08 00:00:00+00:00,6,5.166666666666667,5.5,27967636766433.605
2023-02-09 00:00:00+00:00,6,5.266666666666667,5.5,38015679610779.94
2023-02-10 00:00:00+00:00,4,5.125,5.3,13595009587376.242
2023-02-11 00:00:00+00:00,2,5.75,5.9,60517291139707.64
2023-02-12 00:00:00+00:00,4,5.05,5.1,9627290492466.664
2023-02-13 00:00:00+00:00,4,5.35,6.1,97919810765142.72
2023-02-14 00:00:00+00:00,3,5.333333333333333,5.6,23811075335681.08
2023-02-15 00:00:00+00:00,10,5.279999999999999,6.1,138362756215835.38
2023-02-16 00:00:00+00:00,6,5.3,5.6,41353334187160.7
2023-02-17 00:00:00+00:00,4,5.4,6.1,100724841085781.77
2023-02-18 00:00:00+00:00,5,5.32,5.7,41930241005333.68
2023-02-19 00:00:00+00:00,5,5.12,5.3,17232613448713.63
2023-02-20 00:00:00+00:00,6,5.3500000000000005,6.3,199838104813649.12
2023-02-21 00:00:00+00:00,5,5.16,5.4,19556382230275.62
2023-02-22 00:00:00+00:00,2,5.3,5.6,17844194239579.992
2023-02-23 00:00:00+00:00,8,5.5625,6.9,1621961273330021.8
2023-02-24 00:00:00+00:00,1,5.0,5.0,1995262314968.8828
2023-02-25 00:00:00+00:00,7,5.357142857142857,6.2,201773517209142.66
2023-02-26 00:00:00+00:00,3,5.033333333333333,5.1,6808907561202.215
2023-02-27 00:00:00+00:00,6,5.266666666666667,5.6,39844905124934.06
2023-02-28 00:00:00+00:00,7,5.1571428571428575,5.4,26695405025050.023
2023-03-01 00:00:00+00:00,6,5.366666666666667,6.6,521211588046462.2
2023-03-02 00:00:00+00:00,8,5.45,6.5,416344672367781.25
2023-03-03 00:00:00+00:00,8,5.2625,5.9,73825326716588.0
2023-03-04 00:00:00+00:00,4,5.525,6.9,1420509140958234.0
2023-03-05 00:00:00+00:00,4,5.35,5.8,45202824811455.55
2023-03-06 00:00:00+00:00,4,5.25,5.8,39594372937156.55
2023-03-07 00:00:00+00:00,9,5.411111111111111,5.9,133989697087695.27
2023-03-08 00:00:00+00:00,3,5.6000000000000005,5.8,55414990873537.76
2023-03-09 00:00:00+00:00,1,5.1,5.1,2818382931264.449
2023-03-10 00:00:00+00:00,4,5.125,5.4,14752189908445.07
2023-03-11 00:00:00+00:00,4,5.3,5.5,24805741205993.113
2023-03-12 00:00:00+00:00,3,5.266666666666667,5.6,21485697787140.008
2023-03-13 00:00:00+00:00,1,5.2,5.2,3981071705534.9854
2023-03-14 00:00:00+00:00,4,5.675,6.3,208211592437174.44
2023-03-15 00:00:00+00:00,1,5.4,5.4,7943282347242.8545
2023-03-16 00:00:00+00:00,7,5.3999999999999995,7.0,2014837558262985.5
2023-03-17 00:00:00+00:00,4,5.075,5.3,11609200196810.14
2023-03-18 00:00:00+00:00,2,5.9,6.8,1001995262314968.9
2023-03-19 00:00:00+00:00,2,5.2,5.4,9938544662211.738
2023-03-20 00:00:00+00:00,1,5.1,5.1,2818382931264.449
2023-03-21 00:00:00+00:00,6,5.55,6.5,399079024264730.3
2023-03-22 00:00:00+00:00,9,5.477777777777778,6.4,334550827057440.56
2023-03-23 00:00:00+00:00,4,5.325,5.7,34810079274386.395
2023-03-24 00:00:00+00:00,4,5.4,5.7,45854818877166.95
2023-03-25 00:00:00+00:00,1,5.0,5.0,1995262314968.8828
2023-03-26 00:00:00+00:00,3,5.2,5.4,13580048209771.754
2023-03-27 00:00:00+00:00,3,5.566666666666666,6.2,139107988037405.67
2023-03-28 00:00:00+00:00,5,5.26,6.0,73885713714756.62
2023-03-29 00:00:00+00:00,1,5.3,5.3,5623413251903.491
2023-03-30 00:00:00+00:00,1,6.3,6.3,177827941003892.28
2023-03-31 00:00:00+00:00,3,5.366666666666667,5.6,25453416882049.586
2023-04-01 00:00:00+00:00,1,5.1,5.1,2818382931264.449
2023-04-02 00:00:00+00:00,3,6.033333333333334,7.0,2022331431436513.5
2023-04-03 00:00:00+00:00,9,5.466666666666667,6.5,482792244651630.5
2023-04-04 00:00:00+00:00,7,5.542857142857143,6.3,362317910690555.44
2023-04-05 00:00:00+00:00,1,5.1,5.1,2818382931264.449
2023-04-06 00:00:00+00:00,3,5.133333333333333,5.2,9617837568063.883
2023-04-07 00:00:00+00:00,2,5.4,5.8,33618038916652.676
2023-04-08 00:00:00+00:00,2,5.3,5.3,11246826503806.982
2023-04-09 00:00:00+00:00,8,5.45,5.8,105663665056676.8
2023-04-10 00:00:00+00:00,8,5.175,5.8,51687125592287.28
2023-04-11 00:00:00+00:00,2,5.3,5.6,17844194239579.992
2023-04-12 00:00:00+00:00,4,5.075,5.3,11609200196810.14
2023-04-13 00:00:00+00:00,4,5.4,6.0,75518602336722.36
2023-04-14 00:00:00+00:00,5,5.58,7.0,2015962524909602.0
2023-04-15 00:00:00+00:00,3,5.466666666666666,5.9,57883806073085.06
2023-04-16 00:00:00+00:00,1,5.2,5.2,3981071705534.9854
2023-04-17 00:00:00+00:00,4,5.2,5.4,17561119915306.738
2023-04-18 00:00:00+00:00,3,5.766666666666667,6.7,725789978623720.2
2023-04-19 00:00:00+00:00,3,5.533333333333334,6.3,184627395640691.72
2023-04-20 00:00:00+00:00,1,5.4,5.4,7943282347242.8545
2023-04-21 00:00:00+00:00,6,5.383333333333333,5.9,86247351479272.4
2023-04-22 00:00:00+00:00,9,5.455555555555556,6.2,214295566293831.44
2023-04-23 00:00:00+00:00,6,5.2,5.4,26822137028547.617
2023-04-24 00:00:00+00:00,10,5.57,7.1,5679778171667474.0
2023-04-25 00:00:00+00:00,4,5.375,5.6,33396699229292.44
2023-04-26 00:00:00+00:00,4,5.25,5.7,30842360179476.816
2023-04-27 00:00:00+00:00,4,5.125,5.3,13255441429401.273
2023-04-28 00:00:00+00:00,9,5.677777777777778,6.6,656951176814746.8
2023-04-29 00:00:00+00:00,3,5.1000000000000005,5.2,8794716951768.317
2023-04-30 00:00:00+00:00,1,5.2,5.2,3981071705534.9854
2023-05-01 00:00:00+00:00,9,5.288888888888889,5.9,86195600457811.84
2023-05-02 00:00:00+00:00,4,5.35,5.5,30882165269207.246
2023-05-03 00:00:00+00:00,5,5.18,5.4,21538291934619.098
2023-05-04 00:00:00+00:00,3,5.166666666666667,5.4,12756927593476.188
2023-05-05 00:00:00+00:00,6,5.566666666666666,6.2,207072409489969.22
2023-05-06 00:00:00+00:00,3,5.066666666666666,5.1,7632028177497.781
2023-05-07 00:00:00+00:00,2,5.2,5.2,7962143411069.971
2023-05-08 00:00:00+00:00,3,5.3999999999999995,5.9,51467813851895.97
2023-05-09 00:00:00+00:00,2,5.05,5.1,4813645246233.332
2023-05-10 00:00:00+00:00,5,5.58,7.6,1.5859721903877844e+16
2023-05-11 00:00:00+00:00,5,5.296,5.8,50065658417665.53
2023-05-12 00:00:00+00:00,5,5.172,5.5,22659149383017.71
2023-05-13 00:00:00+00:00,3,5.2,5.4,13919616367746.723
2023-05-14 00:00:00+00:00,13,5.184615384615385,5.8,80985474036949.92
2023-05-15 00:00:00+00:00,1,5.3,5.3,5623413251903.491
2023-05-16 00:00:00+00:00,2,5.15,5.3,7618675566872.374
2023-05-17 00:00:00+00:00,1,6.4,6.4,251188643150959.25
2023-05-18 00:00:00+00:00,2,5.15,5.2,6799454636799.435
2023-05-19 00:00:00+00:00,28,5.3428571428571425,7.7,2.258730357606108e+16
2023-05-20 00:00:00+00:00,18,5.338888888888889,7.1,3232369489477979.0
2023-05-21 00:00:00+00:00,9,5.597777777777778,6.8,1154261572922770.8
2023-05-22 00:00:00+00:00,8,5.1125,5.4,26704857949452.805
2023-05-23 00:00:00+00:00,5,5.26,6.1,98752384305841.08
2023-05-24 00:00:00+00:00,4,5.475,6.2,143089059742940.66
2023-05-25 00:00:00+00:00,5,5.42,6.5,372842481337797.94
2023-05-26 00:00:00+00:00,4,5.575,6.1,158197162281897.72
2023-05-27 00:00:00+00:00,2,5.75,6.0,74315918991039.08
2023-05-28 00:00:00+00:00,5,5.26,5.6,31090182744578.484
2023-05-29 00:00:00+00:00,3,5.266666666666667,5.5,18019639179819.086
2023-05-30 00:00:00+00:00,2,5.65,5.8,42842961144703.445
2023-05-31 00:00:00+00:00,7,5.471428571428571,6.3,248134614965680.28
2023-06-01 00:00:00+00:00,2,5.25,5.4,10761665278507.305
2023-06-02 00:00:00+00:00,4,5.1499999999999995,5.3,14078562045696.84
2023-06-03 00:00:00+00:00,11,5.236363636363636,5.8,83410941628201.25
2023-06-04 00:00:00+00:00,4,5.15,5.3,14418130203671.809
2023-06-05 00:00:00+00:00,4,5.325,5.8,43222523874091.15
2023-06-06 00:00:00+00:00,2,5.15,5.2,6799454636799.435
2023-06-07 00:00:00+00:00,3,5.266666666666667,5.6,21485697787140.008
2023-06-08 00:00:00+00:00,4,5.4,5.7,50750756791870.805
2023-06-09 00:00:00+00:00,3,5.633333333333333,5.9,72678983852683.48
2023-06-10 00:00:00+00:00,1,5.7,5.7,22387211385683.47
2023-06-11 00:00:00+00:00,5,5.5200000000000005,6.2,169458532897705.9
2023-06-12 00:00:00+00:00,1,5.0,5.0,1995262314968.8828
2023-06-13 00:00:00+00:00,8,5.2375,5.4,37932778604454.23
2023-06-14 00:00:00+00:00,1,5.5,5.5,11220184543019.652
2023-06-15 00:00:00+00:00,5,5.86,7.2,4124512014019084.0
2023-06-16 00:00:00+00:00,7,5.514285714285714,6.2,238640144333342.25
2023-06-17 00:00:00+00:00,10,5.43,6.1,174805956751648.3
2023-06-18 00:00:00+00:00,12,5.408333333333334,6.4,406208489512192.75
2023-06-19 00:00:00+00:00,7,5.371428571428572,6.2,160140675013235.06
2023-06-20 00:00:00+00:00,7,5.257142857142857,5.7,50020788447343.81
2023-06-21 00:00:00+00:00,2,5.35,5.5,15201256248554.637
2023-06-22 00:00:00+00:00,3,5.1000000000000005,5.2,8794716951768.317
2023-06-23 00:00:00+00:00,8,5.4,5.6,75856228357021.97
2023-06-25 00:00:00+00:00,5,5.44,6.2,147755439894406.72
2023-06-26 00:00:00+00:00,2,5.2,5.2,7962143411069.971
2023-06-27 00:00:00+00:00,2,5.4,5.8,33618038916652.676
2023-06-28 00:00:00+00:00,3,5.333333333333333,5.5,21981849821526.957
2023-06-29 00:00:00+00:00,2,5.1,5.2,5976334020503.868
2023-06-30 00:00:00+00:00,3,5.3,5.9,48658883845034.3
2023-07-01 00:00:00+00:00,3,5.3999999999999995,5.9,52287034781968.91
2023-07-02 00:00:00+00:00,5,5.5600000000000005,6.9,1437181193499140.8
2023-07-03 00:00:00+00:00,6,5.3500000000000005,5.7,50019116419901.25
2023-07-04 00:00:00+00:00,3,5.5,5.9,55915185718903.516
2023-07-05 00:00:00+00:00,1,5.1,5.1,2818382931264.449
2023-07-06 00:00:00+00:00,5,5.42,5.9,86728194314917.16
2023-07-07 00:00:00+00:00,2,5.05,5.1,4813645246233.332
2023-07-08 00:00:00+00:00,2,5.35,5.6,18667314855875.56
2023-07-09 00:00:00+00:00,8,5.3,5.7,59949880185152.766
2023-07-10 00:00:00+00:00,3,5.733333333333333,6.6,519031427866851.44
2023-07-11 00:00:00+00:00,3,5.133333333333333,5.3,10437058498136.824
2023-07-12 00:00:00+00:00,1,5.0,5.0,1995262314968.8828
2023-07-13 00:00:00+00:00,4,5.15,5.3,14418130203671.809
2023-07-14 00:00:00+00:00,4,5.4,6.3,187441878885733.53
2023-07-15 00:00:00+00:00,1,5.0,5.0,1995262314968.8828
2023-07-16 00:00:00+00:00,4,5.825,7.2,4019493936773468.5
2023-07-17 00:00:00+00:00,4,5.65,6.6,526974710214094.3
2023-07-18 00:00:00+00:00,1,5.6,5.6,15848931924611.11
2023-07-19 00:00:00+00:00,7,5.314285714285715,6.5,373565511911383.25
2023-07-20 00:00:00+00:00,2,5.1,5.2,5976334020503.868
2023-07-21 00:00:00+00:00,1,5.7,5.7,22387211385683.47
2023-07-23 00:00:00+00:00,1,5.1,5.1,2818382931264.449
2023-07-24 00:00:00+00:00,3,5.466666666666666,6.0,73034279110231.17
2023-07-25 00:00:00+00:00,6,5.316666666666666,5.6,50550076569739.66
2023-07-26 00:00:00+00:00,7,5.3,6.4,270420418600864.4
2023-07-27 00:00:00+00:00,8,5.25,5.5,45162483302514.56
2023-07-28 00:00:00+00:00,7,5.457142857142857,5.9,123710894493413.0
2023-07-29 00:00:00+00:00,2,5.2,5.4,9938544662211.738
2023-07-30 00:00:00+00:00,4,5.275,5.7,32344617111722.32
2023-08-01 00:00:00+00:00,5,5.34,5.7,50169950287475.195
2023-08-02 00:00:00+00:00,3,5.433333333333334,5.8,41227261559122.266
2023-08-03 00:00:00+00:00,3,5.533333333333334,5.9,63335674070972.09
2023-08-04 00:00:00+00:00,2,5.55,5.6,27069116467630.76
2023-08-05 00:00:00+00:00,7,5.428571428571429,6.2,179876730332015.6
2023-08-06 00:00:00+00:00,9,5.355555555555556,5.7,74798215665107.03
2023-08-07 00:00:00+00:00,3,5.2,5.6,19839456554548.875
2023-08-08 00:00:00+00:00,2,5.8,6.1,100345278356394.06
2023-08-09 00:00:00+00:00,3,5.6000000000000005,5.8,59633401239270.75
2023-08-10 00:00:00+00:00,5,5.12,5.2,15594171588567.752
2023-08-11 00:00:00+00:00,1,5.9,5.9,44668359215096.53
2023-08-12 00:00:00+00:00,1,5.0,5.0,1995262314968.8828
2023-08-13 00:00:00+00:00,3,5.3999999999999995,5.7,33148876664190.773
2023-08-14 00:00:00+00:00,4,5.6,6.1,159839503828266.22
2023-08-15 00:00:00+00:00,2,5.25,5.5,13215446857988.535
2023-08-16 00:00:00+00:00,5,5.4799999999999995,6.5,376470632274732.5
2023-08-17 00:00:00+00:00,5,5.64,6.1,178831425464512.25
2023-08-18 00:00:00+00:00,4,5.375,5.7,40269038395138.06
2023-08-19 00:00:00+00:00,2,5.2,5.4,9938544662211.738
2023-08-20 00:00:00+00:00,3,5.326666666666667,5.7,28998551083113.836
2023-08-21 00:00:00+00:00,2,5.300000000000001,5.4,11924354052777.84
2023-08-23 00:00:00+00:00,3,5.5,6.2,132691995816216.58
2023-08-24 00:00:00+00:00,3,5.266666666666667,5.8,35613301231621.56
2023-08-25 00:00:00+00:00,5,5.16,5.5,22010163809756.85
2023-08-26 00:00:00+00:00,2,5.1,5.1,5636765862528.898
2023-08-27 00:00:00+00:00,2,5.35,5.7,24382473700652.35
2023-08-28 00:00:00+00:00,5,5.720000000000001,7.1,2859609002760024.5
2023-08-29 00:00:00+00:00,3,5.533333333333334,5.9,59869615463651.17
2023-08-30 00:00:00+00:00,7,5.128571428571428,5.3,23692499927538.094
2023-08-31 00:00:00+00:00,2,5.25,5.4,10761665278507.305
2023-09-01 00:00:00+00:00,3,5.466666666666666,6.1,96743769380246.78
2023-09-02 00:00:00+00:00,1,5.3,5.3,5623413251903.491
2023-09-03 00:00:00+00:00,3,5.2,5.5,16033829789252.984
2023-09-04 00:00:00+00:00,3,5.033333333333333,5.1,6808907561202.215
2023-09-05 00:00:00+00:00,5,5.34,5.8,61642016164865.05
2023-09-06 00:00:00+00:00,1,6.3,6.3,177827941003892.28
2023-09-07 00:00:00+00:00,3,5.166666666666667,5.3,11260179114432.39
2023-09-08 00:00:00+00:00,10,5.55,6.8,1567411064831373.5
2023-09-09 00:00:00+00:00,4,5.6,6.0,112562705289283.22
2023-09-10 00:00:00+00:00,3,5.2,5.3,13242088818775.865
2023-09-11 00:00:00+00:00,6,5.45,6.0,128598216087976.88
2023-09-12 00:00:00+00:00,6,5.283333333333333,6.2,141143244923787.28
2023-09-13 00:00:00+00:00,6,5.233333333333333,6.1,101910335395080.48
2023-09-14 00:00:00+00:00,6,5.266666666666667,5.6,43310963732254.984
2023-09-15 00:00:00+00:00,6,5.1499999999999995,5.7,34009764193119.016
2023-09-16 00:00:00+00:00,4,5.125,5.5,17205971487926.3
2023-09-17 00:00:00+00:00,3,5.233333333333333,5.5,16856950405548.55
2023-09-18 00:00:00+00:00,4,5.475,6.3,193861770793145.25
2023-09-19 00:00:00+00:00,3,5.5,5.8,46824032850238.43
2023-09-20 00:00:00+00:00,6,5.45,5.9,107473064154232.11
2023-09-21 00:00:00+00:00,5,5.5600000000000005,6.1,137299781785880.72
2023-09-22 00:00:00+00:00,5,5.26,5.8,46374966510128.86
2023-09-23 00:00:00+00:00,1,5.3,5.3,5623413251903.491
2023-09-24 00:00:00+00:00,2,5.1,5.2,5976334020503.868
2023-09-26 00:00:00+00:00,3,5.5,5.9,56592713267874.375
2023-09-27 00:00:00+00:00,4,5.275,5.6,31059641097568.527
2023-09-28 00:00:00+00:00,5,5.5200000000000005,6.1,147125606430679.44
2023-09-29 00:00:00+00:00,5,5.18,5.6,26638911191348.31
2023-09-30 00:00:00+00:00,1,5.8,5.8,31622776601683.793
2023-10-01 00:00:00+00:00,1,5.3,5.3,5623413251903.491
2023-10-02 00:00:00+00:00,5,5.16,5.3,19218422839279.734
2023-10-03 00:00:00+00:00,10,5.38,6.0,157901588654679.75
2023-10-04 00:00:00+00:00,16,5.36875,6.4,365811364992488.75
2023-10-05 00:00:00+00:00,13,5.338461538461539,6.1,177319568298177.12
2023-10-06 00:00:00+00:00,7,5.314285714285715,6.1,117915851196103.58
2023-10-07 00:00:00+00:00,17,5.652941176470588,6.9,2646088386800876.5
2023-10-08 00:00:00+00:00,6,5.3,5.9,66206651149715.625
2023-10-09 00:00:00+00:00,4,5.1,5.3,12432320813105.707
2023-10-10 00:00:00+00:00,3,5.7,6.0,90164850915650.19
2023-10-11 00:00:00+00:00,7,5.5,6.3,388009952043909.6
2023-10-12 00:00:00+00:00,4,5.25,5.6,25466769492674.992
2023-10-13 00:00:00+00:00,5,5.3,5.9,60243669739837.164
2023-10-14 00:00:00+00:00,3,5.433333333333334,5.7,36425778859967.57
2023-10-15 00:00:00+00:00,4,5.55,6.3,195375708308573.62
2023-10-16 00:00:00+00:00,5,5.5,6.4,283533260262681.56
2023-10-17 00:00:00+00:00,6,5.283333333333333,5.6,41487246671302.57
2023-10-18 00:00:00+00:00,3,5.266666666666667,5.5,18019639179819.086
2023-10-19 00:00:00+00:00,4,5.325,5.9,55105417713233.35
2023-10-20 00:00:00+00:00,3,5.266666666666667,5.7,27200856631916.8
2023-10-21 00:00:00+00:00,2,5.15,5.2,6799454636799.435
2023-10-22 00:00:00+00:00,5,5.16,5.5,22010163809756.85
2023-10-23 00:00:00+00:00,6,5.433333333333334,6.0,124502092962127.12
2023-10-24 00:00:00+00:00,3,5.2,5.4,13919616367746.723
2023-10-25 00:00:00+00:00,4,5.175,5.2,14761598047869.406
2023-10-26 00:00:00+00:00,9,5.466666666666667,5.9,143072925934643.94
2023-10-27 00:00:00+00:00,2,5.3,5.6,17844194239579.992
2023-10-28 00:00:00+00:00,9,5.355555555555556,5.6,73513239650953.23
2023-10-29 00:00:00+00:00,4,5.3,6.0,70727762625517.2
2023-10-30 00:00:00+00:00,3,5.166666666666667,5.4,12756927593476.188
2023-10-31 00:00:00+00:00,6,5.566666666666666,6.6,866451033969609.8
2023-11-01 00:00:00+00:00,6,5.283333333333333,6.1,105538486332015.1
2023-11-02 00:00:00+00:00,2,5.4,5.7,25205594316947.918
2023-11-03 00:00:00+00:00,6,5.3,5.7,57206743584472.64
2023-11-05 00:00:00+00:00,2,5.4,5.7,25205594316947.918
2023-11-06 00:00:00+00:00,6,5.233333333333333,5.5,31261727998594.953
2023-11-07 00:00:00+00:00,6,5.316666666666666,5.5,40348838056281.23
2023-11-08 00:00:00+00:00,10,5.7,7.1,4271341016797812.0
2023-11-09 00:00:00+00:00,4,5.175,5.4,16398431141036.203
2023-11-10 00:00:00+00:00,13,5.361538461538462,6.1,214078593981421.8
2023-11-11 00:00:00+00:00,2,5.65,5.7,38236143310294.58
2023-11-12 00:00:00+00:00,6,5.366666666666667,5.9,72292483352354.1
2023-11-13 00:00:00+00:00,3,5.7,6.1,117135718450961.38
2023-11-14 00:00:00+00:00,8,5.4375,6.1,168670042613838.56
2023-11-15 00:00:00+00:00,2,5.4,5.8,33618038916652.676
2023-11-16 00:00:00+00:00,2,5.05,5.1,4813645246233.332
2023-11-17 00:00:00+00:00,3,5.866666666666667,6.7,734314067475358.8
2023-11-18 00:00:00+00:00,1,5.5,5.5,11220184543019.652
2023-11-19 00:00:00+00:00,5,5.5,5.9,95129995926672.34
2023-11-20 00:00:00+00:00,2,5.05,5.1,4813645246233.332
2023-11-21 00:00:00+00:00,5,5.279999999999999,5.5,32397774812078.156
2023-11-22 00:00:00+00:00,3,5.8999999999999995,6.7,773036781147128.5
2023-11-23 00:00:00+00:00,3,5.166666666666667,5.3,11599747272407.36
2023-11-24 00:00:00+00:00,13,5.300000000000001,6.9,1462206318687986.8
2023-11-25 00:00:00+00:00,6,5.233333333333333,5.6,41325154341688.88
2023-11-26 00:00:00+00:00,3,5.266666666666667,5.4,16385078530410.795
2023-11-27 00:00:00+00:00,9,5.366666666666666,6.5,402611029630155.75
2023-11-28 00:00:00+00:00,7,5.228571428571429,5.8,59094261333730.45
2023-11-30 00:00:00+00:00,3,5.266666666666667,5.8,35613301231621.56
2023-12-01 00:00:00+00:00,5,5.0600000000000005,5.2,12785241581706.082
2023-12-02 00:00:00+00:00,62,5.377419354838709,7.6,1.6841439603530438e+16
2023-12-03 00:00:00+00:00,29,5.355172413793104,6.9,2119730267681810.8
2023-12-04 00:00:00+00:00,11,5.245454545454546,5.7,68067069587950.234
2023-12-05 00:00:00+00:00,14,5.368571428571428,5.8,147459256808169.1
2023-12-06 00:00:00+00:00,7,5.128571428571428,5.3,23692499927538.094
2023-12-07 00:00:00+00:00,11,5.445454545454545,7.1,2896633352633838.5
2023-12-08 00:00:00+00:00,12,5.2749999999999995,5.8,92186752731164.02
2023-12-09 00:00:00+00:00,10,5.16,5.7,49110930398963.39
2023-12-10 00:00:00+00:00,11,5.263636363636364,5.7,76310678556314.38
2023-12-11 00:00:00+00:00,9,5.311111111111111,6.2,175922782551163.72
2023-12-12 00:00:00+00:00,9,5.288888888888889,5.8,83299259206021.52
2023-12-13 00:00:00+00:00,4,5.325,5.5,27605263073430.445
2023-12-14 00:00:00+00:00,8,5.175,5.6,39735406942799.47
2023-12-15 00:00:00+00:00,1,5.9,5.9,44668359215096.53
2023-12-16 00:00:00+00:00,5,5.2,5.7,33996411582493.61
2023-12-17 00:00:00+00:00,2,5.35,5.6,18667314855875.56
2023-12-18 00:00:00+00:00,3,5.333333333333333,5.9,49482004461329.86
2023-12-19 00:00:00+00:00,6,5.1499999999999995,5.3,21217584840471.242
2023-12-20 00:00:00+00:00,2,5.9,6.2,141741473104028.25
2023-12-21 00:00:00+00:00,5,5.38,6.1,112945622073458.28
2023-12-22 00:00:00+00:00,4,5.4625,6.1,104618271681496.53
2023-12-23 00:00:00+00:00,6,5.316666666666666,5.8,60247497183598.2
2023-12-24 00:00:00+00:00,11,5.3545454545454545,5.9,144323345368065.66
2023-12-25 00:00:00+00:00,1,5.0,5.0,1995262314968.8828
2023-12-26 00:00:00+00:00,3,5.133333333333333,5.3,10437058498136.824
2023-12-27 00:00:00+00:00,7,5.242857142857143,5.8,54816762693296.805
2023-12-28 00:00:00+00:00,7,5.428571428571429,6.5,404012247128171.06
2023-12-29 00:00:00+00:00,7,5.185714285714285,5.7,39976645289220.11
2023-12-30 00:00:00+00:00,7,5.514285714285714,6.3,249061089515570.4
2023-12-31 00:00:00+00:00,2,5.199999999999999,5.3,8441796183167.94
2024-01-01 00:00:00+00:00,13,5.546153846153846,7.5,1.1443830756348436e+16
2024-01-02 00:00:00+00:00,3,5.133333333333334,5.4,11933806977180.621
2024-01-03 00:00:00+00:00,6,5.183333333333334,5.5,27633577061660.344
2024-01-04 00:00:00+00:00,2,5.35,5.7,24382473700652.35
2024-01-05 00:00:00+00:00,2,5.1,5.1,5636765862528.898
2024-01-06 00:00:00+00:00,2,5.55,5.6,27069116467630.76
2024-01-07 00:00:00+00:00,5,5.3,5.6,37506174965767.586
2024-01-08 00:00:00+00:00,3,5.633333333333333,6.7,713922118404644.1
2024-01-09 00:00:00+00:00,5,5.4399999999999995,5.9,75260028123749.92
2024-01-10 00:00:00+00:00,3,5.0,5.0,5985786944906.648
2024-01-11 00:00:00+00:00,2,5.800000000000001,6.4,255169714856494.25
2024-01-12 00:00:00+00:00,6,5.266666666666667,5.9,64220841759149.52
2024-01-13 00:00:00+00:00,1,5.2,5.2,3981071705534.9854
2024-01-14 00:00:00+00:00,1,5.1,5.1,2818382931264.449
2024-01-15 00:00:00+00:00,7,5.085714285714286,5.2,19584696218505.516
2024-01-17 00:00:00+00:00,4,5.15,5.6,21834718869517.758
2024-01-18 00:00:00+00:00,5,5.62,6.4,306279027244126.5
2024-01-19 00:00:00+00:00,4,5.375,5.6,35510912650798.7
2024-01-20 00:00:00+00:00,6,5.7,6.6,725818806501904.2
2024-01-21 00:00:00+00:00,2,5.15,5.3,7618675566872.374
2024-01-22 00:00:00+00:00,11,5.490909090909091,7.0,2081976666610890.0
2024-01-23 00:00:00+00:00,7,5.3428571428571425,6.3,203007736486071.38
2024-01-24 00:00:00+00:00,9,5.1,5.3,27683024557475.86
2024-01-25 00:00:00+00:00,7,5.257142857142857,5.6,46621599011683.76
2024-01-26 00:00:00+00:00,2,5.25,5.4,10761665278507.305
2024-01-27 00:00:00+00:00,8,5.325,6.1,123405351963865.19
2024-01-28 00:00:00+00:00,2,5.8,6.5,357631772164840.5
2024-01-29 00:00:00+00:00,2,5.4,5.7,25205594316947.918
2024-01-30 00:00:00+00:00,2,5.05,5.1,4813645246233.332
2024-01-31 00:00:00+00:00,1,5.8,5.8,31622776601683.793
2024-02-01 00:00:00+00:00,3,5.033333333333333,5.1,6808907561202.215
2024-02-03 00:00:00+00:00,6,5.076666666666667,5.2,16063071113686.684
2024-02-04 00:00:00+00:00,2,5.25,5.4,10761665278507.305
2024-02-05 00:00:00+00:00,8,5.1375,5.4,29989541042189.816
2024-02-06 00:00:00+00:00,3,5.066666666666666,5.1,7632028177497.781
2024-02-07 00:00:00+00:00,6,5.1000000000000005,5.4,19905403312653.37
2024-02-08 00:00:00+00:00,3,5.033333333333333,5.1,6808907561202.215
2024-02-09 00:00:00+00:00,3,5.66,6.1,132807294475376.92
2024-02-10 00:00:00+00:00,2,5.6,5.8,39566058948926.65
2024-02-11 00:00:00+00:00,1,5.4,5.4,7943282347242.8545
2024-02-12 00:00:00+00:00,5,5.4,6.1,108668123433024.62
2024-02-13 00:00:00+00:00,2,5.05,5.1,4813645246233.332
2024-02-14 00:00:00+00:00,7,5.528571428571429,6.0,144897869476602.75
2024-02-15 00:00:00+00:00,6,5.083333333333333,5.2,16426745129266.098
2024-02-16 00:00:00+00:00,1,5.2,5.2,3981071705534.9854
2024-02-18 00:00:00+00:00,4,5.324999999999999,5.6,32705882330159.66
2024-02-19 00:00:00+00:00,6,5.033333333333333,5.1,13617815122404.43
2024-02-20 00:00:00+00:00,2,5.05,5.1,4813645246233.332
2024-02-21 00:00:00+00:00,6,5.2,5.5,29613877999024.74
2024-02-22 00:00:00+00:00,2,5.15,5.2,6799454636799.435
2024-02-23 00:00:00+00:00,5,5.4399999999999995,6.3,196693443074571.62
2024-02-24 00:00:00+00:00,6,5.083333333333333,5.3,17585534217314.008
2024-02-25 00:00:00+00:00,3,5.3999999999999995,5.6,27773285977388.95
2024-02-26 00:00:00+00:00,2,5.0,5.0,3990524629937.7656
2024-02-27 00:00:00+00:00,1,5.2,5.2,3981071705534.9854
2024-02-28 00:00:00+00:00,2,5.45,5.5,19163466890262.508
2024-02-29 00:00:00+00:00,7,5.142857142857143,5.4,25532716250779.49
2024-03-01 00:00:00+00:00,3,5.5,5.9,56592713267874.375
2024-03-02 00:00:00+00:00,3,5.333333333333333,5.8,37599110622187.664
2024-03-03 00:00:00+00:00,5,5.38,6.8,1008804169876171.1
2024-03-04 00:00:00+00:00,2,5.1,5.2,5976334020503.868
2024-03-05 00:00:00+00:00,6,5.3500000000000005,6.1,111146938206314.11
2024-03-06 00:00:00+00:00,6,5.05,5.2,14780503896674.965
2024-03-07 00:00:00+00:00,3,5.3999999999999995,5.6,33693126164191.1
2024-03-08 00:00:00+00:00,3,5.433333333333334,6.0,70714410014891.81
2024-03-09 00:00:00+00:00,1,5.4,5.4,7943282347242.8545
2024-03-10 00:00:00+00:00,4,5.0,5.0,7981049259875.531
2024-03-11 00:00:00+00:00,1,5.0,5.0,1995262314968.8828
2024-03-12 00:00:00+00:00,3,5.033333333333333,5.1,6808907561202.215
2024-03-13 00:00:00+00:00,8,5.3125,6.0,110307592888501.56
2024-03-14 00:00:00+00:00,6,5.466666666666666,6.2,163604371819017.8
2024-03-15 00:00:00+00:00,2,5.3,5.6,17844194239579.992
2024-03-16 00:00:00+00:00,3,5.5,5.9,55915185718903.516
2024-03-17 00:00:00+00:00,3,5.366666666666667,5.6,25453416882049.586
2024-03-18 00:00:00+00:00,2,5.199999999999999,5.3,8441796183167.94
2024-03-19 00:00:00+00:00,5,5.36,5.5,41279229195931.33
2024-03-20 00:00:00+00:00,3,5.3,5.6,23467607491483.484
2024-03-21 00:00:00+00:00,3,5.166666666666667,5.2,10780526342334.42
2024-03-22 00:00:00+00:00,4,5.6,6.4,274999718486640.34
2024-03-23 00:00:00+00:00,4,5.575,6.9,1422974603120898.0
2024-03-24 00:00:00+00:00,6,5.216666666666667,5.7,37981382974251.22
2024-03-25 00:00:00+00:00,4,5.35,5.5,30402512497109.273
2024-03-26 00:00:00+00:00,3,5.266666666666667,5.4,16385078530410.795
2024-03-27 00:00:00+00:00,5,5.46,6.4,276651512957411.62
2024-03-28 00:00:00+00:00,3,5.066666666666666,5.2,7971596335472.751
2024-03-29 00:00:00+00:00,8,5.25,5.8,67377111838948.27
2024-03-30 00:00:00+00:00,5,5.3,5.8,46864027421651.17
2024-03-31 00:00:00+00:00,5,5.3,5.9,62697451319318.4
2024-04-01 00:00:00+00:00,3,5.433333333333334,5.9,53110155398264.47
2024-04-02 00:00:00+00:00,3,6.266666666666667,7.4,8073155960127806.0
2024-04-03 00:00:00+00:00,27,5.2407407407407405,6.4,396969356004296.56
2024-04-04 00:00:00+00:00,9,5.188888888888888,6.1,111184705118946.77
2024-04-05 00:00:00+00:00,6,5.516666666666667,6.8,1044221930255201.2
2024-04-06 00:00:00+00:00,7,5.1000000000000005,5.4,22723786243917.82
2024-04-07 00:00:00+00:00,8,5.075,5.4,23556359784616.168
2024-04-08 00:00:00+00:00,3,5.133333333333333,5.2,9617837568063.883
2024-04-09 00:00:00+00:00,4,5.7,6.4,309072449224044.3
2024-04-10 00:00:00+00:00,5,5.14,5.4,18733261613980.055
2024-04-11 00:00:00+00:00,3,5.066666666666666,5.2,7971596335472.751
2024-04-12 00:00:00+00:00,2,5.4,5.8,33618038916652.676
2024-04-13 00:00:00+00:00,6,5.183333333333334,5.5,29130325540704.14
2024-04-14 00:00:00+00:00,2,5.9,6.5,360436802485479.56
2024-04-15 00:00:00+00:00,2,5.65,5.9,52611641562339.38
2024-04-16 00:00:00+00:00,4,5.1,5.4,13929069292149.504
2024-04-17 00:00:00+00:00,5,5.4399999999999995,6.3,200981932524092.56
2024-04-18 00:00:00+00:00,7,5.314285714285715,5.6,53240055470063.945
2024-04-19 00:00:00+00:00,3,5.433333333333334,5.7,34311565438461.31
2024-04-20 00:00:00+00:00,1,5.0,5.0,1995262314968.8828
2024-04-21 00:00:00+00:00,4,5.225,5.4,19203461461675.242
2024-04-22 00:00:00+00:00,27,5.28888888888889,6.1,324434135183608.44
2024-04-23 00:00:00+00:00,8,5.175,5.8,52026693750262.25
2024-04-24 00:00:00+00:00,8,5.275,5.4,44694511113599.43
2024-04-25 00:00:00+00:00,3,5.166666666666667,5.4,12756927593476.188
2024-04-26 00:00:00+00:00,7,5.3,5.8,70423380506007.95
2024-04-27 00:00:00+00:00,5,5.659999999999999,6.5,458003692482021.9
2024-04-28 00:00:00+00:00,2,5.1,5.2,5976334020503.868
2024-04-29 00:00:00+00:00,2,5.15,5.2,6799454636799.435
2024-04-30 00:00:00+00:00,5,5.279999999999999,5.5,30423646004694.9
2024-05-01 00:00:00+00:00,3,5.266666666666667,5.8,35613301231621.56
2024-05-02 00:00:00+00:00,9,5.211111111111111,5.5,43199434661998.2
2024-05-03 00:00:00+00:00,5,5.2,5.7,32837622494445.7
2024-05-04 00:00:00+00:00,2,5.300000000000001,5.4,11924354052777.84
2024-05-05 00:00:00+00:00,11,5.381818181818182,6.1,164276230247081.8
2024-05-06 00:00:00+00:00,5,5.220000000000001,5.6,29443941511987.35
2024-05-07 00:00:00+00:00,5,5.14,5.6,24653101800782.207
2024-05-08 00:00:00+00:00,4,5.475,6.1,105030519571687.23
2024-05-09 00:00:00+00:00,1,5.0,5.0,1995262314968.8828
2024-05-10 00:00:00+00:00,2,5.699999999999999,5.8,47471708526294.91
2024-05-11 00:00:00+00:00,2,5.05,5.1,4813645246233.332
2024-05-12 00:00:00+00:00,3,5.866666666666667,6.4,290754702099885.9
2024-05-13 00:00:00+00:00,5,5.220000000000001,5.3,22027352846141.402
2024-05-14 00:00:00+00:00,6,5.333333333333333,5.6,48581456215558.1
2024-05-15 00:00:00+00:00,5,5.24,5.6,30267062128282.918
2024-05-16 00:00:00+00:00,4,5.2,5.4,17900688073281.707
2024-05-17 00:00:00+00:00,1,5.8,5.8,31622776601683.793
2024-05-18 00:00:00+00:00,5,5.46,5.9,84252089164303.52
2024-05-19 00:00:00+00:00,6,5.333333333333333,6.0,87910928578415.33
2024-05-20 00:00:00+00:00,3,5.066666666666666,5.1,7632028177497.781
2024-05-21 00:00:00+00:00,7,5.314285714285715,5.7,54334247830209.49
2024-05-22 00:00:00+00:00,4,5.075,5.2,10789979266737.2
2024-05-23 00:00:00+00:00,4,5.3,5.6,31882761713864.094
2024-05-24 00:00:00+00:00,2,5.05,5.1,4813645246233.332
2024-05-25 00:00:00+00:00,4,5.375,6.3,185459969181390.06
2024-05-26 00:00:00+00:00,4,5.5,6.6,511624292125408.25
2024-05-27 00:00:00+00:00,4,5.125,5.2,12775788657303.303
2024-05-28 00:00:00+00:00,2,5.35,5.7,24382473700652.35
2024-05-29 00:00:00+00:00,3,5.3,5.5,21158729205231.39
2024-05-30 00:00:00+00:00,1,5.0,5.0,1995262314968.8828
2024-05-31 00:00:00+00:00,7,5.5,6.2,280409802940748.7
2024-06-01 00:00:00+00:00,4,5.3,5.9,53463076166864.85
2024-06-02 00:00:00+00:00,5,5.2,5.7,33177190652420.668
2024-06-03 00:00:00+00:00,4,5.275,5.9,52300387392594.31
2024-06-04 00:00:00+00:00,3,5.466666666666666,5.5,30383651433282.16
2024-06-05 00:00:00+00:00,6,5.233333333333333,5.5,34053468969072.07
2024-06-06 00:00:00+00:00,4,5.5,5.9,76994115262991.73
2024-06-07 00:00:00+00:00,5,5.2,5.4,22361412550914.664
2024-06-09 00:00:00+00:00,6,5.45,6.2,177475871511986.28
2024-06-10 00:00:00+00:00,3,5.066666666666666,5.2,7971596335472.751
2024-06-11 00:00:00+00:00,6,5.166666666666667,5.2,21561052684668.84
2024-06-12 00:00:00+00:00,2,5.75,5.8,54009987987367.266
2024-06-13 00:00:00+00:00,4,5.05,5.1,9627290492466.664
2024-06-14 00:00:00+00:00,7,5.385714285714286,5.9,110875010364812.16
2024-06-15 00:00:00+00:00,3,5.5,5.6,35012398814873.617
2024-06-16 00:00:00+00:00,2,6.0,6.0,126191468896038.86
2024-06-17 00:00:00+00:00,4,5.425,5.6,41302348806660.695
2024-06-18 00:00:00+00:00,5,5.279999999999999,5.8,49651868705905.66
2024-06-19 00:00:00+00:00,1,5.3,5.3,5623413251903.491
2024-06-20 00:00:00+00:00,1,5.0,5.0,1995262314968.8828
2024-06-21 00:00:00+00:00,3,5.166666666666667,5.5,15210709172957.418
2024-06-22 00:00:00+00:00,3,5.166666666666667,5.2,10780526342334.42
2024-06-23 00:00:00+00:00,5,5.3,6.0,76690744035395.67
2024-06-24 00:00:00+00:00,3,5.6000000000000005,6.3,188589606282399.6
2024-06-25 00:00:00+00:00,4,5.15,5.4,15575310524740.637
2024-06-26 00:00:00+00:00,2,5.35,5.6,18667314855875.56
2024-06-27 00:00:00+00:00,3,5.3999999999999995,5.9,52287034781968.91
2024-06-28 00:00:00+00:00,4,5.725,7.2,4007449441550606.5
2024-06-29 00:00:00+00:00,5,5.42,6.1,116907832715166.12
2024-06-30 00:00:00+00:00,2,5.2,5.2,7962143411069.971
2024-07-01 00:00:00+00:00,40,4.29,5.3,22253254358465.395
2024-07-02 00:00:00+00:00,58,4.131896551724138,5.0,18525411668074.457
2024-07-03 00:00:00+00:00,47,4.281276595744681,5.3,35016563061507.633
2024-07-04 00:00:00+00:00,50,4.2314,5.7,41242519699064.93
2024-07-05 00:00:00+00:00,45,4.406000000000001,5.3,23043989392444.016
2024-07-06 00:00:00+00:00,46,4.148260869565218,5.5,25472301190763.996
2024-07-07 00:00:00+00:00,38,4.217368421052631,6.2,155191340740755.16
2024-07-08 00:00:00+00:00,49,4.2122448979591836,5.4,32719254119914.543
2024-07-09 00:00:00+00:00,36,4.161388888888889,5.2,17733989759826.094
2024-07-10 00:00:00+00:00,54,4.278518518518518,6.6,527497078761235.44
2024-07-11 00:00:00+00:00,43,4.343953488372093,7.1,3092282949390587.5
2024-07-12 00:00:00+00:00,60,4.309333333333333,5.8,122810627725278.11
2024-07-13 00:00:00+00:00,51,3.9790196078431372,5.6,33021158320744.535
2024-07-14 00:00:00+00:00,44,4.205909090909091,5.2,17696050998005.91
2024-07-15 00:00:00+00:00,39,4.2784615384615385,5.7,42564683633861.54
2024-07-16 00:00:00+00:00,41,4.220975609756097,5.3,23720732859589.934
2024-07-17 00:00:00+00:00,31,3.9029032258064515,4.6,3682767940700.3486
2024-07-18 00:00:00+00:00,34,4.233235294117647,5.6,31809927216103.887
2024-07-19 00:00:00+00:00,60,4.2011666666666665,7.4,8026837974416706.0
2024-07-20 00:00:00+00:00,36,4.362222222222222,5.3,22929050933112.484
2024-07-21 00:00:00+00:00,42,4.2457142857142856,6.2,150939177577866.72
2024-07-22 00:00:00+00:00,57,4.368245614035088,6.1,170125548689146.8
2024-07-23 00:00:00+00:00,53,4.02188679245283,5.2,18221732230161.875
2024-07-24 00:00:00+00:00,52,3.996153846153846,5.2,18322704712015.36
2024-07-25 00:00:00+00:00,57,4.128771929824562,5.7,66711579909322.65
2024-07-26 00:00:00+00:00,46,4.043043478260869,5.1,11761712968865.879
2024-07-27 00:00:00+00:00,41,4.2682926829268295,5.3,22510921916670.344
2024-07-28 00:00:00+00:00,48,4.18375,5.4,35454822145896.195
2024-07-29 00:00:00+00:00,49,4.257755102040816,6.0,107642511684946.3
2024-07-30 00:00:00+00:00,49,4.154285714285714,5.1,15763948852545.275
2024-07-31 00:00:00+00:00,48,4.182708333333333,5.7,45168936767613.72
2024-08-01 00:00:00+00:00,47,4.125957446808511,5.6,31711125401400.008
2024-08-02 00:00:00+00:00,59,4.40542372881356,6.8,1038303886124755.6
2024-08-03 00:00:00+00:00,66,4.307878787878788,6.3,206004145561759.66
2024-08-04 00:00:00+00:00,42,4.116428571428572,5.5,23384491861757.723
2024-08-05 00:00:00+00:00,43,4.194418604651163,5.4,27663960708648.555
2024-08-06 00:00:00+00:00,28,4.215357142857143,5.6,34531226241854.652
2024-08-07 00:00:00+00:00,72,3.999861111111111,5.22,22242418958162.11
2024-08-08 00:00:00+00:00,48,4.243333333333333,7.1,2842143624182237.5
2024-08-09 00:00:00+00:00,53,4.312641509433962,5.9,83947748915452.22
2024-08-10 00:00:00+00:00,41,4.247804878048781,6.5,368518609511773.2
2024-08-11 00:00:00+00:00,34,3.8817647058823526,4.9,6088282340373.421
2024-08-12 00:00:00+00:00,41,4.152926829268293,5.2,15274025166126.64
2024-08-13 00:00:00+00:00,37,4.116486486486487,5.1,10619241669485.086
2024-08-14 00:00:00+00:00,54,4.187777777777778,5.2,21668102878002.965
2024-08-15 00:00:00+00:00,54,4.119074074074074,6.1,112818801458483.03
2024-08-16 00:00:00+00:00,48,4.243125,5.0,16694257084081.84
2024-08-17 00:00:00+00:00,48,4.3375,7.0,2039791300142215.2
2024-08-18 00:00:00+00:00,54,4.231111111111111,5.2,21097064013982.727
2024-08-19 00:00:00+00:00,38,4.325526315789474,5.7,36413973120693.195
2024-08-20 00:00:00+00:00,52,4.094038461538461,5.1,18252049329977.086
2024-08-21 00:00:00+00:00,54,4.410555555555555,5.5,45316544477782.555
2024-08-22 00:00:00+00:00,52,4.2625,5.1,23033100638097.844
2024-08-23 00:00:00+00:00,57,4.26,5.5,40836544701447.29
2024-08-24 00:00:00+00:00,36,4.256388888888889,5.0,12720298067464.562
2024-08-25 00:00:00+00:00,35,4.410285714285715,6.9,1491912608916995.5
2024-08-26 00:00:00+00:00,46,4.191304347826088,5.8,60436422123478.13
2024-08-27 00:00:00+00:00,41,4.238536585365853,5.8,46203934121126.336
2024-08-28 00:00:00+00:00,38,4.229736842105263,6.1,102134178080437.05
2024-08-29 00:00:00+00:00,30,4.171,5.4,20332266261016.375
2024-08-30 00:00:00+00:00,35,4.33,6.0,90230422920216.58
2024-08-31 00:00:00+00:00,43,4.087209302325581,5.0,12286330974757.352
2024-09-01 00:00:00+00:00,40,4.365,6.4,283009838877691.3
2024-09-02 00:00:00+00:00,45,3.8942222222222225,5.3,15296723735282.166
2024-09-03 00:00:00+00:00,48,4.159375,5.3,27702897695839.645
2024-09-04 00:00:00+00:00,33,4.232424242424242,5.4,19124572659588.367
2024-09-05 00:00:00+00:00,48,4.172291666666667,6.2,178086308158909.5
2024-09-06 00:00:00+00:00,49,4.209387755102041,5.7,48772627494496.73
2024-09-07 00:00:00+00:00,46,4.2341304347826085,5.8,55352415125603.734
2024-09-08 00:00:00+00:00,45,4.217777777777778,5.4,37055961441847.586
2024-09-09 00:00:00+00:00,43,4.1830232558139535,5.4,24239351780661.582
2024-09-10 00:00:00+00:00,53,4.2692452830188685,5.7,51085380705449.016
2024-09-11 00:00:00+00:00,55,4.295272727272727,6.3,253764446558260.66
2024-09-12 00:00:00+00:00,44,4.136192481677418,5.2,18433925450254.867
2024-09-13 00:00:00+00:00,54,4.37037037037037,5.7,44670255696304.49
2024-09-14 00:00:00+00:00,51,4.078039215686275,5.5,26350052389752.508
2024-09-15 00:00:00+00:00,61,4.248360655737705,6.5,388073725943204.7
2024-09-16 00:00:00+00:00,47,4.294893617021276,6.3,216051899586658.06
2024-09-17 00:00:00+00:00,45,4.301777777777778,5.1,24147922248240.562
2024-09-18 00:00:00+00:00,51,4.1601960784313725,5.7,43475164469283.2
2024-09-19 00:00:00+00:00,40,4.325,5.5,35135087472456.09
2024-09-20 00:00:00+00:00,47,4.172978723404255,5.1,16060174777424.748
2024-09-21 00:00:00+00:00,47,4.122765957446808,6.0,97680830013214.88
2024-09-22 00:00:00+00:00,62,4.174516129032258,5.4,30367584292771.69
2024-09-23 00:00:00+00:00,47,4.282978723404256,6.0,101541166054739.77
2024-09-24 00:00:00+00:00,37,4.285675675675676,5.4,25674418397486.164
2024-09-25 00:00:00+00:00,40,4.22225,5.3,21179836223167.47
2024-09-26 00:00:00+00:00,38,4.160789473684211,6.3,199696863068755.12
2024-09-27 00:00:00+00:00,56,4.330357142857143,5.2,37099327768896.19
2024-09-28 00:00:00+00:00,54,4.1000000000000005,5.2,20815033397694.39
2024-09-29 00:00:00+00:00,31,4.166129032258064,5.2,12010679419074.055
2024-09-30 00:00:00+00:00,30,4.187333333333333,5.9,50532501455500.24
2024-10-01 00:00:00+00:00,62,4.317096774193549,6.6,663197013941614.4
2024-10-02 00:00:00+00:00,53,4.094905660377359,5.3,19812512913447.832
2024-10-03 00:00:00+00:00,46,4.097391304347826,5.2,23680204648809.94
2024-10-04 00:00:00+00:00,52,4.085384615384616,5.3,23422985105534.855
2024-10-05 00:00:00+00:00,68,4.234117647058824,5.4,35631135620161.45
2024-10-06 00:00:00+00:00,71,4.158732394366197,5.6,46076972748284.42
2024-10-07 00:00:00+00:00,49,4.2,5.8,59569289367747.43
2024-10-08 00:00:00+00:00,49,4.201428571428572,5.7,37576991144851.56
2024-10-09 00:00:00+00:00,41,3.914390243902439,5.2,13301715830414.193
2024-10-10 00:00:00+00:00,37,4.1113513513513515,5.4,22425075213713.492
2024-10-11 00:00:00+00:00,47,4.079574468085107,5.0,14084248357540.654
2024-10-12 00:00:00+00:00,57,4.2917543859649125,6.2,162542010563782.56
2024-10-13 00:00:00+00:00,38,4.178947368421053,5.5,29030569634212.66
2024-10-14 00:00:00+00:00,45,4.131111111111111,5.0,14860222902625.852
2024-10-15 00:00:00+00:00,40,4.17875,5.3,21906144713546.273
2024-10-16 00:00:00+00:00,60,4.450666666666667,6.0,198855836171304.6
2024-10-17 00:00:00+00:00,71,4.173098591549296,5.6,49760406280123.08
2024-10-18 00:00:00+00:00,42,3.9523809523809526,5.4,21870526535756.582
2024-10-19 00:00:00+00:00,37,4.256486486486486,5.3,20604624135181.73
2024-10-20 00:00:00+00:00,47,4.171702127659574,5.7,46347089964746.31
2024-10-21 00:00:00+00:00,51,4.342352941176471,5.8,69832660801294.336
2024-10-22 00:00:00+00:00,43,4.151627906976745,5.5,27868070702493.742
2024-10-23 00:00:00+00:00,38,4.195,6.2,138871905334378.08
2024-10-24 00:00:00+00:00,48,4.3275,5.6,46412458480094.734
2024-10-25 00:00:00+00:00,53,4.166603773584906,5.8,69457221984175.766
2024-10-26 00:00:00+00:00,47,4.070851063829787,5.2,16273799128603.363
2024-10-27 00:00:00+00:00,54,4.15537037037037,5.2,21281134124524.016
2024-10-28 00:00:00+00:00,47,4.123191489361702,4.9,13903318659293.275
2024-10-29 00:00:00+00:00,52,4.241153846153846,5.1,22712901165966.59
2024-10-30 00:00:00+00:00,37,4.149189189189189,6.0,134863446486497.34
2024-10-31 00:00:00+00:00,3,5.2,5.3,12422867888702.926
2024-11-01 00:00:00+00:00,2,5.25,5.4,10761665278507.305
2024-11-02 00:00:00+00:00,2,5.25,5.4,10761665278507.305
2024-11-03 00:00:00+00:00,4,5.35,5.8,45542392969430.516
2024-11-05 00:00:00+00:00,5,5.2,5.7,33996411582493.61
2024-11-06 00:00:00+00:00,7,5.428571428571429,5.9,132572594914909.62
2024-11-07 00:00:00+00:00,7,5.128571428571428,5.4,24709595634483.92
2024-11-08 00:00:00+00:00,5,5.3,6.3,187455231496358.97
2024-11-09 00:00:00+00:00,5,5.3,5.8,54280616087497.12
2024-11-10 00:00:00+00:00,6,5.483333333333333,6.8,1054295649707563.2
2024-11-11 00:00:00+00:00,5,5.1,5.5,19201233802895.184
2024-11-12 00:00:00+00:00,3,5.3,5.4,17547767304681.332
2024-11-13 00:00:00+00:00,3,5.033333333333333,5.1,6808907561202.215
2024-11-14 00:00:00+00:00,2,5.05,5.1,4813645246233.332
2024-11-15 00:00:00+00:00,6,5.433333333333334,6.6,527159608078736.1
2024-11-16 00:00:00+00:00,4,5.125,5.4,14752189908445.07
2024-11-17 00:00:00+00:00,4,5.324999999999999,6.1,96757121990872.19
2024-11-18 00:00:00+00:00,3,5.066666666666666,5.1,7632028177497.781
2024-11-19 00:00:00+00:00,3,5.233333333333333,5.6,20662577170844.44
2024-11-20 00:00:00+00:00,6,5.283333333333333,5.7,46862837358104.39
2024-11-21 00:00:00+00:00,3,5.066666666666666,5.2,7971596335472.751
2024-11-22 00:00:00+00:00,2,5.05,5.1,4813645246233.332
2024-11-23 00:00:00+00:00,5,5.24,5.9,55118770323858.766
2024-11-24 00:00:00+00:00,1,5.0,5.0,1995262314968.8828
2024-11-25 00:00:00+00:00,1,5.0,5.0,1995262314968.8828
2024-11-26 00:00:00+00:00,5,5.38,6.1,107505434658754.1
2024-11-27 00:00:00+00:00,5,5.3,5.8,59995774932273.91
2024-11-28 00:00:00+00:00,2,5.0,5.0,3990524629937.7656
2024-11-30 00:00:00+00:00,6,5.283333333333333,5.7,43929403006525.195
2024-12-01 00:00:00+00:00,1,5.0,5.0,1995262314968.8828
2024-12-02 00:00:00+00:00,2,5.0,5.0,3990524629937.7656
2024-12-03 00:00:00+00:00,5,5.26,5.7,37962521910424.1
2024-12-04 00:00:00+00:00,4,5.075,5.3,11609200196810.14
2024-12-05 00:00:00+00:00,9,5.4,7.0,2036643963144273.2
2024-12-06 00:00:00+00:00,2,5.3,5.5,14038567474284.102
2024-12-07 00:00:00+00:00,5,5.42,5.9,68996720092750.18
2024-12-08 00:00:00+00:00,10,5.51,6.3,320814292297870.4
2024-12-09 00:00:00+00:00,19,5.42157894736842,6.3,425675948512379.75
2024-12-10 00:00:00+00:00,3,5.433333333333334,5.9,53110155398264.47
2024-12-11 00:00:00+00:00,3,5.2,5.4,13580048209771.754
2024-12-12 00:00:00+00:00,5,5.26,5.5,27624124137257.562
2024-12-13 00:00:00+00:00,2,5.7,6.4,253183905465928.12
2024-12-14 00:00:00+00:00,3,5.233333333333333,5.3,13585556662973.46
2024-12-15 00:00:00+00:00,7,5.207142857142857,5.9,61845545228442.45
2024-12-16 00:00:00+00:00,5,5.14,5.5,20847475035486.316
2024-12-17 00:00:00+00:00,16,5.38125,7.3,5709609971065997.0
2024-12-18 00:00:00+00:00,5,5.14,5.2,16756860362838.29
2024-12-19 00:00:00+00:00,7,5.214285714285714,5.7,42102539293909.2
2024-12-20 00:00:00+00:00,5,5.08,5.4,15924331607118.387
2024-12-21 00:00:00+00:00,3,5.366666666666667,6.1,93115618443312.16
2024-12-22 00:00:00+00:00,4,5.125,5.2,12775788657303.303
2024-12-23 00:00:00+00:00,2,5.45,5.9,46663621530065.414
2024-12-24 00:00:00+00:00,2,5.45,5.9,46663621530065.414
2024-12-25 00:00:00+00:00,2,5.3,5.6,17844194239579.992
2024-12-26 00:00:00+00:00,3,5.366666666666667,5.8,39241452168556.164
2024-12-27 00:00:00+00:00,6,5.666666666666667,6.8,1069481881318049.9
2024-12-28 00:00:00+00:00,4,5.275,5.6,31059641097568.527
2024-12-29 00:00:00+00:00,1,5.1,5.1,2818382931264.449
2024-12-30 00:00:00+00:00,4,5.4,5.5,36478936560323.41
2026-08-31 00:00:00+00:00,246,1.501020726202806,5.5,16205702061337.436
2026-09-01 00:00:00+00:00,349,1.7336962750716332,5.6,37600259051204.72
2026-09-02 00:00:00+00:00,290,1.923862068965517,6.2,247177113154628.9
2026-09-03 00:00:00+00:00,386,1.9351295336787566,6.3,238080180021179.5
2026-09-04 00:00:00+00:00,319,1.8561582582348195,5.5,37004051669388.82
2026-09-05 00:00:00+00:00,193,1.8967875647668393,5.6,43760063220062.414
2026-09-06 00:00:00+00:00,184,1.9026141901647802,5.6,41271950434784.74
2026-09-07 00:00:00+00:00,44,2.3022727272727272,5.3,10254716144455.38
