hour_window,total_events,avg_magnitude,max_magnitude,total_energy_joules
2020-01-01 00:00:00+00:00,1,5.1,5.1,2818382931264.449
2020-01-01 03:00:00+00:00,1,5.0,5.0,1995262314968.8828
2020-01-01 08:00:00+00:00,1,5.4,5.4,7943282347242.8545
2020-01-01 16:00:00+00:00,2,5.0,5.0,3990524629937.7656
2020-01-01 18:00:00+00:00,1,5.1,5.1,2818382931264.449
2020-01-01 19:00:00+00:00,1,5.4,5.4,7943282347242.8545
2020-01-01 20:00:00+00:00,1,5.0,5.0,1995262314968.8828
2020-01-01 23:00:00+00:00,1,5.0,5.0,1995262314968.8828
2020-01-02 04:00:00+00:00,1,5.5,5.5,11220184543019.652
2020-01-02 05:00:00+00:00,1,5.0,5.0,1995262314968.8828
2020-01-02 08:00:00+00:00,1,5.0,5.0,1995262314968.8828
2020-01-02 11:00:00+00:00,1,5.6,5.6,15848931924611.11
2020-01-02 13:00:00+00:00,1,5.2,5.2,3981071705534.9854
2020-01-02 16:00:00+00:00,1,5.0,5.0,1995262314968.8828
2020-01-02 18:00:00+00:00,1,5.7,5.7,22387211385683.47
2020-01-03 15:00:00+00:00,1,5.5,5.5,11220184543019.652
2020-01-04 07:00:00+00:00,1,5.1,5.1,2818382931264.449
2020-01-04 22:00:00+00:00,1,5.0,5.0,1995262314968.8828
2020-01-05 02:00:00+00:00,1,5.2,5.2,3981071705534.9854
2020-01-05 04:00:00+00:00,1,5.9,5.9,44668359215096.53
2020-01-05 18:00:00+00:00,1,5.2,5.2,3981071705534.9854
2020-01-06 01:00:00+00:00,1,5.6,5.6,15848931924611.11
2020-01-06 10:00:00+00:00,1,5.8,5.8,31622776601683.793
2020-01-06 22:00:00+00:00,1,5.3,5.3,5623413251903.491
2020-01-07 01:00:00+00:00,1,5.3,5.3,5623413251903.491
2020-01-07 04:00:00+00:00,1,5.2,5.2,3981071705534.9854
2020-01-07 06:00:00+00:00,1,6.3,6.3,177827941003892.28
2020-01-07 08:00:00+00:00,4,5.5,6.4,271028099705508.12
2020-01-07 11:00:00+00:00,1,5.6,5.6,15848931924611.11
2020-01-07 19:00:00+00:00,2,5.6,6.0,67076806153554.414
2020-01-08 07:00:00+00:00,1,5.5,5.5,11220184543019.652
2020-01-08 08:00:00+00:00,1,5.2,5.2,3981071705534.9854
2020-01-09 00:00:00+00:00,1,5.1,5.1,2818382931264.449
2020-01-09 08:00:00+00:00,1,6.4,6.4,251188643150959.25
2020-01-09 17:00:00+00:00,1,5.0,5.0,1995262314968.8828
2020-01-09 18:00:00+00:00,1,5.1,5.1,2818382931264.449
2020-01-10 01:00:00+00:00,1,5.4,5.4,7943282347242.8545
2020-01-10 15:00:00+00:00,1,5.6,5.6,15848931924611.11
2020-01-10 16:00:00+00:00,1,5.0,5.0,1995262314968.8828
2020-01-10 20:00:00+00:00,2,5.4,5.4,15886564694485.709
2020-01-10 22:00:00+00:00,3,5.233333333333333,5.4,14742736984042.29
2020-01-11 09:00:00+00:00,2,5.1,5.1,5636765862528.898
2020-01-11 12:00:00+00:00,2,5.550000000000001,5.9,48649430920631.516
2020-01-12 02:00:00+00:00,1,5.6,5.6,15848931924611.11
2020-01-12 05:00:00+00:00,1,5.1,5.1,2818382931264.449
2020-01-12 10:00:00+00:00,1,5.1,5.1,2818382931264.449
2020-01-12 16:00:00+00:00,1,5.0,5.0,1995262314968.8828
2020-01-12 19:00:00+00:00,1,5.0,5.0,1995262314968.8828
2020-01-13 02:00:00+00:00,1,5.3,5.3,5623413251903.491
2020-01-13 03:00:00+00:00,1,5.0,5.0,1995262314968.8828
2020-01-13 19:00:00+00:00,1,5.0,5.0,1995262314968.8828
2020-01-14 01:00:00+00:00,1,5.0,5.0,1995262314968.8828
2020-01-15 00:00:00+00:00,1,5.0,5.0,1995262314968.8828
2020-01-15 07:00:00+00:00,1,5.7,5.7,22387211385683.47
2020-01-15 08:00:00+00:00,1,5.0,5.0,1995262314968.8828
2020-01-15 09:00:00+00:00,1,5.4,5.4,7943282347242.8545
2020-01-15 11:00:00+00:00,1,5.0,5.0,1995262314968.8828
2020-01-15 15:00:00+00:00,1,5.2,5.2,3981071705534.9854
2020-01-15 16:00:00+00:00,1,5.0,5.0,1995262314968.8828
2020-01-16 08:00:00+00:00,1,5.2,5.2,3981071705534.9854
2020-01-16 09:00:00+00:00,1,5.6,5.6,15848931924611.11
2020-01-16 16:00:00+00:00,1,5.4,5.4,7943282347242.8545
2020-01-16 22:00:00+00:00,1,5.0,5.0,1995262314968.8828
2020-01-17 02:00:00+00:00,2,5.1,5.2,5976334020503.868
2020-01-17 06:00:00+00:00,1,5.8,5.8,31622776601683.793
2020-01-17 16:00:00+00:00,1,5.3,5.3,5623413251903.491
2020-01-18 01:00:00+00:00,1,5.1,5.1,2818382931264.449
2020-01-18 02:00:00+00:00,2,5.05,5.1,4813645246233.332
2020-01-18 16:00:00+00:00,1,6.0,6.0,63095734448019.43
2020-01-19 02:00:00+00:00,1,5.1,5.1,2818382931264.449
2020-01-19 13:00:00+00:00,1,6.0,6.0,63095734448019.43
2020-01-19 14:00:00+00:00,1,5.0,5.0,1995262314968.8828
2020-01-19 16:00:00+00:00,1,6.1,6.1,89125093813374.4
2020-01-20 02:00:00+00:00,1,5.1,5.1,2818382931264.449
2020-01-20 06:00:00+00:00,1,6.1,6.1,89125093813374.4
2020-01-21 09:00:00+00:00,1,5.3,5.3,5623413251903.491
2020-01-21 11:00:00+00:00,1,5.2,5.2,3981071705534.9854
2020-01-21 21:00:00+00:00,1,5.0,5.0,1995262314968.8828
2020-01-22 00:00:00+00:00,1,5.5,5.5,11220184543019.652
2020-01-22 10:00:00+00:00,1,5.0,5.0,1995262314968.8828
2020-01-22 11:00:00+00:00,1,5.5,5.5,11220184543019.652
2020-01-22 18:00:00+00:00,1,5.5,5.5,11220184543019.652
2020-01-22 19:00:00+00:00,2,5.3,5.6,17844194239579.992
2020-01-22 22:00:00+00:00,1,5.2,5.2,3981071705534.9854
2020-01-23 03:00:00+00:00,1,5.0,5.0,1995262314968.8828
2020-01-23 05:00:00+00:00,1,6.2,6.2,125892541179417.14
2020-01-23 21:00:00+00:00,1,5.5,5.5,11220184543019.652
2020-01-24 05:00:00+00:00,1,5.3,5.3,5623413251903.491
2020-01-24 07:00:00+00:00,2,5.25,5.5,13215446857988.535
2020-01-24 17:00:00+00:00,1,6.7,6.7,707945784384140.2
2020-01-24 21:00:00+00:00,1,5.3,5.3,5623413251903.491
2020-01-24 22:00:00+00:00,1,5.2,5.2,3981071705534.9854
2020-01-25 10:00:00+00:00,1,5.1,5.1,2818382931264.449
2020-01-25 16:00:00+00:00,1,5.1,5.1,2818382931264.449
2020-01-25 19:00:00+00:00,2,5.25,5.3,9604484957438.477
2020-01-25 20:00:00+00:00,1,5.0,5.0,1995262314968.8828
2020-01-25 21:00:00+00:00,1,5.1,5.1,2818382931264.449
2020-01-26 03:00:00+00:00,1,5.6,5.6,15848931924611.11
2020-01-26 06:00:00+00:00,2,5.65,6.1,93106165518909.39
2020-01-26 07:00:00+00:00,1,5.3,5.3,5623413251903.491
2020-01-26 09:00:00+00:00,3,5.433333333333334,5.8,42384441880191.09
2020-01-26 17:00:00+00:00,1,5.1,5.1,2818382931264.449
2020-01-26 18:00:00+00:00,1,5.3,5.3,5623413251903.491
2020-01-26 22:00:00+00:00,1,5.7,5.7,22387211385683.47
2020-01-27 05:00:00+00:00,1,6.3,6.3,177827941003892.28
2020-01-27 13:00:00+00:00,1,5.3,5.3,5623413251903.491
2020-01-27 14:00:00+00:00,1,5.2,5.2,3981071705534.9854
2020-01-27 15:00:00+00:00,1,5.1,5.1,2818382931264.449
2020-01-27 19:00:00+00:00,1,5.0,5.0,1995262314968.8828
2020-01-28 01:00:00+00:00,1,5.4,5.4,7943282347242.8545
2020-01-28 11:00:00+00:00,1,5.0,5.0,1995262314968.8828
2020-01-28 15:00:00+00:00,2,5.25,5.5,13215446857988.535
2020-01-28 16:00:00+00:00,1,5.4,5.4,7943282347242.8545
2020-01-28 18:00:00+00:00,1,5.5,5.5,11220184543019.652
2020-01-28 19:00:00+00:00,2,6.35,7.7,2.2389206647998436e+16
2020-01-28 20:00:00+00:00,2,5.1,5.1,5636765862528.898
2020-01-28 21:00:00+00:00,2,5.75,6.1,97068376160617.27
2020-01-28 23:00:00+00:00,1,5.3,5.3,5623413251903.491
2020-01-29 07:00:00+00:00,1,5.0,5.0,1995262314968.8828
2020-01-29 13:00:00+00:00,1,6.0,6.0,63095734448019.43
2020-01-29 15:00:00+00:00,1,5.0,5.0,1995262314968.8828
2020-01-29 23:00:00+00:00,1,5.8,5.8,31622776601683.793
2020-01-30 01:00:00+00:00,1,5.5,5.5,11220184543019.652
2020-01-30 06:00:00+00:00,1,5.2,5.2,3981071705534.9854
2020-01-30 11:00:00+00:00,1,5.7,5.7,22387211385683.47
2020-01-30 17:00:00+00:00,1,5.0,5.0,1995262314968.8828
2020-01-30 22:00:00+00:00,2,5.5,5.9,47486742146360.984
2020-01-31 09:00:00+00:00,1,5.0,5.0,1995262314968.8828
2020-01-31 11:00:00+00:00,3,5.033333333333333,5.1,6808907561202.215
2020-01-31 12:00:00+00:00,2,5.25,5.4,10761665278507.305
2020-01-31 13:00:00+00:00,1,5.7,5.7,22387211385683.47
2020-01-31 16:00:00+00:00,1,5.2,5.2,3981071705534.9854
2020-01-31 17:00:00+00:00,1,5.3,5.3,5623413251903.491
2020-01-31 22:00:00+00:00,1,5.0,5.0,1995262314968.8828
2020-02-01 02:00:00+00:00,1,5.2,5.2,3981071705534.9854
2020-02-01 04:00:00+00:00,1,5.0,5.0,1995262314968.8828
2020-02-01 09:00:00+00:00,1,5.0,5.0,1995262314968.8828
2020-02-01 16:00:00+00:00,1,5.0,5.0,1995262314968.8828
2020-02-02 03:00:00+00:00,1,5.6,5.6,15848931924611.11
2020-02-03 11:00:00+00:00,1,5.0,5.0,1995262314968.8828
2020-02-04 09:00:00+00:00,1,5.1,5.1,2818382931264.449
2020-02-04 13:00:00+00:00,1,5.1,5.1,2818382931264.449
2020-02-04 14:00:00+00:00,1,5.0,5.0,1995262314968.8828
2020-02-04 15:00:00+00:00,1,5.1,5.1,2818382931264.449
2020-02-05 01:00:00+00:00,1,5.0,5.0,1995262314968.8828
2020-02-05 03:00:00+00:00,1,5.1,5.1,2818382931264.449
2020-02-05 07:00:00+00:00,1,5.1,5.1,2818382931264.449
2020-02-05 10:00:00+00:00,1,5.2,5.2,3981071705534.9854
2020-02-05 12:00:00+00:00,1,5.8,5.8,31622776601683.793
2020-02-05 18:00:00+00:00,1,6.2,6.2,125892541179417.14
2020-02-06 10:00:00+00:00,1,5.1,5.1,2818382931264.449
2020-02-06 11:00:00+00:00,1,5.3,5.3,5623413251903.491
2020-02-06 13:00:00+00:00,2,5.55,6.0,65914117379283.875
2020-02-07 03:00:00+00:00,1,5.0,5.0,1995262314968.8828
2020-02-07 18:00:00+00:00,1,5.5,5.5,11220184543019.652
2020-02-08 06:00:00+00:00,2,5.4,5.6,19830003630146.094
2020-02-08 12:00:00+00:00,2,5.05,5.1,4813645246233.332
2020-02-08 14:00:00+00:00,1,6.0,6.0,63095734448019.43
2020-02-08 18:00:00+00:00,1,5.0,5.0,1995262314968.8828
2020-02-08 19:00:00+00:00,1,5.12,5.12,3019951720402.019
2020-02-08 22:00:00+00:00,2,5.175000000000001,5.2,7330726097113.265
2020-02-08 23:00:00+00:00,1,5.1,5.1,2818382931264.449
2020-02-09 06:00:00+00:00,1,6.1,6.1,89125093813374.4
2020-02-09 07:00:00+00:00,1,5.1,5.1,2818382931264.449
2020-02-09 09:00:00+00:00,1,5.5,5.5,11220184543019.652
2020-02-09 13:00:00+00:00,1,5.0,5.0,1995262314968.8828
2020-02-10 19:00:00+00:00,1,5.1,5.1,2818382931264.449
2020-02-11 10:00:00+00:00,2,5.300000000000001,5.4,11924354052777.84
2020-02-11 11:00:00+00:00,1,5.4,5.4,7943282347242.8545
2020-02-11 13:00:00+00:00,2,5.15,5.3,7618675566872.374
2020-02-11 15:00:00+00:00,1,5.3,5.3,5623413251903.491
2020-02-12 08:00:00+00:00,1,5.0,5.0,1995262314968.8828
2020-02-12 10:00:00+00:00,1,5.2,5.2,3981071705534.9854
2020-02-12 14:00:00+00:00,1,5.1,5.1,2818382931264.449
2020-02-13 04:00:00+00:00,1,5.1,5.1,2818382931264.449
2020-02-13 05:00:00+00:00,1,5.0,5.0,1995262314968.8828
2020-02-13 06:00:00+00:00,1,5.1,5.1,2818382931264.449
2020-02-13 10:00:00+00:00,2,6.15,7.0,2000885728220786.2
2020-02-13 14:00:00+00:00,1,5.0,5.0,1995262314968.8828
2020-02-13 15:00:00+00:00,1,5.0,5.0,1995262314968.8828
2020-02-13 18:00:00+00:00,1,5.2,5.2,3981071705534.9854
2020-02-14 05:00:00+00:00,1,5.6,5.6,15848931924611.11
2020-02-14 09:00:00+00:00,1,5.1,5.1,2818382931264.449
2020-02-15 03:00:00+00:00,1,5.1,5.1,2818382931264.449
2020-02-15 09:00:00+00:00,1,5.7,5.7,22387211385683.47
2020-02-15 11:00:00+00:00,1,5.3,5.3,5623413251903.491
2020-02-15 15:00:00+00:00,1,5.4,5.4,7943282347242.8545
2020-02-15 23:00:00+00:00,1,5.6,5.6,15848931924611.11
2020-02-16 07:00:00+00:00,1,5.2,5.2,3981071705534.9854
2020-02-16 11:00:00+00:00,1,5.0,5.0,1995262314968.8828
2020-02-16 12:00:00+00:00,1,5.1,5.1,2818382931264.449
2020-02-16 22:00:00+00:00,1,5.2,5.2,3981071705534.9854
2020-02-17 00:00:00+00:00,1,5.4,5.4,7943282347242.8545
2020-02-17 05:00:00+00:00,1,5.3,5.3,5623413251903.491
2020-02-17 12:00:00+00:00,1,5.3,5.3,5623413251903.491
2020-02-18 05:00:00+00:00,1,5.0,5.0,1995262314968.8828
2020-02-18 07:00:00+00:00,1,5.5,5.5,11220184543019.652
2020-02-20 04:00:00+00:00,1,5.2,5.2,3981071705534.9854
2020-02-20 06:00:00+00:00,2,5.1,5.2,5976334020503.868
2020-02-20 09:00:00+00:00,1,5.4,5.4,7943282347242.8545
2020-02-20 18:00:00+00:00,2,5.449999999999999,5.8,34441159532948.242
2020-02-20 20:00:00+00:00,1,5.4,5.4,7943282347242.8545
2020-02-21 10:00:00+00:00,1,5.3,5.3,5623413251903.491
2020-02-22 01:00:00+00:00,2,5.195,5.2,7826989525988.529
2020-02-22 02:00:00+00:00,1,5.0,5.0,1995262314968.8828
2020-02-22 03:00:00+00:00,1,5.0,5.0,1995262314968.8828
2020-02-22 15:00:00+00:00,2,5.199999999999999,5.3,8441796183167.94
2020-02-22 18:00:00+00:00,1,5.3,5.3,5623413251903.491
2020-02-22 19:00:00+00:00,1,5.6,5.6,15848931924611.11
2020-02-22 23:00:00+00:00,2,5.25,5.5,13215446857988.535
2020-02-23 02:00:00+00:00,1,5.3,5.3,5623413251903.491
2020-02-23 05:00:00+00:00,1,5.8,5.8,31622776601683.793
2020-02-23 13:00:00+00:00,1,5.1,5.1,2818382931264.449
2020-02-23 16:00:00+00:00,1,6.0,6.0,63095734448019.43
2020-02-25 04:00:00+00:00,1,5.3,5.3,5623413251903.491
2020-02-25 11:00:00+00:00,1,5.0,5.0,1995262314968.8828
2020-02-25 23:00:00+00:00,1,5.0,5.0,1995262314968.8828
2020-02-26 00:00:00+00:00,1,5.0,5.0,1995262314968.8828
2020-02-26 07:00:00+00:00,1,6.0,6.0,63095734448019.43
2020-02-26 15:00:00+00:00,1,5.0,5.0,1995262314968.8828
2020-02-27 04:00:00+00:00,2,5.05,5.1,4813645246233.332
2020-02-27 15:00:00+00:00,1,5.3,5.3,5623413251903.491
2020-02-27 19:00:00+00:00,2,5.25,5.5,13215446857988.535
2020-02-27 22:00:00+00:00,1,5.4,5.4,7943282347242.8545
2020-02-28 07:00:00+00:00,1,5.7,5.7,22387211385683.47
2020-02-28 14:00:00+00:00,1,5.1,5.1,2818382931264.449
2020-02-28 18:00:00+00:00,1,5.3,5.3,5623413251903.491
2020-02-29 01:00:00+00:00,1,5.1,5.1,2818382931264.449
2020-02-29 09:00:00+00:00,1,5.3,5.3,5623413251903.491
2020-03-01 21:00:00+00:00,1,5.4,5.4,7943282347242.8545
2020-03-02 00:00:00+00:00,1,5.7,5.7,22387211385683.47
2020-03-02 21:00:00+00:00,1,5.1,5.1,2818382931264.449
2020-03-03 01:00:00+00:00,1,5.0,5.0,1995262314968.8828
2020-03-03 08:00:00+00:00,1,5.0,5.0,1995262314968.8828
2020-03-03 10:00:00+00:00,1,5.0,5.0,1995262314968.8828
2020-03-03 11:00:00+00:00,1,5.0,5.0,1995262314968.8828
2020-03-03 15:00:00+00:00,1,5.0,5.0,1995262314968.8828
2020-03-04 09:00:00+00:00,1,5.0,5.0,1995262314968.8828
2020-03-04 13:00:00+00:00,1,5.0,5.0,1995262314968.8828
2020-03-04 16:00:00+00:00,1,5.1,5.1,2818382931264.449
2020-03-05 06:00:00+00:00,1,5.5,5.5,11220184543019.652
2020-03-05 10:00:00+00:00,1,5.3,5.3,5623413251903.491
2020-03-05 13:00:00+00:00,1,5.4,5.4,7943282347242.8545
2020-03-05 14:00:00+00:00,2,5.1,5.1,5636765862528.898
2020-03-06 10:00:00+00:00,1,6.0,6.0,63095734448019.43
2020-03-06 19:00:00+00:00,1,5.0,5.0,1995262314968.8828
2020-03-07 02:00:00+00:00,1,5.2,5.2,3981071705534.9854
2020-03-07 03:00:00+00:00,1,5.49,5.49,10839269140212.04
2020-03-07 05:00:00+00:00,1,5.5,5.5,11220184543019.652
2020-03-07 11:00:00+00:00,1,5.2,5.2,3981071705534.9854
2020-03-07 12:00:00+00:00,1,5.1,5.1,2818382931264.449
2020-03-07 20:00:00+00:00,1,5.3,5.3,5623413251903.491
2020-03-07 22:00:00+00:00,1,5.0,5.0,1995262314968.8828
2020-03-09 02:00:00+00:00,1,5.77,5.77,28510182675038.98
2020-03-09 09:00:00+00:00,1,5.3,5.3,5623413251903.491
2020-03-09 18:00:00+00:00,1,5.2,5.2,3981071705534.9854
2020-03-10 07:00:00+00:00,1,5.0,5.0,1995262314968.8828
2020-03-10 10:00:00+00:00,1,5.0,5.0,1995262314968.8828
2020-03-10 11:00:00+00:00,1,5.6,5.6,15848931924611.11
2020-03-10 13:00:00+00:00,1,5.1,5.1,2818382931264.449
2020-03-10 14:00:00+00:00,1,5.7,5.7,22387211385683.47
2020-03-10 23:00:00+00:00,1,5.0,5.0,1995262314968.8828
2020-03-11 01:00:00+00:00,1,5.2,5.2,3981071705534.9854
2020-03-11 15:00:00+00:00,1,5.3,5.3,5623413251903.491
2020-03-11 19:00:00+00:00,1,5.2,5.2,3981071705534.9854
2020-03-12 08:00:00+00:00,1,5.2,5.2,3981071705534.9854
2020-03-12 12:00:00+00:00,1,5.5,5.5,11220184543019.652
2020-03-12 15:00:00+00:00,1,5.4,5.4,7943282347242.8545
2020-03-12 17:00:00+00:00,1,5.3,5.3,5623413251903.491
2020-03-12 22:00:00+00:00,1,5.3,5.3,5623413251903.491
2020-03-13 02:00:00+00:00,1,5.2,5.2,3981071705534.9854
2020-03-13 04:00:00+00:00,1,5.0,5.0,1995262314968.8828
2020-03-14 10:00:00+00:00,3,5.733333333333333,6.4,284806682067611.94
2020-03-14 20:00:00+00:00,1,5.1,5.1,2818382931264.449
2020-03-15 01:00:00+00:00,1,5.1,5.1,2818382931264.449
2020-03-15 21:00:00+00:00,1,5.2,5.2,3981071705534.9854
2020-03-15 22:00:00+00:00,1,5.4,5.4,7943282347242.8545
2020-03-15 23:00:00+00:00,1,5.2,5.2,3981071705534.9854
2020-03-16 03:00:00+00:00,1,5.0,5.0,1995262314968.8828
2020-03-16 07:00:00+00:00,1,5.3,5.3,5623413251903.491
2020-03-16 10:00:00+00:00,1,5.0,5.0,1995262314968.8828
2020-03-16 15:00:00+00:00,1,5.0,5.0,1995262314968.8828
2020-03-17 08:00:00+00:00,1,5.6,5.6,15848931924611.11
2020-03-17 15:00:00+00:00,1,5.0,5.0,1995262314968.8828
2020-03-17 16:00:00+00:00,1,6.0,6.0,63095734448019.43
2020-03-18 03:00:00+00:00,2,5.75,6.1,97068376160617.27
2020-03-18 05:00:00+00:00,1,5.5,5.5,11220184543019.652
2020-03-18 13:00:00+00:00,1,5.7,5.7,22387211385683.47
2020-03-18 15:00:00+00:00,1,5.0,5.0,1995262314968.8828
2020-03-18 16:00:00+00:00,1,5.1,5.1,2818382931264.449
2020-03-18 17:00:00+00:00,1,6.2,6.2,125892541179417.14
2020-03-18 22:00:00+00:00,1,5.21,5.21,4120975190973.287
2020-03-19 13:00:00+00:00,1,5.5,5.5,11220184543019.652
2020-03-19 17:00:00+00:00,1,5.2,5.2,3981071705534.9854
2020-03-19 20:00:00+00:00,2,5.0,5.0,3990524629937.7656
2020-03-20 01:00:00+00:00,2,5.35,5.7,24382473700652.35
2020-03-20 03:00:00+00:00,1,5.5,5.5,11220184543019.652
2020-03-20 07:00:00+00:00,1,5.2,5.2,3981071705534.9854
2020-03-20 09:00:00+00:00,1,5.1,5.1,2818382931264.449
2020-03-21 00:00:00+00:00,1,5.7,5.7,22387211385683.47
2020-03-21 06:00:00+00:00,1,5.0,5.0,1995262314968.8828
2020-03-21 11:00:00+00:00,1,5.1,5.1,2818382931264.449
2020-03-21 20:00:00+00:00,1,5.02,5.02,2137962089502.2236
2020-03-21 21:00:00+00:00,1,5.0,5.0,1995262314968.8828
2020-03-22 03:00:00+00:00,1,5.0,5.0,1995262314968.8828
2020-03-22 05:00:00+00:00,2,5.199999999999999,5.3,8441796183167.94
2020-03-22 19:00:00+00:00,1,5.1,5.1,2818382931264.449
2020-03-22 20:00:00+00:00,1,5.6,5.6,15848931924611.11
2020-03-22 22:00:00+00:00,2,5.55,6.1,91120356128343.28
2020-03-23 01:00:00+00:00,1,5.0,5.0,1995262314968.8828
2020-03-23 12:00:00+00:00,1,5.0,5.0,1995262314968.8828
2020-03-23 17:00:00+00:00,1,5.1,5.1,2818382931264.449
2020-03-23 20:00:00+00:00,2,5.45,5.5,19163466890262.508
2020-03-24 07:00:00+00:00,1,5.0,5.0,1995262314968.8828
2020-03-25 02:00:00+00:00,1,7.5,7.5,1.1220184543019652e+16
2020-03-25 06:00:00+00:00,1,5.1,5.1,2818382931264.449
2020-03-25 17:00:00+00:00,1,5.1,5.1,2818382931264.449
2020-03-25 19:00:00+00:00,1,5.0,5.0,1995262314968.8828
2020-03-26 05:00:00+00:00,2,5.2,5.4,9938544662211.738
2020-03-26 07:00:00+00:00,1,5.0,5.0,1995262314968.8828
2020-03-26 15:00:00+00:00,2,5.55,6.1,91120356128343.28
2020-03-26 20:00:00+00:00,1,5.4,5.4,7943282347242.8545
2020-03-26 21:00:00+00:00,1,5.7,5.7,22387211385683.47
2020-03-27 06:00:00+00:00,1,5.3,5.3,5623413251903.491
2020-03-27 14:00:00+00:00,1,5.6,5.6,15848931924611.11
2020-03-27 17:00:00+00:00,1,5.2,5.2,3981071705534.9854
2020-03-28 05:00:00+00:00,1,5.0,5.0,1995262314968.8828
2020-03-28 15:00:00+00:00,1,5.9,5.9,44668359215096.53
2020-03-28 17:00:00+00:00,1,5.8,5.8,31622776601683.793
2020-03-28 23:00:00+00:00,1,5.3,5.3,5623413251903.491
2020-03-29 02:00:00+00:00,1,5.2,5.2,3981071705534.9854
2020-03-29 13:00:00+00:00,1,5.1,5.1,2818382931264.449
2020-03-29 18:00:00+00:00,2,5.35,5.7,24382473700652.35
2020-03-30 06:00:00+00:00,1,5.0,5.0,1995262314968.8828
2020-03-30 09:00:00+00:00,1,5.2,5.2,3981071705534.9854
2020-03-30 15:00:00+00:00,1,5.3,5.3,5623413251903.491
2020-03-30 17:00:00+00:00,1,5.6,5.6,15848931924611.11
2020-03-31 23:00:00+00:00,1,6.5,6.5,354813389233576.06
2020-04-01 04:00:00+00:00,1,5.2,5.2,3981071705534.9854
2020-04-01 05:00:00+00:00,1,5.2,5.2,3981071705534.9854
2020-04-01 06:00:00+00:00,1,5.3,5.3,5623413251903.491
2020-04-01 12:00:00+00:00,1,5.4,5.4,7943282347242.8545
2020-04-02 02:00:00+00:00,1,5.5,5.5,11220184543019.652
2020-04-02 10:00:00+00:00,1,5.2,5.2,3981071705534.9854
2020-04-02 18:00:00+00:00,1,5.1,5.1,2818382931264.449
2020-04-02 20:00:00+00:00,1,5.2,5.2,3981071705534.9854
2020-04-02 21:00:00+00:00,1,5.2,5.2,3981071705534.9854
2020-04-03 22:00:00+00:00,1,5.0,5.0,1995262314968.8828
2020-04-04 01:00:00+00:00,1,5.1,5.1,2818382931264.449
2020-04-04 06:00:00+00:00,1,5.5,5.5,11220184543019.652
2020-04-04 09:00:00+00:00,1,5.1,5.1,2818382931264.449
2020-04-05 18:00:00+00:00,1,6.0,6.0,63095734448019.43
2020-04-06 01:00:00+00:00,1,5.0,5.0,1995262314968.8828
2020-04-06 18:00:00+00:00,1,5.0,5.0,1995262314968.8828
2020-04-06 19:00:00+00:00,1,5.0,5.0,1995262314968.8828
2020-04-07 00:00:00+00:00,1,5.0,5.0,1995262314968.8828
2020-04-07 03:00:00+00:00,1,5.0,5.0,1995262314968.8828
2020-04-07 06:00:00+00:00,1,5.1,5.1,2818382931264.449
2020-04-07 11:00:00+00:00,2,5.1,5.2,5976334020503.868
2020-04-07 16:00:00+00:00,1,5.0,5.0,1995262314968.8828
2020-04-08 05:00:00+00:00,1,5.0,5.0,1995262314968.8828
2020-04-08 10:00:00+00:00,1,5.5,5.5,11220184543019.652
2020-04-09 10:00:00+00:00,1,5.0,5.0,1995262314968.8828
2020-04-09 12:00:00+00:00,1,5.1,5.1,2818382931264.449
2020-04-09 14:00:00+00:00,1,5.0,5.0,1995262314968.8828
2020-04-09 16:00:00+00:00,1,5.0,5.0,1995262314968.8828
2020-04-09 17:00:00+00:00,1,5.3,5.3,5623413251903.491
2020-04-10 04:00:00+00:00,1,5.0,5.0,1995262314968.8828
2020-04-10 16:00:00+00:00,2,5.5,5.9,47486742146360.984
2020-04-10 18:00:00+00:00,1,5.1,5.1,2818382931264.449
2020-04-11 03:00:00+00:00,1,5.2,5.2,3981071705534.9854
2020-04-11 14:00:00+00:00,1,5.24,5.24,4570881896148.752
2020-04-11 18:00:00+00:00,1,5.2,5.2,3981071705534.9854
2020-04-11 22:00:00+00:00,1,5.0,5.0,1995262314968.8828
2020-04-12 00:00:00+00:00,2,5.35,5.4,13566695599146.346
2020-04-12 06:00:00+00:00,1,6.1,6.1,89125093813374.4
2020-04-12 11:00:00+00:00,1,5.0,5.0,1995262314968.8828
2020-04-12 12:00:00+00:00,1,5.1,5.1,2818382931264.449
2020-04-13 01:00:00+00:00,1,5.0,5.0,1995262314968.8828
2020-04-13 06:00:00+00:00,1,5.0,5.0,1995262314968.8828
2020-04-13 13:00:00+00:00,1,5.2,5.2,3981071705534.9854
2020-04-13 14:00:00+00:00,1,5.0,5.0,1995262314968.8828
2020-04-14 01:00:00+00:00,1,6.0,6.0,63095734448019.43
2020-04-14 02:00:00+00:00,1,5.0,5.0,1995262314968.8828
2020-04-14 06:00:00+00:00,1,5.2,5.2,3981071705534.9854
2020-04-15 01:00:00+00:00,1,5.2,5.2,3981071705534.9854
2020-04-15 02:00:00+00:00,1,5.1,5.1,2818382931264.449
2020-04-15 07:00:00+00:00,3,5.1000000000000005,5.3,9613937881841.258
2020-04-15 09:00:00+00:00,1,5.0,5.0,1995262314968.8828
2020-04-15 10:00:00+00:00,1,5.7,5.7,22387211385683.47
2020-04-15 13:00:00+00:00,1,5.0,5.0,1995262314968.8828
2020-04-15 18:00:00+00:00,1,5.0,5.0,1995262314968.8828
2020-04-15 21:00:00+00:00,1,5.7,5.7,22387211385683.47
2020-04-15 22:00:00+00:00,1,5.2,5.2,3981071705534.9854
2020-04-16 05:00:00+00:00,1,5.3,5.3,5623413251903.491
2020-04-16 08:00:00+00:00,3,5.466666666666666,6.1,95924548450173.84
2020-04-16 11:00:00+00:00,1,5.9,5.9,44668359215096.53
2020-04-16 15:00:00+00:00,1,5.1,5.1,2818382931264.449
2020-04-16 17:00:00+00:00,1,5.0,5.0,1995262314968.8828
2020-04-16 21:00:00+00:00,2,5.15,5.3,7618675566872.374
2020-04-17 00:00:00+00:00,1,5.2,5.2,3981071705534.9854
2020-04-17 12:00:00+00:00,1,5.3,5.3,5623413251903.491
2020-04-17 16:00:00+00:00,1,5.8,5.8,31622776601683.793
2020-04-18 08:00:00+00:00,1,6.6,6.6,501187233627271.44
2020-04-18 09:00:00+00:00,1,5.7,5.7,22387211385683.47
2020-04-18 21:00:00+00:00,1,5.0,5.0,1995262314968.8828
2020-04-19 13:00:00+00:00,1,5.1,5.1,2818382931264.449
2020-04-19 16:00:00+00:00,1,5.0,5.0,1995262314968.8828
2020-04-19 20:00:00+00:00,1,6.3,6.3,177827941003892.28
2020-04-20 00:00:00+00:00,1,5.3,5.3,5623413251903.491
2020-04-20 03:00:00+00:00,1,5.1,5.1,2818382931264.449
2020-04-20 19:00:00+00:00,1,5.2,5.2,3981071705534.9854
2020-04-22 06:00:00+00:00,1,5.3,5.3,5623413251903.491
2020-04-22 20:00:00+00:00,1,5.1,5.1,2818382931264.449
2020-04-22 22:00:00+00:00,1,5.5,5.5,11220184543019.652
2020-04-22 23:00:00+00:00,1,5.0,5.0,1995262314968.8828
2020-04-23 04:00:00+00:00,1,5.2,5.2,3981071705534.9854
2020-04-23 19:00:00+00:00,1,5.2,5.2,3981071705534.9854
2020-04-24 00:00:00+00:00,1,5.4,5.4,7943282347242.8545
2020-04-24 05:00:00+00:00,1,5.3,5.3,5623413251903.491
2020-04-25 02:00:00+00:00,2,5.75,6.1,97068376160617.27
2020-04-26 13:00:00+00:00,1,5.2,5.2,3981071705534.9854
2020-04-26 14:00:00+00:00,1,5.0,5.0,1995262314968.8828
2020-04-26 22:00:00+00:00,1,5.0,5.0,1995262314968.8828
2020-04-26 23:00:00+00:00,1,5.1,5.1,2818382931264.449
2020-04-27 08:00:00+00:00,1,5.4,5.4,7943282347242.8545
2020-04-28 00:00:00+00:00,1,5.2,5.2,3981071705534.9854
2020-04-28 12:00:00+00:00,1,5.1,5.1,2818382931264.449
2020-04-29 05:00:00+00:00,1,5.4,5.4,7943282347242.8545
2020-04-29 10:00:00+00:00,1,5.0,5.0,1995262314968.8828
2020-04-30 03:00:00+00:00,1,5.2,5.2,3981071705534.9854
2020-04-30 08:00:00+00:00,1,5.0,5.0,1995262314968.8828
2020-04-30 09:00:00+00:00,1,5.3,5.3,5623413251903.491
2020-04-30 21:00:00+00:00,1,5.1,5.1,2818382931264.449
2020-04-30 22:00:00+00:00,1,5.4,5.4,7943282347242.8545
2020-05-01 02:00:00+00:00,1,5.0,5.0,1995262314968.8828
2020-05-01 07:00:00+00:00,1,5.0,5.0,1995262314968.8828
2020-05-01 20:00:00+00:00,1,5.0,5.0,1995262314968.8828
2020-05-02 11:00:00+00:00,1,5.4,5.4,7943282347242.8545
2020-05-02 12:00:00+00:00,1,6.5,6.5,354813389233576.06
2020-05-02 13:00:00+00:00,1,5.3,5.3,5623413251903.491
2020-05-02 16:00:00+00:00,1,5.3,5.3,5623413251903.491
2020-05-03 00:00:00+00:00,1,5.7,5.7,22387211385683.47
2020-05-03 03:00:00+00:00,1,5.2,5.2,3981071705534.9854
2020-05-03 07:00:00+00:00,1,5.0,5.0,1995262314968.8828
2020-05-03 11:00:00+00:00,1,5.9,5.9,44668359215096.53
2020-05-03 13:00:00+00:00,1,5.1,5.1,2818382931264.449
2020-05-03 15:00:00+00:00,1,5.1,5.1,2818382931264.449
2020-05-03 19:00:00+00:00,1,5.0,5.0,1995262314968.8828
2020-05-04 03:00:00+00:00,1,5.3,5.3,5623413251903.491
2020-05-04 13:00:00+00:00,1,5.6,5.6,15848931924611.11
2020-05-05 00:00:00+00:00,1,5.3,5.3,5623413251903.491
2020-05-05 12:00:00+00:00,1,5.5,5.5,11220184543019.652
2020-05-05 16:00:00+00:00,1,5.1,5.1,2818382931264.449
2020-05-05 23:00:00+00:00,1,5.4,5.4,7943282347242.8545
2020-05-06 10:00:00+00:00,1,5.1,5.1,2818382931264.449
2020-05-06 13:00:00+00:00,1,6.8,6.8,1000000000000000.0
2020-05-06 15:00:00+00:00,1,5.1,5.1,2818382931264.449
2020-05-07 00:00:00+00:00,1,5.3,5.3,5623413251903.491
2020-05-07 11:00:00+00:00,1,6.1,6.1,89125093813374.4
2020-05-07 15:00:00+00:00,1,5.3,5.3,5623413251903.491
2020-05-08 01:00:00+00:00,1,5.4,5.4,7943282347242.8545
2020-05-08 10:00:00+00:00,1,5.2,5.2,3981071705534.9854
2020-05-08 20:00:00+00:00,1,5.5,5.5,11220184543019.652
2020-05-08 22:00:00+00:00,1,5.0,5.0,1995262314968.8828
2020-05-09 05:00:00+00:00,1,5.1,5.1,2818382931264.449
2020-05-09 15:00:00+00:00,1,5.3,5.3,5623413251903.491
2020-05-09 19:00:00+00:00,1,5.3,5.3,5623413251903.491
2020-05-10 18:00:00+00:00,1,5.4,5.4,7943282347242.8545
2020-05-10 23:00:00+00:00,1,5.8,5.8,31622776601683.793
2020-05-11 01:00:00+00:00,1,5.7,5.7,22387211385683.47
2020-05-12 15:00:00+00:00,1,5.0,5.0,1995262314968.8828
2020-05-12 22:00:00+00:00,1,6.6,6.6,501187233627271.44
2020-05-13 05:00:00+00:00,1,5.0,5.0,1995262314968.8828
2020-05-13 20:00:00+00:00,1,5.2,5.2,3981071705534.9854
2020-05-14 05:00:00+00:00,1,5.7,5.7,22387211385683.47
2020-05-14 20:00:00+00:00,1,5.1,5.1,2818382931264.449
2020-05-15 10:00:00+00:00,1,5.1,5.1,2818382931264.449
2020-05-15 11:00:00+00:00,2,5.8,6.5,357631772164840.5
2020-05-15 14:00:00+00:00,1,5.7,5.7,22387211385683.47
2020-05-15 15:00:00+00:00,2,5.4,5.6,19830003630146.094
2020-05-16 03:00:00+00:00,1,5.9,5.9,44668359215096.53
2020-05-16 13:00:00+00:00,1,5.3,5.3,5623413251903.491
2020-05-17 19:00:00+00:00,1,5.4,5.4,7943282347242.8545
2020-05-18 03:00:00+00:00,1,5.0,5.0,1995262314968.8828
2020-05-18 04:00:00+00:00,1,5.2,5.2,3981071705534.9854
2020-05-18 06:00:00+00:00,1,5.0,5.0,1995262314968.8828
2020-05-18 07:00:00+00:00,1,5.3,5.3,5623413251903.491
2020-05-18 08:00:00+00:00,1,5.0,5.0,1995262314968.8828
2020-05-18 11:00:00+00:00,1,5.0,5.0,1995262314968.8828
2020-05-18 13:00:00+00:00,1,5.1,5.1,2818382931264.449
2020-05-18 23:00:00+00:00,1,5.7,5.7,22387211385683.47
2020-05-19 03:00:00+00:00,1,5.1,5.1,2818382931264.449
2020-05-19 04:00:00+00:00,1,5.2,5.2,3981071705534.9854
2020-05-19 07:00:00+00:00,1,5.0,5.0,1995262314968.8828
2020-05-20 12:00:00+00:00,2,5.0,5.0,3990524629937.7656
2020-05-20 13:00:00+00:00,1,5.1,5.1,2818382931264.449
2020-05-20 20:00:00+00:00,1,5.2,5.2,3981071705534.9854
2020-05-20 23:00:00+00:00,1,5.7,5.7,22387211385683.47
2020-05-21 12:00:00+00:00,1,5.1,5.1,2818382931264.449
2020-05-21 19:00:00+00:00,1,5.1,5.1,2818382931264.449
2020-05-22 00:00:00+00:00,1,5.1,5.1,2818382931264.449
2020-05-22 03:00:00+00:00,1,5.1,5.1,2818382931264.449
2020-05-22 08:00:00+00:00,1,6.1,6.1,89125093813374.4
2020-05-22 19:00:00+00:00,1,5.0,5.0,1995262314968.8828
2020-05-22 22:00:00+00:00,1,5.1,5.1,2818382931264.449
2020-05-23 00:00:00+00:00,1,5.3,5.3,5623413251903.491
2020-05-23 02:00:00+00:00,2,5.2,5.2,7962143411069.971
2020-05-23 13:00:00+00:00,1,5.2,5.2,3981071705534.9854
2020-05-23 22:00:00+00:00,1,5.3,5.3,5623413251903.491
2020-05-23 23:00:00+00:00,1,5.5,5.5,11220184543019.652
2020-05-24 02:00:00+00:00,1,5.8,5.8,31622776601683.793
2020-05-24 03:00:00+00:00,1,5.3,5.3,5623413251903.491
2020-05-24 09:00:00+00:00,1,5.2,5.2,3981071705534.9854
2020-05-24 19:00:00+00:00,1,5.6,5.6,15848931924611.11
2020-05-24 23:00:00+00:00,1,5.1,5.1,2818382931264.449
2020-05-25 00:00:00+00:00,1,5.0,5.0,1995262314968.8828
2020-05-25 14:00:00+00:00,1,5.1,5.1,2818382931264.449
2020-05-25 23:00:00+00:00,1,5.2,5.2,3981071705534.9854
2020-05-26 05:00:00+00:00,3,5.133333333333334,5.4,11933806977180.621
2020-05-26 22:00:00+00:00,1,5.5,5.5,11220184543019.652
2020-05-27 01:00:00+00:00,1,5.1,5.1,2818382931264.449
2020-05-27 02:00:00+00:00,1,5.4,5.4,7943282347242.8545
2020-05-27 07:00:00+00:00,1,6.2,6.2,125892541179417.14
2020-05-27 08:00:00+00:00,1,5.0,5.0,1995262314968.8828
2020-05-27 09:00:00+00:00,1,5.3,5.3,5623413251903.491
2020-05-27 21:00:00+00:00,1,5.3,5.3,5623413251903.491
2020-05-28 05:00:00+00:00,1,5.1,5.1,2818382931264.449
2020-05-28 07:00:00+00:00,2,5.5,6.0,65090996762988.31
2020-05-28 08:00:00+00:00,1,5.0,5.0,1995262314968.8828
2020-05-28 09:00:00+00:00,1,5.8,5.8,31622776601683.793
2020-05-29 06:00:00+00:00,1,5.0,5.0,1995262314968.8828
2020-05-29 10:00:00+00:00,1,5.1,5.1,2818382931264.449
2020-05-29 11:00:00+00:00,1,5.3,5.3,5623413251903.491
2020-05-29 16:00:00+00:00,1,5.0,5.0,1995262314968.8828
2020-05-29 20:00:00+00:00,1,5.0,5.0,1995262314968.8828
2020-05-30 03:00:00+00:00,3,5.333333333333333,5.5,21981849821526.957
2020-05-30 13:00:00+00:00,1,5.6,5.6,15848931924611.11
2020-05-30 18:00:00+00:00,1,5.6,5.6,15848931924611.11
2020-05-31 00:00:00+00:00,1,5.2,5.2,3981071705534.9854
2020-05-31 05:00:00+00:00,1,6.1,6.1,89125093813374.4
2020-05-31 11:00:00+00:00,1,5.0,5.0,1995262314968.8828
2020-05-31 19:00:00+00:00,1,5.02,5.02,2137962089502.2236
2020-05-31 21:00:00+00:00,1,5.2,5.2,3981071705534.9854
2020-05-31 23:00:00+00:00,1,5.8,5.8,31622776601683.793
2020-06-01 00:00:00+00:00,1,5.0,5.0,1995262314968.8828
2020-06-02 00:00:00+00:00,1,5.0,5.0,1995262314968.8828
2020-06-02 02:00:00+00:00,1,5.1,5.1,2818382931264.449
2020-06-02 15:00:00+00:00,1,5.0,5.0,1995262314968.8828
2020-06-03 07:00:00+00:00,1,6.8,6.8,1000000000000000.0
2020-06-03 08:00:00+00:00,1,5.0,5.0,1995262314968.8828
2020-06-03 09:00:00+00:00,2,5.7,6.0,71039016795262.28
2020-06-03 15:00:00+00:00,1,5.7,5.7,22387211385683.47
2020-06-04 01:00:00+00:00,1,5.51,5.51,11614486138403.46
2020-06-04 08:00:00+00:00,1,6.4,6.4,251188643150959.25
2020-06-04 11:00:00+00:00,1,5.1,5.1,2818382931264.449
2020-06-05 04:00:00+00:00,1,5.2,5.2,3981071705534.9854
2020-06-05 06:00:00+00:00,1,5.3,5.3,5623413251903.491
2020-06-05 13:00:00+00:00,1,5.3,5.3,5623413251903.491
2020-06-05 16:00:00+00:00,1,5.0,5.0,1995262314968.8828
2020-06-05 18:00:00+00:00,1,5.1,5.1,2818382931264.449
2020-06-06 05:00:00+00:00,1,5.3,5.3,5623413251903.491
2020-06-06 07:00:00+00:00,1,5.0,5.0,1995262314968.8828
2020-06-06 08:00:00+00:00,1,5.0,5.0,1995262314968.8828
2020-06-06 10:00:00+00:00,1,5.7,5.7,22387211385683.47
2020-06-06 23:00:00+00:00,1,5.2,5.2,3981071705534.9854
2020-06-07 03:00:00+00:00,1,5.1,5.1,2818382931264.449
2020-06-07 10:00:00+00:00,1,5.4,5.4,7943282347242.8545
2020-06-07 14:00:00+00:00,2,5.75,5.8,54009987987367.266
2020-06-07 20:00:00+00:00,1,5.9,5.9,44668359215096.53
2020-06-08 02:00:00+00:00,1,5.0,5.0,1995262314968.8828
2020-06-09 04:00:00+00:00,1,5.7,5.7,22387211385683.47
2020-06-09 16:00:00+00:00,1,5.5,5.5,11220184543019.652
2020-06-09 17:00:00+00:00,1,5.7,5.7,22387211385683.47
2020-06-10 04:00:00+00:00,2,5.5,5.9,47486742146360.984
2020-06-10 19:00:00+00:00,1,6.0,6.0,63095734448019.43
2020-06-10 21:00:00+00:00,1,5.3,5.3,5623413251903.491
2020-06-12 00:00:00+00:00,1,5.1,5.1,2818382931264.449
2020-06-12 01:00:00+00:00,1,5.03,5.03,2213094709605.632
2020-06-12 02:00:00+00:00,1,5.7,5.7,22387211385683.47
2020-06-13 06:00:00+00:00,1,5.1,5.1,2818382931264.449
2020-06-13 09:00:00+00:00,1,5.1,5.1,2818382931264.449
2020-06-13 11:00:00+00:00,1,5.0,5.0,1995262314968.8828
2020-06-13 15:00:00+00:00,1,6.6,6.6,501187233627271.44
2020-06-13 18:00:00+00:00,1,5.0,5.0,1995262314968.8828
2020-06-13 20:00:00+00:00,1,5.4,5.4,7943282347242.8545
2020-06-13 21:00:00+00:00,1,6.2,6.2,125892541179417.14
2020-06-14 14:00:00+00:00,2,5.5,5.9,47486742146360.984
2020-06-14 16:00:00+00:00,1,5.0,5.0,1995262314968.8828
2020-06-14 18:00:00+00:00,1,5.2,5.2,3981071705534.9854
2020-06-14 19:00:00+00:00,1,5.1,5.1,2818382931264.449
2020-06-14 21:00:00+00:00,1,5.1,5.1,2818382931264.449
2020-06-14 22:00:00+00:00,1,5.1,5.1,2818382931264.449
2020-06-15 04:00:00+00:00,3,5.166666666666667,5.2,10780526342334.42
2020-06-15 06:00:00+00:00,1,5.5,5.5,11220184543019.652
2020-06-15 10:00:00+00:00,1,5.2,5.2,3981071705534.9854
2020-06-15 13:00:00+00:00,1,5.2,5.2,3981071705534.9854
2020-06-16 01:00:00+00:00,1,5.6,5.6,15848931924611.11
2020-06-16 08:00:00+00:00,1,5.0,5.0,1995262314968.8828
2020-06-16 09:00:00+00:00,1,5.0,5.0,1995262314968.8828
2020-06-16 14:00:00+00:00,1,5.5,5.5,11220184543019.652
2020-06-17 03:00:00+00:00,1,5.1,5.1,2818382931264.449
2020-06-17 06:00:00+00:00,1,5.6,5.6,15848931924611.11
2020-06-18 11:00:00+00:00,1,5.1,5.1,2818382931264.449
2020-06-18 12:00:00+00:00,1,7.4,7.4,7943282347242854.0
2020-06-18 15:00:00+00:00,2,5.35,5.5,15201256248554.637
2020-06-18 16:00:00+00:00,4,5.2,5.5,20834122424860.91
2020-06-18 19:00:00+00:00,2,5.25,5.3,9604484957438.477
2020-06-19 00:00:00+00:00,2,5.300000000000001,5.4,11924354052777.84
2020-06-19 02:00:00+00:00,1,5.1,5.1,2818382931264.449
2020-06-19 03:00:00+00:00,1,5.2,5.2,3981071705534.9854
2020-06-19 07:00:00+00:00,1,5.1,5.1,2818382931264.449
2020-06-19 10:00:00+00:00,1,5.6,5.6,15848931924611.11
2020-06-19 17:00:00+00:00,1,5.1,5.1,2818382931264.449
2020-06-19 20:00:00+00:00,1,5.1,5.1,2818382931264.449
2020-06-20 01:00:00+00:00,1,5.4,5.4,7943282347242.8545
2020-06-20 11:00:00+00:00,1,5.0,5.0,1995262314968.8828
2020-06-20 15:00:00+00:00,2,5.4,5.4,15886564694485.709
2020-06-20 19:00:00+00:00,1,5.7,5.7,22387211385683.47
2020-06-20 23:00:00+00:00,1,5.0,5.0,1995262314968.8828
2020-06-21 08:00:00+00:00,1,5.3,5.3,5623413251903.491
2020-06-21 09:00:00+00:00,1,5.3,5.3,5623413251903.491
2020-06-21 19:00:00+00:00,2,5.6,6.0,67076806153554.414
2020-06-21 22:00:00+00:00,1,5.6,5.6,15848931924611.11
2020-06-22 08:00:00+00:00,1,5.0,5.0,1995262314968.8828
2020-06-22 09:00:00+00:00,1,5.2,5.2,3981071705534.9854
2020-06-22 10:00:00+00:00,1,5.0,5.0,1995262314968.8828
2020-06-22 13:00:00+00:00,2,5.05,5.1,4813645246233.332
2020-06-22 14:00:00+00:00,1,5.5,5.5,11220184543019.652
2020-06-22 18:00:00+00:00,1,5.0,5.0,1995262314968.8828
2020-06-23 07:00:00+00:00,1,6.0,6.0,63095734448019.43
2020-06-23 15:00:00+00:00,2,6.2,7.4,7945277609557823.0
2020-06-23 17:00:00+00:00,1,5.9,5.9,44668359215096.53
2020-06-23 18:00:00+00:00,1,5.0,5.0,1995262314968.8828
2020-06-23 19:00:00+00:00,1,5.0,5.0,1995262314968.8828
2020-06-24 02:00:00+00:00,1,5.4,5.4,7943282347242.8545
2020-06-24 15:00:00+00:00,1,5.1,5.1,2818382931264.449
2020-06-24 17:00:00+00:00,1,5.8,5.8,31622776601683.793
2020-06-24 19:00:00+00:00,1,5.9,5.9,44668359215096.53
2020-06-24 22:00:00+00:00,1,5.6,5.6,15848931924611.11
2020-06-25 06:00:00+00:00,1,5.5,5.5,11220184543019.652
2020-06-25 10:00:00+00:00,1,5.4,5.4,7943282347242.8545
2020-06-25 11:00:00+00:00,1,5.2,5.2,3981071705534.9854
2020-06-25 18:00:00+00:00,1,5.1,5.1,2818382931264.449
2020-06-25 21:00:00+00:00,2,5.65,6.3,179823203318861.16
2020-06-26 02:00:00+00:00,1,5.0,5.0,1995262314968.8828
2020-06-26 07:00:00+00:00,1,5.2,5.2,3981071705534.9854
2020-06-26 11:00:00+00:00,1,5.3,5.3,5623413251903.491
2020-06-27 07:00:00+00:00,1,5.1,5.1,2818382931264.449
2020-06-28 17:00:00+00:00,1,5.4,5.4,7943282347242.8545
2020-06-29 05:00:00+00:00,2,5.05,5.1,4813645246233.332
2020-06-29 09:00:00+00:00,1,5.3,5.3,5623413251903.491
2020-06-29 19:00:00+00:00,1,5.7,5.7,22387211385683.47
2020-06-29 22:00:00+00:00,1,5.1,5.1,2818382931264.449
2020-06-30 05:00:00+00:00,1,5.0,5.0,1995262314968.8828
2020-06-30 09:00:00+00:00,1,5.0,5.0,1995262314968.8828
2020-06-30 22:00:00+00:00,1,5.1,5.1,2818382931264.449
2020-07-02 07:00:00+00:00,1,5.2,5.2,3981071705534.9854
2020-07-03 13:00:00+00:00,1,5.1,5.1,2818382931264.449
2020-07-03 20:00:00+00:00,1,5.3,5.3,5623413251903.491
2020-07-04 01:00:00+00:00,2,5.35,5.5,15201256248554.637
2020-07-04 07:00:00+00:00,1,5.3,5.3,5623413251903.491
2020-07-04 09:00:00+00:00,1,5.4,5.4,7943282347242.8545
2020-07-04 16:00:00+00:00,1,5.03,5.03,2213094709605.632
2020-07-05 04:00:00+00:00,1,5.1,5.1,2818382931264.449
2020-07-05 08:00:00+00:00,1,5.5,5.5,11220184543019.652
2020-07-05 18:00:00+00:00,1,5.8,5.8,31622776601683.793
2020-07-06 12:00:00+00:00,1,5.5,5.5,11220184543019.652
2020-07-06 15:00:00+00:00,1,5.0,5.0,1995262314968.8828
2020-07-06 18:00:00+00:00,3,5.633333333333333,6.2,150275014880069.5
2020-07-06 20:00:00+00:00,1,5.2,5.2,3981071705534.9854
2020-07-06 21:00:00+00:00,1,5.1,5.1,2818382931264.449
2020-07-06 22:00:00+00:00,1,6.6,6.6,501187233627271.44
2020-07-07 04:00:00+00:00,3,5.166666666666667,5.4,12756927593476.188
2020-07-07 06:00:00+00:00,1,5.0,5.0,1995262314968.8828
2020-07-07 20:00:00+00:00,1,5.2,5.2,3981071705534.9854
2020-07-08 01:00:00+00:00,1,5.1,5.1,2818382931264.449
2020-07-08 05:00:00+00:00,1,5.0,5.0,1995262314968.8828
2020-07-10 06:00:00+00:00,1,5.3,5.3,5623413251903.491
2020-07-10 17:00:00+00:00,1,5.1,5.1,2818382931264.449
2020-07-10 22:00:00+00:00,1,5.0,5.0,1995262314968.8828
2020-07-11 18:00:00+00:00,1,5.3,5.3,5623413251903.491
2020-07-11 21:00:00+00:00,1,5.4,5.4,7943282347242.8545
2020-07-12 15:00:00+00:00,1,5.1,5.1,2818382931264.449
2020-07-12 22:00:00+00:00,1,5.4,5.4,7943282347242.8545
2020-07-13 00:00:00+00:00,1,5.0,5.0,1995262314968.8828
2020-07-13 06:00:00+00:00,1,5.0,5.0,1995262314968.8828
2020-07-13 08:00:00+00:00,1,5.3,5.3,5623413251903.491
2020-07-13 22:00:00+00:00,1,5.1,5.1,2818382931264.449
2020-07-14 01:00:00+00:00,1,5.2,5.2,3981071705534.9854
2020-07-14 19:00:00+00:00,1,5.1,5.1,2818382931264.449
2020-07-14 23:00:00+00:00,1,5.7,5.7,22387211385683.47
2020-07-15 00:00:00+00:00,1,5.0,5.0,1995262314968.8828
2020-07-15 08:00:00+00:00,1,5.2,5.2,3981071705534.9854
2020-07-15 15:00:00+00:00,1,5.0,5.0,1995262314968.8828
2020-07-15 21:00:00+00:00,1,5.8,5.8,31622776601683.793
2020-07-16 20:00:00+00:00,1,5.1,5.1,2818382931264.449
2020-07-17 02:00:00+00:00,1,7.0,7.0,1995262314968882.8
2020-07-17 05:00:00+00:00,1,5.9,5.9,44668359215096.53
2020-07-17 06:00:00+00:00,1,5.0,5.0,1995262314968.8828
2020-07-17 13:00:00+00:00,1,5.1,5.1,2818382931264.449
2020-07-17 14:00:00+00:00,2,5.55,6.1,91120356128343.28
2020-07-17 16:00:00+00:00,1,5.1,5.1,2818382931264.449
2020-07-17 18:00:00+00:00,1,5.7,5.7,22387211385683.47
2020-07-18 01:00:00+00:00,1,5.8,5.8,31622776601683.793
2020-07-18 12:00:00+00:00,1,5.0,5.0,1995262314968.8828
2020-07-18 15:00:00+00:00,1,6.1,6.1,89125093813374.4
2020-07-19 02:00:00+00:00,1,5.4,5.4,7943282347242.8545
2020-07-19 10:00:00+00:00,1,5.0,5.0,1995262314968.8828
2020-07-20 01:00:00+00:00,1,5.1,5.1,2818382931264.449
2020-07-20 03:00:00+00:00,1,5.2,5.2,3981071705534.9854
2020-07-20 23:00:00+00:00,1,5.1,5.1,2818382931264.449
2020-07-21 14:00:00+00:00,1,5.0,5.0,1995262314968.8828
2020-07-21 20:00:00+00:00,1,6.0,6.0,63095734448019.43
2020-07-22 03:00:00+00:00,1,5.1,5.1,2818382931264.449
2020-07-22 06:00:00+00:00,3,6.5,7.8,3.1727750627421776e+16
2020-07-22 07:00:00+00:00,1,5.1,5.1,2818382931264.449
2020-07-22 08:00:00+00:00,1,5.7,5.7,22387211385683.47
2020-07-22 11:00:00+00:00,1,5.0,5.0,1995262314968.8828
2020-07-22 20:00:00+00:00,2,5.65,6.3,179823203318861.16
2020-07-22 21:00:00+00:00,1,5.5,5.5,11220184543019.652
2020-07-22 22:00:00+00:00,1,5.0,5.0,1995262314968.8828
2020-07-23 10:00:00+00:00,1,5.1,5.1,2818382931264.449
2020-07-23 11:00:00+00:00,1,5.0,5.0,1995262314968.8828
2020-07-24 03:00:00+00:00,2,5.25,5.5,13215446857988.535
2020-07-24 13:00:00+00:00,1,5.0,5.0,1995262314968.8828
2020-07-24 19:00:00+00:00,1,5.1,5.1,2818382931264.449
2020-07-25 01:00:00+00:00,1,5.3,5.3,5623413251903.491
2020-07-25 22:00:00+00:00,1,5.4,5.4,7943282347242.8545
2020-07-26 00:00:00+00:00,1,6.4,6.4,251188643150959.25
2020-07-26 01:00:00+00:00,1,5.2,5.2,3981071705534.9854
2020-07-26 03:00:00+00:00,2,5.25,5.3,9604484957438.477
2020-07-26 12:00:00+00:00,1,5.2,5.2,3981071705534.9854
2020-07-27 17:00:00+00:00,1,5.8,5.8,31622776601683.793
2020-07-27 19:00:00+00:00,1,5.5,5.5,11220184543019.652
2020-07-27 21:00:00+00:00,1,5.01,5.01,2065380155810.527
2020-07-27 23:00:00+00:00,1,5.3,5.3,5623413251903.491
2020-07-28 08:00:00+00:00,1,6.1,6.1,89125093813374.4
2020-07-28 12:00:00+00:00,1,5.0,5.0,1995262314968.8828
2020-07-29 09:00:00+00:00,1,5.6,5.6,15848931924611.11
2020-07-29 10:00:00+00:00,1,5.0,5.0,1995262314968.8828
2020-07-29 16:00:00+00:00,1,5.0,5.0,1995262314968.8828
2020-07-30 00:00:00+00:00,1,5.8,5.8,31622776601683.793
2020-07-30 02:00:00+00:00,1,5.3,5.3,5623413251903.491
2020-07-30 16:00:00+00:00,1,5.0,5.0,1995262314968.8828
2020-07-30 19:00:00+00:00,1,5.7,5.7,22387211385683.47
2020-07-31 06:00:00+00:00,1,5.7,5.7,22387211385683.47
2020-07-31 10:00:00+00:00,2,5.3,5.6,17844194239579.992
2020-07-31 16:00:00+00:00,1,5.2,5.2,3981071705534.9854
2020-07-31 17:00:00+00:00,1,5.2,5.2,3981071705534.9854
2020-08-01 08:00:00+00:00,1,5.1,5.1,2818382931264.449
2020-08-01 09:00:00+00:00,1,5.5,5.5,11220184543019.652
2020-08-01 17:00:00+00:00,1,6.4,6.4,251188643150959.25
2020-08-01 19:00:00+00:00,3,5.8,6.1,127361237123668.98
2020-08-02 03:00:00+00:00,1,5.7,5.7,22387211385683.47
2020-08-02 09:00:00+00:00,1,5.9,5.9,44668359215096.53
2020-08-02 14:00:00+00:00,1,5.4,5.4,7943282347242.8545
2020-08-02 16:00:00+00:00,1,5.0,5.0,1995262314968.8828
2020-08-03 01:00:00+00:00,1,5.2,5.2,3981071705534.9854
2020-08-03 08:00:00+00:00,1,5.4,5.4,7943282347242.8545
2020-08-03 11:00:00+00:00,1,5.5,5.5,11220184543019.652
2020-08-03 15:00:00+00:00,1,5.0,5.0,1995262314968.8828
2020-08-03 21:00:00+00:00,1,5.6,5.6,15848931924611.11
2020-08-04 09:00:00+00:00,1,5.6,5.6,15848931924611.11
2020-08-04 11:00:00+00:00,1,5.0,5.0,1995262314968.8828
2020-08-04 12:00:00+00:00,1,5.2,5.2,3981071705534.9854
2020-08-04 16:00:00+00:00,1,5.6,5.6,15848931924611.11
2020-08-04 17:00:00+00:00,1,5.4,5.4,7943282347242.8545
2020-08-04 19:00:00+00:00,1,5.8,5.8,31622776601683.793
2020-08-04 23:00:00+00:00,1,5.1,5.1,2818382931264.449
2020-08-05 01:00:00+00:00,1,5.0,5.0,1995262314968.8828
2020-08-05 02:00:00+00:00,1,5.0,5.0,1995262314968.8828
2020-08-05 08:00:00+00:00,2,5.199999999999999,5.3,8441796183167.94
2020-08-05 12:00:00+00:00,1,6.4,6.4,251188643150959.25
2020-08-05 16:00:00+00:00,1,5.1,5.1,2818382931264.449
2020-08-05 17:00:00+00:00,1,5.3,5.3,5623413251903.491
2020-08-05 21:00:00+00:00,1,5.0,5.0,1995262314968.8828
2020-08-06 03:00:00+00:00,1,5.1,5.1,2818382931264.449
2020-08-06 13:00:00+00:00,1,5.2,5.2,3981071705534.9854
2020-08-06 15:00:00+00:00,1,5.2,5.2,3981071705534.9854
2020-08-06 22:00:00+00:00,1,5.3,5.3,5623413251903.491
2020-08-06 23:00:00+00:00,1,6.3,6.3,177827941003892.28
2020-08-07 03:00:00+00:00,1,5.3,5.3,5623413251903.491
2020-08-07 04:00:00+00:00,1,5.0,5.0,1995262314968.8828
2020-08-07 06:00:00+00:00,1,5.0,5.0,1995262314968.8828
2020-08-08 00:00:00+00:00,1,5.3,5.3,5623413251903.491
2020-08-08 10:00:00+00:00,3,5.166666666666667,5.3,11260179114432.39
2020-08-08 12:00:00+00:00,1,5.4,5.4,7943282347242.8545
2020-08-08 14:00:00+00:00,1,5.5,5.5,11220184543019.652
2020-08-08 16:00:00+00:00,1,5.0,5.0,1995262314968.8828
2020-08-09 04:00:00+00:00,1,5.0,5.0,1995262314968.8828
2020-08-09 09:00:00+00:00,1,5.0,5.0,1995262314968.8828
2020-08-09 12:00:00+00:00,2,5.3,5.5,14038567474284.102
2020-08-09 14:00:00+00:00,1,5.1,5.1,2818382931264.449
2020-08-09 16:00:00+00:00,1,5.3,5.3,5623413251903.491
2020-08-09 23:00:00+00:00,1,5.7,5.7,22387211385683.47
2020-08-10 01:00:00+00:00,1,5.0,5.0,1995262314968.8828
2020-08-10 14:00:00+00:00,1,5.7,5.7,22387211385683.47
2020-08-10 23:00:00+00:00,1,5.0,5.0,1995262314968.8828
2020-08-11 10:00:00+00:00,1,5.1,5.1,2818382931264.449
2020-08-11 21:00:00+00:00,1,5.15,5.15,3349654391578.2793
2020-08-11 23:00:00+00:00,1,5.0,5.0,1995262314968.8828
2020-08-12 07:00:00+00:00,1,5.0,5.0,1995262314968.8828
2020-08-12 10:00:00+00:00,1,5.1,5.1,2818382931264.449
2020-08-12 17:00:00+00:00,2,5.5,6.0,65090996762988.31
2020-08-12 22:00:00+00:00,2,5.55,5.6,27069116467630.76
2020-08-13 06:00:00+00:00,1,5.7,5.7,22387211385683.47
2020-08-13 14:00:00+00:00,1,5.1,5.1,2818382931264.449
2020-08-14 09:00:00+00:00,2,5.15,5.3,7618675566872.374
2020-08-14 13:00:00+00:00,1,5.1,5.1,2818382931264.449
2020-08-14 20:00:00+00:00,1,5.0,5.0,1995262314968.8828
2020-08-15 04:00:00+00:00,1,5.0,5.0,1995262314968.8828
2020-08-15 06:00:00+00:00,1,5.8,5.8,31622776601683.793
2020-08-15 07:00:00+00:00,1,5.0,5.0,1995262314968.8828
2020-08-15 10:00:00+00:00,1,5.0,5.0,1995262314968.8828
2020-08-15 22:00:00+00:00,1,5.1,5.1,2818382931264.449
2020-08-16 01:00:00+00:00,1,5.0,5.0,1995262314968.8828
2020-08-16 02:00:00+00:00,1,5.0,5.0,1995262314968.8828
2020-08-16 03:00:00+00:00,1,5.1,5.1,2818382931264.449
2020-08-16 06:00:00+00:00,1,5.2,5.2,3981071705534.9854
2020-08-16 07:00:00+00:00,1,5.2,5.2,3981071705534.9854
2020-08-16 20:00:00+00:00,1,5.8,5.8,31622776601683.793
2020-08-17 07:00:00+00:00,1,5.0,5.0,1995262314968.8828
2020-08-17 09:00:00+00:00,2,5.15,5.2,6799454636799.435
2020-08-17 11:00:00+00:00,1,5.4,5.4,7943282347242.8545
2020-08-17 12:00:00+00:00,1,5.4,5.4,7943282347242.8545
2020-08-17 15:00:00+00:00,1,5.12,5.12,3019951720402.019
2020-08-17 18:00:00+00:00,1,5.0,5.0,1995262314968.8828
2020-08-18 00:00:00+00:00,1,6.6,6.6,501187233627271.44
2020-08-18 04:00:00+00:00,1,5.8,5.8,31622776601683.793
2020-08-18 18:00:00+00:00,1,5.1,5.1,2818382931264.449
2020-08-18 22:00:00+00:00,3,6.233333333333333,6.9,2414532806937730.0
2020-08-19 19:00:00+00:00,2,5.1,5.1,5636765862528.898
2020-08-20 01:00:00+00:00,1,5.3,5.3,5623413251903.491
2020-08-20 03:00:00+00:00,1,5.09,5.09,2722701308077.9043
2020-08-20 16:00:00+00:00,1,5.0,5.0,1995262314968.8828
2020-08-21 04:00:00+00:00,1,6.9,6.9,1412537544622761.2
2020-08-22 00:00:00+00:00,1,5.5,5.5,11220184543019.652
2020-08-22 08:00:00+00:00,1,5.8,5.8,31622776601683.793
2020-08-22 10:00:00+00:00,2,5.35,5.5,15201256248554.637
2020-08-22 11:00:00+00:00,1,5.6,5.6,15848931924611.11
2020-08-23 16:00:00+00:00,1,5.4,5.4,7943282347242.8545
2020-08-23 17:00:00+00:00,1,5.2,5.2,3981071705534.9854
2020-08-24 00:00:00+00:00,1,5.4,5.4,7943282347242.8545
2020-08-24 07:00:00+00:00,1,5.0,5.0,1995262314968.8828
2020-08-24 10:00:00+00:00,1,5.0,5.0,1995262314968.8828
2020-08-24 14:00:00+00:00,1,5.0,5.0,1995262314968.8828
2020-08-24 17:00:00+00:00,1,5.6,5.6,15848931924611.11
2020-08-24 21:00:00+00:00,1,6.0,6.0,63095734448019.43
2020-08-24 22:00:00+00:00,1,5.3,5.3,5623413251903.491
2020-08-25 05:00:00+00:00,1,5.5,5.5,11220184543019.652
2020-08-25 07:00:00+00:00,1,5.2,5.2,3981071705534.9854
2020-08-25 19:00:00+00:00,4,5.675,6.2,202203722485425.12
2020-08-25 20:00:00+00:00,1,5.1,5.1,2818382931264.449
2020-08-25 23:00:00+00:00,1,5.0,5.0,1995262314968.8828
2020-08-27 05:00:00+00:00,1,5.0,5.0,1995262314968.8828
2020-08-27 12:00:00+00:00,1,5.3,5.3,5623413251903.491
2020-08-27 16:00:00+00:00,1,5.2,5.2,3981071705534.9854
2020-08-27 21:00:00+00:00,1,5.3,5.3,5623413251903.491
2020-08-28 02:00:00+00:00,1,5.9,5.9,44668359215096.53
2020-08-28 15:00:00+00:00,1,5.6,5.6,15848931924611.11
2020-08-29 07:00:00+00:00,1,5.2,5.2,3981071705534.9854
2020-08-29 12:00:00+00:00,1,5.0,5.0,1995262314968.8828
2020-08-30 10:00:00+00:00,1,5.4,5.4,7943282347242.8545
2020-08-30 13:00:00+00:00,1,5.1,5.1,2818382931264.449
2020-08-30 21:00:00+00:00,1,6.5,6.5,354813389233576.06
2020-08-31 03:00:00+00:00,1,5.2,5.2,3981071705534.9854
2020-08-31 17:00:00+00:00,1,6.1,6.1,89125093813374.4
2020-08-31 20:00:00+00:00,1,5.8,5.8,31622776601683.793
2020-08-31 21:00:00+00:00,1,5.9,5.9,44668359215096.53
2020-09-01 00:00:00+00:00,1,5.6,5.6,15848931924611.11
2020-09-01 04:00:00+00:00,4,5.824999999999999,6.8,1183464706866421.2
2020-09-01 05:00:00+00:00,1,5.4,5.4,7943282347242.8545
2020-09-01 07:00:00+00:00,1,5.8,5.8,31622776601683.793
2020-09-01 10:00:00+00:00,2,5.5,5.7,28010624637586.96
2020-09-01 17:00:00+00:00,1,5.0,5.0,1995262314968.8828
2020-09-01 21:00:00+00:00,1,6.5,6.5,354813389233576.06
2020-09-01 23:00:00+00:00,1,5.3,5.3,5623413251903.491
2020-09-02 00:00:00+00:00,1,5.1,5.1,2818382931264.449
2020-09-02 10:00:00+00:00,1,5.0,5.0,1995262314968.8828
2020-09-02 17:00:00+00:00,1,5.1,5.1,2818382931264.449
2020-09-02 21:00:00+00:00,1,5.3,5.3,5623413251903.491
2020-09-03 02:00:00+00:00,1,5.0,5.0,1995262314968.8828
2020-09-03 16:00:00+00:00,1,5.3,5.3,5623413251903.491
2020-09-03 21:00:00+00:00,1,5.3,5.3,5623413251903.491
2020-09-03 23:00:00+00:00,1,5.0,5.0,1995262314968.8828
2020-09-04 03:00:00+00:00,1,5.0,5.0,1995262314968.8828
2020-09-04 05:00:00+00:00,1,5.2,5.2,3981071705534.9854
2020-09-04 10:00:00+00:00,1,5.2,5.2,3981071705534.9854
2020-09-04 17:00:00+00:00,2,5.449999999999999,5.6,21472345176514.6
2020-09-06 00:00:00+00:00,1,5.9,5.9,44668359215096.53
2020-09-06 01:00:00+00:00,1,6.3,6.3,177827941003892.28
2020-09-06 02:00:00+00:00,1,6.2,6.2,125892541179417.14
2020-09-06 04:00:00+00:00,2,5.25,5.4,10761665278507.305
2020-09-06 06:00:00+00:00,2,5.85,6.7,709941046699109.1
2020-09-06 14:00:00+00:00,1,5.5,5.5,11220184543019.652
2020-09-06 15:00:00+00:00,2,5.75,6.3,181809012709427.28
2020-09-06 20:00:00+00:00,1,5.0,5.0,1995262314968.8828
2020-09-06 21:00:00+00:00,2,5.199999999999999,5.3,8441796183167.94
2020-09-07 00:00:00+00:00,1,5.0,5.0,1995262314968.8828
2020-09-07 04:00:00+00:00,1,5.0,5.0,1995262314968.8828
2020-09-07 06:00:00+00:00,2,5.95,6.2,148279752565100.62
2020-09-07 17:00:00+00:00,1,5.6,5.6,15848931924611.11
2020-09-08 00:00:00+00:00,1,5.9,5.9,44668359215096.53
2020-09-08 02:00:00+00:00,1,5.0,5.0,1995262314968.8828
2020-09-08 04:00:00+00:00,1,5.0,5.0,1995262314968.8828
2020-09-08 08:00:00+00:00,1,5.4,5.4,7943282347242.8545
2020-09-09 03:00:00+00:00,1,5.4,5.4,7943282347242.8545
2020-09-09 07:00:00+00:00,1,5.7,5.7,22387211385683.47
2020-09-09 10:00:00+00:00,1,5.4,5.4,7943282347242.8545
2020-09-09 22:00:00+00:00,1,5.2,5.2,3981071705534.9854
2020-09-11 07:00:00+00:00,1,6.2,6.2,125892541179417.14
2020-09-11 22:00:00+00:00,1,5.0,5.0,1995262314968.8828
2020-09-11 23:00:00+00:00,2,5.0,5.0,3990524629937.7656
2020-09-12 02:00:00+00:00,3,5.566666666666666,6.1,106969288052954.39
2020-09-12 06:00:00+00:00,1,5.1,5.1,2818382931264.449
2020-09-12 08:00:00+00:00,1,5.9,5.9,44668359215096.53
2020-09-12 20:00:00+00:00,1,5.2,5.2,3981071705534.9854
2020-09-13 10:00:00+00:00,1,5.2,5.2,3981071705534.9854
2020-09-13 11:00:00+00:00,1,5.0,5.0,1995262314968.8828
2020-09-13 13:00:00+00:00,1,5.0,5.0,1995262314968.8828
2020-09-13 18:00:00+00:00,1,5.0,5.0,1995262314968.8828
2020-09-14 08:00:00+00:00,1,5.0,5.0,1995262314968.8828
2020-09-15 03:00:00+00:00,1,6.4,6.4,251188643150959.25
2020-09-15 04:00:00+00:00,1,5.9,5.9,44668359215096.53
2020-09-15 15:00:00+00:00,1,5.0,5.0,1995262314968.8828
2020-09-15 23:00:00+00:00,1,5.3,5.3,5623413251903.491
2020-09-16 08:00:00+00:00,1,5.7,5.7,22387211385683.47
2020-09-17 01:00:00+00:00,1,5.2,5.2,3981071705534.9854
2020-09-17 03:00:00+00:00,2,5.35,5.7,24382473700652.35
2020-09-17 10:00:00+00:00,1,5.5,5.5,11220184543019.652
2020-09-17 17:00:00+00:00,1,5.5,5.5,11220184543019.652
2020-09-18 16:00:00+00:00,1,5.9,5.9,44668359215096.53
2020-09-18 17:00:00+00:00,1,5.1,5.1,2818382931264.449
2020-09-18 18:00:00+00:00,1,5.2,5.2,3981071705534.9854
2020-09-18 20:00:00+00:00,1,5.2,5.2,3981071705534.9854
2020-09-18 21:00:00+00:00,1,6.9,6.9,1412537544622761.2
2020-09-19 11:00:00+00:00,1,5.3,5.3,5623413251903.491
2020-09-19 21:00:00+00:00,1,5.8,5.8,31622776601683.793
2020-09-19 23:00:00+00:00,1,5.0,5.0,1995262314968.8828
2020-09-20 01:00:00+00:00,1,5.1,5.1,2818382931264.449
2020-09-20 09:00:00+00:00,1,5.5,5.5,11220184543019.652
2020-09-20 13:00:00+00:00,1,5.0,5.0,1995262314968.8828
2020-09-20 16:00:00+00:00,1,5.0,5.0,1995262314968.8828
2020-09-20 19:00:00+00:00,1,5.1,5.1,2818382931264.449
2020-09-20 22:00:00+00:00,2,5.449999999999999,5.6,21472345176514.6
2020-09-21 12:00:00+00:00,1,5.5,5.5,11220184543019.652
2020-09-21 13:00:00+00:00,1,5.8,5.8,31622776601683.793
2020-09-21 18:00:00+00:00,1,5.5,5.5,11220184543019.652
2020-09-22 00:00:00+00:00,1,5.0,5.0,1995262314968.8828
2020-09-22 01:00:00+00:00,1,5.0,5.0,1995262314968.8828
2020-09-22 23:00:00+00:00,2,5.2,5.2,7962143411069.971
2020-09-24 00:00:00+00:00,1,5.8,5.8,31622776601683.793
2020-09-24 02:00:00+00:00,2,5.1,5.2,5976334020503.868
2020-09-24 23:00:00+00:00,1,5.3,5.3,5623413251903.491
2020-09-25 03:00:00+00:00,1,5.0,5.0,1995262314968.8828
2020-09-25 10:00:00+00:00,1,5.3,5.3,5623413251903.491
2020-09-26 05:00:00+00:00,1,5.2,5.2,3981071705534.9854
2020-09-26 17:00:00+00:00,1,6.1,6.1,89125093813374.4
2020-09-26 22:00:00+00:00,1,5.4,5.4,7943282347242.8545
2020-09-27 00:00:00+00:00,1,5.5,5.5,11220184543019.652
2020-09-27 04:00:00+00:00,1,5.5,5.5,11220184543019.652
2020-09-27 09:00:00+00:00,1,5.3,5.3,5623413251903.491
2020-09-27 17:00:00+00:00,1,5.0,5.0,1995262314968.8828
2020-09-28 02:00:00+00:00,1,5.2,5.2,3981071705534.9854
2020-09-28 08:00:00+00:00,1,5.1,5.1,2818382931264.449
2020-09-29 00:00:00+00:00,1,5.0,5.0,1995262314968.8828
2020-09-29 01:00:00+00:00,1,5.1,5.1,2818382931264.449
2020-09-29 19:00:00+00:00,1,5.1,5.1,2818382931264.449
2020-09-30 04:00:00+00:00,1,5.0,5.0,1995262314968.8828
2020-09-30 19:00:00+00:00,1,5.3,5.3,5623413251903.491
2020-09-30 22:00:00+00:00,1,5.1,5.1,2818382931264.449
2020-10-01 01:00:00+00:00,1,6.4,6.4,251188643150959.25
2020-10-01 10:00:00+00:00,2,5.699999999999999,6.1,94748507065277.89
2020-10-01 11:00:00+00:00,1,5.0,5.0,1995262314968.8828
2020-10-01 18:00:00+00:00,1,5.0,5.0,1995262314968.8828
2020-10-02 10:00:00+00:00,1,5.7,5.7,22387211385683.47
2020-10-02 13:00:00+00:00,1,5.1,5.1,2818382931264.449
2020-10-02 23:00:00+00:00,1,5.2,5.2,3981071705534.9854
2020-10-03 09:00:00+00:00,1,5.8,5.8,31622776601683.793
2020-10-03 12:00:00+00:00,1,5.1,5.1,2818382931264.449
2020-10-03 13:00:00+00:00,1,5.3,5.3,5623413251903.491
2020-10-03 16:00:00+00:00,1,5.4,5.4,7943282347242.8545
2020-10-04 03:00:00+00:00,1,5.1,5.1,2818382931264.449
2020-10-04 09:00:00+00:00,1,5.1,5.1,2818382931264.449
2020-10-04 18:00:00+00:00,1,5.6,5.6,15848931924611.11
2020-10-05 03:00:00+00:00,1,5.0,5.0,1995262314968.8828
2020-10-05 07:00:00+00:00,1,5.2,5.2,3981071705534.9854
2020-10-05 08:00:00+00:00,1,5.2,5.2,3981071705534.9854
2020-10-05 13:00:00+00:00,1,5.0,5.0,1995262314968.8828
2020-10-05 19:00:00+00:00,2,5.199999999999999,5.3,8441796183167.94
2020-10-05 23:00:00+00:00,1,5.0,5.0,1995262314968.8828
2020-10-06 04:00:00+00:00,1,5.4,5.4,7943282347242.8545
2020-10-06 05:00:00+00:00,1,5.9,5.9,44668359215096.53
2020-10-06 10:00:00+00:00,1,5.9,5.9,44668359215096.53
2020-10-06 13:00:00+00:00,1,5.4,5.4,7943282347242.8545
2020-10-07 18:00:00+00:00,1,5.3,5.3,5623413251903.491
2020-10-08 07:00:00+00:00,1,6.3,6.3,177827941003892.28
2020-10-08 10:00:00+00:00,1,5.3,5.3,5623413251903.491
2020-10-08 14:00:00+00:00,1,5.7,5.7,22387211385683.47
2020-10-08 15:00:00+00:00,3,5.333333333333333,5.8,37599110622187.664
2020-10-08 18:00:00+00:00,1,5.0,5.0,1995262314968.8828
2020-10-08 23:00:00+00:00,1,5.1,5.1,2818382931264.449
2020-10-09 02:00:00+00:00,1,5.4,5.4,7943282347242.8545
2020-10-09 08:00:00+00:00,1,5.0,5.0,1995262314968.8828
2020-10-09 21:00:00+00:00,1,5.4,5.4,7943282347242.8545
2020-10-10 03:00:00+00:00,1,5.0,5.0,1995262314968.8828
2020-10-10 13:00:00+00:00,1,5.9,5.9,44668359215096.53
2020-10-10 17:00:00+00:00,1,5.5,5.5,11220184543019.652
2020-10-10 20:00:00+00:00,1,5.0,5.0,1995262314968.8828
2020-10-11 14:00:00+00:00,1,5.6,5.6,15848931924611.11
2020-10-12 00:00:00+00:00,2,5.1,5.1,5636765862528.898
2020-10-12 04:00:00+00:00,4,5.325,5.6,33045450488134.63
2020-10-12 06:00:00+00:00,1,5.1,5.1,2818382931264.449
2020-10-12 21:00:00+00:00,1,5.0,5.0,1995262314968.8828
2020-10-13 09:00:00+00:00,1,5.4,5.4,7943282347242.8545
2020-10-14 15:00:00+00:00,1,5.0,5.0,1995262314968.8828
2020-10-15 07:00:00+00:00,1,5.1,5.1,2818382931264.449
2020-10-15 09:00:00+00:00,1,5.2,5.2,3981071705534.9854
2020-10-16 00:00:00+00:00,1,5.1,5.1,2818382931264.449
2020-10-16 20:00:00+00:00,1,5.4,5.4,7943282347242.8545
2020-10-17 00:00:00+00:00,1,5.1,5.1,2818382931264.449
2020-10-17 04:00:00+00:00,1,5.2,5.2,3981071705534.9854
2020-10-17 10:00:00+00:00,1,5.5,5.5,11220184543019.652
2020-10-17 17:00:00+00:00,2,5.2,5.2,7962143411069.971
2020-10-18 00:00:00+00:00,1,5.2,5.2,3981071705534.9854
2020-10-18 06:00:00+00:00,1,5.5,5.5,11220184543019.652
2020-10-18 09:00:00+00:00,1,5.1,5.1,2818382931264.449
2020-10-18 22:00:00+00:00,1,5.1,5.1,2818382931264.449
2020-10-19 07:00:00+00:00,2,5.55,5.6,27069116467630.76
2020-10-19 09:00:00+00:00,2,5.1,5.1,5636765862528.898
2020-10-19 14:00:00+00:00,1,5.2,5.2,3981071705534.9854
2020-10-19 20:00:00+00:00,1,7.6,7.6,1.5848931924611108e+16
2020-10-19 21:00:00+00:00,8,5.5,5.9,154126042696347.97
2020-10-20 04:00:00+00:00,1,5.6,5.6,15848931924611.11
2020-10-20 12:00:00+00:00,1,5.1,5.1,2818382931264.449
2020-10-20 13:00:00+00:00,2,5.4,5.6,19830003630146.094
2020-10-20 18:00:00+00:00,1,5.0,5.0,1995262314968.8828
2020-10-21 00:00:00+00:00,1,5.9,5.9,44668359215096.53
2020-10-21 01:00:00+00:00,1,5.1,5.1,2818382931264.449
2020-10-21 02:00:00+00:00,1,5.2,5.2,3981071705534.9854
2020-10-21 04:00:00+00:00,2,5.300000000000001,5.4,11924354052777.84
2020-10-21 09:00:00+00:00,1,5.7,5.7,22387211385683.47
2020-10-21 23:00:00+00:00,1,5.2,5.2,3981071705534.9854
2020-10-22 03:00:00+00:00,1,5.3,5.3,5623413251903.491
2020-10-22 08:00:00+00:00,1,5.8,5.8,31622776601683.793
2020-10-22 23:00:00+00:00,1,5.0,5.0,1995262314968.8828
2020-10-23 00:00:00+00:00,1,5.4,5.4,7943282347242.8545
2020-10-23 01:00:00+00:00,1,5.9,5.9,44668359215096.53
2020-10-23 02:00:00+00:00,1,5.0,5.0,1995262314968.8828
2020-10-23 07:00:00+00:00,1,6.1,6.1,89125093813374.4
2020-10-23 16:00:00+00:00,2,5.0,5.0,3990524629937.7656
2020-10-23 19:00:00+00:00,1,5.2,5.2,3981071705534.9854
2020-10-24 10:00:00+00:00,1,5.0,5.0,1995262314968.8828
2020-10-24 11:00:00+00:00,1,5.0,5.0,1995262314968.8828
2020-10-25 00:00:00+00:00,1,5.4,5.4,7943282347242.8545
2020-10-25 11:00:00+00:00,2,5.5,5.9,47486742146360.984
2020-10-25 12:00:00+00:00,1,5.1,5.1,2818382931264.449
2020-10-25 21:00:00+00:00,1,5.3,5.3,5623413251903.491
2020-10-25 23:00:00+00:00,1,5.5,5.5,11220184543019.652
2020-10-26 02:00:00+00:00,1,5.0,5.0,1995262314968.8828
2020-10-26 08:00:00+00:00,1,5.1,5.1,2818382931264.449
2020-10-26 21:00:00+00:00,1,5.0,5.0,1995262314968.8828
2020-10-27 19:00:00+00:00,1,5.4,5.4,7943282347242.8545
2020-10-28 04:00:00+00:00,2,5.5,5.5,22440369086039.305
2020-10-28 09:00:00+00:00,2,5.449999999999999,5.6,21472345176514.6
2020-10-28 12:00:00+00:00,2,5.35,5.4,13566695599146.346
2020-10-28 14:00:00+00:00,2,5.8,5.8,63245553203367.586
2020-10-28 15:00:00+00:00,1,5.0,5.0,1995262314968.8828
2020-10-28 22:00:00+00:00,2,5.4,5.4,15886564694485.709
2020-10-29 07:00:00+00:00,2,5.05,5.1,4813645246233.332
2020-10-29 18:00:00+00:00,1,5.0,5.0,1995262314968.8828
2020-10-30 02:00:00+00:00,1,5.3,5.3,5623413251903.491
2020-10-30 04:00:00+00:00,1,5.1,5.1,2818382931264.449
2020-10-30 08:00:00+00:00,1,5.9,5.9,44668359215096.53
2020-10-30 10:00:00+00:00,1,5.2,5.2,3981071705534.9854
2020-10-30 11:00:00+00:00,2,6.25,7.0,2006482499511902.5
2020-10-30 15:00:00+00:00,1,5.3,5.3,5623413251903.491
2020-10-30 18:00:00+00:00,2,5.3,5.5,14038567474284.102
2020-10-30 22:00:00+00:00,1,5.6,5.6,15848931924611.11
2020-10-30 23:00:00+00:00,1,5.3,5.3,5623413251903.491
2020-10-31 07:00:00+00:00,1,5.2,5.2,3981071705534.9854
2020-10-31 10:00:00+00:00,1,5.1,5.1,2818382931264.449
2020-10-31 21:00:00+00:00,1,5.1,5.1,2818382931264.449
2020-11-01 03:00:00+00:00,1,5.7,5.7,22387211385683.47
2020-11-01 05:00:00+00:00,1,5.1,5.1,2818382931264.449
2020-11-02 18:00:00+00:00,1,5.3,5.3,5623413251903.491
2020-11-03 02:00:00+00:00,1,6.0,6.0,63095734448019.43
2020-11-03 08:00:00+00:00,1,5.7,5.7,22387211385683.47
2020-11-04 01:00:00+00:00,1,5.1,5.1,2818382931264.449
2020-11-04 12:00:00+00:00,1,5.3,5.3,5623413251903.491
2020-11-04 18:00:00+00:00,1,5.0,5.0,1995262314968.8828
2020-11-04 22:00:00+00:00,1,5.2,5.2,3981071705534.9854
2020-11-05 12:00:00+00:00,1,5.1,5.1,2818382931264.449
2020-11-05 21:00:00+00:00,1,5.1,5.1,2818382931264.449
2020-11-06 08:00:00+00:00,1,5.5,5.5,11220184543019.652
2020-11-06 09:00:00+00:00,1,5.0,5.0,1995262314968.8828
2020-11-06 17:00:00+00:00,1,5.2,5.2,3981071705534.9854
2020-11-06 23:00:00+00:00,1,5.9,5.9,44668359215096.53
2020-11-07 01:00:00+00:00,1,5.8,5.8,31622776601683.793
2020-11-07 09:00:00+00:00,1,6.2,6.2,125892541179417.14
2020-11-07 12:00:00+00:00,1,5.1,5.1,2818382931264.449
2020-11-07 21:00:00+00:00,1,5.2,5.2,3981071705534.9854
2020-11-08 00:00:00+00:00,1,5.3,5.3,5623413251903.491
2020-11-08 06:00:00+00:00,1,5.3,5.3,5623413251903.491
2020-11-09 16:00:00+00:00,1,5.4,5.4,7943282347242.8545
2020-11-10 01:00:00+00:00,1,5.2,5.2,3981071705534.9854
2020-11-10 14:00:00+00:00,1,5.0,5.0,1995262314968.8828
2020-11-11 00:00:00+00:00,1,6.0,6.0,63095734448019.43
2020-11-11 03:00:00+00:00,1,5.0,5.0,1995262314968.8828
2020-11-11 05:00:00+00:00,1,5.7,5.7,22387211385683.47
2020-11-11 21:00:00+00:00,1,5.0,5.0,1995262314968.8828
2020-11-12 07:00:00+00:00,1,5.3,5.3,5623413251903.491
2020-11-12 19:00:00+00:00,1,5.1,5.1,2818382931264.449
2020-11-13 04:00:00+00:00,1,5.2,5.2,3981071705534.9854
2020-11-13 09:00:00+00:00,2,5.5,5.7,28010624637586.96
2020-11-13 18:00:00+00:00,1,5.1,5.1,2818382931264.449
2020-11-13 19:00:00+00:00,1,5.3,5.3,5623413251903.491
2020-11-14 02:00:00+00:00,1,5.5,5.5,11220184543019.652
2020-11-14 06:00:00+00:00,1,5.4,5.4,7943282347242.8545
2020-11-14 08:00:00+00:00,1,5.0,5.0,1995262314968.8828
2020-11-14 10:00:00+00:00,1,5.2,5.2,3981071705534.9854
2020-11-15 06:00:00+00:00,1,5.0,5.0,1995262314968.8828
2020-11-15 12:00:00+00:00,1,5.3,5.3,5623413251903.491
2020-11-15 22:00:00+00:00,1,6.0,6.0,63095734448019.43
2020-11-16 13:00:00+00:00,1,5.1,5.1,2818382931264.449
2020-11-16 15:00:00+00:00,1,5.1,5.1,2818382931264.449
2020-11-16 22:00:00+00:00,1,5.5,5.5,11220184543019.652
2020-11-17 01:00:00+00:00,1,6.0,6.0,63095734448019.43
2020-11-17 22:00:00+00:00,1,5.1,5.1,2818382931264.449
2020-11-18 01:00:00+00:00,1,5.1,5.1,2818382931264.449
2020-11-18 04:00:00+00:00,1,5.2,5.2,3981071705534.9854
2020-11-19 14:00:00+00:00,1,5.0,5.0,1995262314968.8828
2020-11-20 03:00:00+00:00,1,5.7,5.7,22387211385683.47
2020-11-20 16:00:00+00:00,1,5.0,5.0,1995262314968.8828
2020-11-20 20:00:00+00:00,1,5.1,5.1,2818382931264.449
2020-11-20 23:00:00+00:00,1,5.3,5.3,5623413251903.491
2020-11-21 02:00:00+00:00,1,5.5,5.5,11220184543019.652
2020-11-22 00:00:00+00:00,1,6.1,6.1,89125093813374.4
2020-11-22 03:00:00+00:00,1,5.1,5.1,2818382931264.449
2020-11-22 05:00:00+00:00,1,5.5,5.5,11220184543019.652
2020-11-22 10:00:00+00:00,1,5.5,5.5,11220184543019.652
2020-11-22 11:00:00+00:00,1,5.3,5.3,5623413251903.491
2020-11-24 00:00:00+00:00,1,5.2,5.2,3981071705534.9854
2020-11-24 14:00:00+00:00,1,5.2,5.2,3981071705534.9854
2020-11-24 16:00:00+00:00,1,5.0,5.0,1995262314968.8828
2020-11-24 22:00:00+00:00,2,5.25,5.5,13215446857988.535
2020-11-25 15:00:00+00:00,1,5.0,5.0,1995262314968.8828
2020-11-25 22:00:00+00:00,2,5.800000000000001,5.9,67055570600780.0
2020-11-26 03:00:00+00:00,1,5.4,5.4,7943282347242.8545
2020-11-26 04:00:00+00:00,2,5.1,5.1,5636765862528.898
2020-11-26 17:00:00+00:00,1,5.2,5.2,3981071705534.9854
2020-11-27 18:00:00+00:00,1,5.3,5.3,5623413251903.491
2020-11-27 21:00:00+00:00,1,5.1,5.1,2818382931264.449
2020-11-28 04:00:00+00:00,1,5.0,5.0,1995262314968.8828
2020-11-28 13:00:00+00:00,1,5.3,5.3,5623413251903.491
2020-11-28 20:00:00+00:00,1,5.4,5.4,7943282347242.8545
2020-11-29 09:00:00+00:00,1,5.6,5.6,15848931924611.11
2020-11-29 14:00:00+00:00,1,5.2,5.2,3981071705534.9854
2020-11-29 16:00:00+00:00,2,5.4,5.8,33618038916652.676
2020-11-29 21:00:00+00:00,1,5.4,5.4,7943282347242.8545
2020-11-29 23:00:00+00:00,1,5.6,5.6,15848931924611.11
2020-11-30 00:00:00+00:00,1,5.0,5.0,1995262314968.8828
2020-11-30 04:00:00+00:00,1,5.5,5.5,11220184543019.652
2020-11-30 17:00:00+00:00,1,5.0,5.0,1995262314968.8828
2020-11-30 19:00:00+00:00,1,5.4,5.4,7943282347242.8545
2020-11-30 22:00:00+00:00,2,6.35,6.4,429016584154851.5
2020-12-01 16:00:00+00:00,2,6.050000000000001,6.4,273575854536642.72
2020-12-01 17:00:00+00:00,1,5.1,5.1,2818382931264.449
2020-12-01 20:00:00+00:00,1,6.0,6.0,63095734448019.43
2020-12-01 23:00:00+00:00,1,5.1,5.1,2818382931264.449
2020-12-02 09:00:00+00:00,1,5.2,5.2,3981071705534.9854
2020-12-02 17:00:00+00:00,1,5.2,5.2,3981071705534.9854
2020-12-02 19:00:00+00:00,1,5.5,5.5,11220184543019.652
2020-12-02 20:00:00+00:00,1,5.2,5.2,3981071705534.9854
2020-12-03 02:00:00+00:00,1,5.2,5.2,3981071705534.9854
2020-12-03 05:00:00+00:00,1,5.0,5.0,1995262314968.8828
2020-12-03 06:00:00+00:00,1,5.0,5.0,1995262314968.8828
2020-12-03 17:00:00+00:00,1,5.4,5.4,7943282347242.8545
2020-12-03 19:00:00+00:00,1,5.0,5.0,1995262314968.8828
2020-12-04 02:00:00+00:00,1,5.0,5.0,1995262314968.8828
2020-12-04 04:00:00+00:00,1,5.1,5.1,2818382931264.449
2020-12-04 05:00:00+00:00,1,5.0,5.0,1995262314968.8828
2020-12-04 20:00:00+00:00,1,5.1,5.1,2818382931264.449
2020-12-05 06:00:00+00:00,2,5.25,5.4,10761665278507.305
2020-12-05 12:00:00+00:00,1,5.3,5.3,5623413251903.491
2020-12-06 03:00:00+00:00,1,5.08,5.08,2630267991895.3813
2020-12-06 04:00:00+00:00,1,5.0,5.0,1995262314968.8828
2020-12-06 06:00:00+00:00,1,5.2,5.2,3981071705534.9854
2020-12-06 16:00:00+00:00,1,6.1,6.1,89125093813374.4
2020-12-07 05:00:00+00:00,1,5.4,5.4,7943282347242.8545
2020-12-07 14:00:00+00:00,1,5.4,5.4,7943282347242.8545
2020-12-07 22:00:00+00:00,1,5.1,5.1,2818382931264.449
2020-12-08 00:00:00+00:00,1,5.5,5.5,11220184543019.652
2020-12-08 03:00:00+00:00,1,5.1,5.1,2818382931264.449
2020-12-08 05:00:00+00:00,1,5.1,5.1,2818382931264.449
2020-12-08 07:00:00+00:00,1,5.0,5.0,1995262314968.8828
2020-12-08 17:00:00+00:00,1,5.4,5.4,7943282347242.8545
2020-12-08 23:00:00+00:00,1,5.4,5.4,7943282347242.8545
2020-12-09 06:00:00+00:00,1,5.2,5.2,3981071705534.9854
2020-12-09 21:00:00+00:00,1,5.4,5.4,7943282347242.8545
2020-12-09 23:00:00+00:00,1,5.0,5.0,1995262314968.8828
2020-12-10 11:00:00+00:00,1,5.2,5.2,3981071705534.9854
2020-12-10 13:00:00+00:00,1,6.1,6.1,89125093813374.4
2020-12-10 15:00:00+00:00,1,5.0,5.0,1995262314968.8828
2020-12-10 20:00:00+00:00,2,5.9,5.9,89336718430193.06
2020-12-11 09:00:00+00:00,1,5.1,5.1,2818382931264.449
2020-12-11 15:00:00+00:00,1,5.1,5.1,2818382931264.449
2020-12-12 02:00:00+00:00,1,5.0,5.0,1995262314968.8828
2020-12-12 07:00:00+00:00,1,5.5,5.5,11220184543019.652
2020-12-12 15:00:00+00:00,1,5.3,5.3,5623413251903.491
2020-12-12 17:00:00+00:00,1,5.1,5.1,2818382931264.449
2020-12-13 06:00:00+00:00,1,5.1,5.1,2818382931264.449
2020-12-13 07:00:00+00:00,1,5.3,5.3,5623413251903.491
2020-12-13 14:00:00+00:00,1,5.1,5.1,2818382931264.449
2020-12-13 22:00:00+00:00,1,5.2,5.2,3981071705534.9854
2020-12-14 01:00:00+00:00,1,5.6,5.6,15848931924611.11
2020-12-14 15:00:00+00:00,1,6.0,6.0,63095734448019.43
2020-12-14 19:00:00+00:00,2,5.4,5.8,33618038916652.676
2020-12-15 22:00:00+00:00,1,5.1,5.1,2818382931264.449
2020-12-15 23:00:00+00:00,1,6.1,6.1,89125093813374.4
2020-12-16 01:00:00+00:00,1,5.0,5.0,1995262314968.8828
2020-12-16 05:00:00+00:00,1,5.3,5.3,5623413251903.491
2020-12-16 10:00:00+00:00,1,5.0,5.0,1995262314968.8828
2020-12-16 16:00:00+00:00,1,5.2,5.2,3981071705534.9854
2020-12-16 17:00:00+00:00,1,5.6,5.6,15848931924611.11
2020-12-16 19:00:00+00:00,1,5.0,5.0,1995262314968.8828
2020-12-17 08:00:00+00:00,1,5.1,5.1,2818382931264.449
2020-12-18 10:00:00+00:00,1,5.2,5.2,3981071705534.9854
2020-12-18 20:00:00+00:00,1,5.1,5.1,2818382931264.449
2020-12-19 00:00:00+00:00,1,5.0,5.0,1995262314968.8828
2020-12-19 15:00:00+00:00,1,5.2,5.2,3981071705534.9854
2020-12-20 17:00:00+00:00,1,6.3,6.3,177827941003892.28
2020-12-20 20:00:00+00:00,1,5.3,5.3,5623413251903.491
2020-12-21 17:00:00+00:00,1,5.7,5.7,22387211385683.47
2020-12-21 20:00:00+00:00,1,5.0,5.0,1995262314968.8828
2020-12-22 01:00:00+00:00,1,5.4,5.4,7943282347242.8545
2020-12-22 13:00:00+00:00,1,5.0,5.0,1995262314968.8828
2020-12-23 00:00:00+00:00,2,5.7,5.7,44774422771366.94
2020-12-23 18:00:00+00:00,1,6.1,6.1,89125093813374.4
2020-12-23 22:00:00+00:00,1,5.2,5.2,3981071705534.9854
2020-12-24 01:00:00+00:00,1,5.2,5.2,3981071705534.9854
2020-12-24 04:00:00+00:00,1,5.0,5.0,1995262314968.8828
2020-12-24 20:00:00+00:00,1,5.1,5.1,2818382931264.449
2020-12-24 21:00:00+00:00,1,5.3,5.3,5623413251903.491
2020-12-24 23:00:00+00:00,1,6.3,6.3,177827941003892.28
2020-12-25 02:00:00+00:00,1,5.1,5.1,2818382931264.449
2020-12-25 10:00:00+00:00,1,5.4,5.4,7943282347242.8545
2020-12-25 11:00:00+00:00,1,5.0,5.0,1995262314968.8828
2020-12-25 20:00:00+00:00,1,5.0,5.0,1995262314968.8828
2020-12-26 07:00:00+00:00,1,5.1,5.1,2818382931264.449
2020-12-27 02:00:00+00:00,1,5.4,5.4,7943282347242.8545
2020-12-27 06:00:00+00:00,1,5.5,5.5,11220184543019.652
2020-12-27 07:00:00+00:00,1,5.7,5.7,22387211385683.47
2020-12-27 13:00:00+00:00,1,5.1,5.1,2818382931264.449
2020-12-27 21:00:00+00:00,2,5.85,6.7,709941046699109.1
2020-12-28 04:00:00+00:00,3,5.266666666666667,5.7,27200856631916.8
2020-12-28 05:00:00+00:00,1,5.4,5.4,7943282347242.8545
2020-12-28 07:00:00+00:00,1,5.1,5.1,2818382931264.449
2020-12-28 20:00:00+00:00,1,5.0,5.0,1995262314968.8828
2020-12-28 23:00:00+00:00,1,5.0,5.0,1995262314968.8828
2020-12-29 06:00:00+00:00,3,5.166666666666667,5.4,12756927593476.188
2020-12-29 07:00:00+00:00,1,5.7,5.7,22387211385683.47
2020-12-29 11:00:00+00:00,1,6.4,6.4,251188643150959.25
2020-12-29 16:00:00+00:00,1,5.3,5.3,5623413251903.491
2020-12-29 23:00:00+00:00,1,5.7,5.7,22387211385683.47
2020-12-30 00:00:00+00:00,1,5.0,5.0,1995262314968.8828
2020-12-30 05:00:00+00:00,1,5.0,5.0,1995262314968.8828
2020-12-31 10:00:00+00:00,1,5.1,5.1,2818382931264.449
2020-12-31 19:00:00+00:00,1,5.2,5.2,3981071705534.9854
2021-01-01 00:00:00+00:00,1,5.3,5.3,5623413251903.491
2021-01-01 01:00:00+00:00,1,5.0,5.0,1995262314968.8828
2021-01-02 01:00:00+00:00,1,5.1,5.1,2818382931264.449
2021-01-02 08:00:00+00:00,1,5.1,5.1,2818382931264.449
2021-01-02 09:00:00+00:00,1,5.0,5.0,1995262314968.8828
2021-01-02 20:00:00+00:00,1,5.2,5.2,3981071705534.9854
2021-01-02 23:00:00+00:00,1,5.2,5.2,3981071705534.9854
2021-01-03 03:00:00+00:00,2,5.1,5.1,5636765862528.898
2021-01-03 04:00:00+00:00,1,5.1,5.1,2818382931264.449
2021-01-03 05:00:00+00:00,1,5.2,5.2,3981071705534.9854
2021-01-03 12:00:00+00:00,1,6.1,6.1,89125093813374.4
2021-01-03 19:00:00+00:00,1,5.0,5.0,1995262314968.8828
2021-01-04 02:00:00+00:00,1,5.0,5.0,1995262314968.8828
2021-01-04 12:00:00+00:00,1,5.0,5.0,1995262314968.8828
2021-01-05 11:00:00+00:00,1,5.1,5.1,2818382931264.449
2021-01-06 06:00:00+00:00,1,6.2,6.2,125892541179417.14
2021-01-06 16:00:00+00:00,1,5.8,5.8,31622776601683.793
2021-01-06 17:00:00+00:00,1,5.5,5.5,11220184543019.652
2021-01-06 20:00:00+00:00,1,6.1,6.1,89125093813374.4
2021-01-06 21:00:00+00:00,1,5.0,5.0,1995262314968.8828
2021-01-07 01:00:00+00:00,1,5.0,5.0,1995262314968.8828
2021-01-07 07:00:00+00:00,1,5.2,5.2,3981071705534.9854
2021-01-08 00:00:00+00:00,1,6.3,6.3,177827941003892.28
2021-01-08 03:00:00+00:00,1,5.0,5.0,1995262314968.8828
2021-01-08 05:00:00+00:00,1,6.1,6.1,89125093813374.4
2021-01-08 09:00:00+00:00,1,5.2,5.2,3981071705534.9854
2021-01-08 11:00:00+00:00,1,5.0,5.0,1995262314968.8828
2021-01-08 16:00:00+00:00,1,5.2,5.2,3981071705534.9854
2021-01-08 18:00:00+00:00,1,5.0,5.0,1995262314968.8828
2021-01-09 01:00:00+00:00,1,5.5,5.5,11220184543019.652
2021-01-09 03:00:00+00:00,1,5.05,5.05,2371373705661.6553
2021-01-09 08:00:00+00:00,1,5.2,5.2,3981071705534.9854
2021-01-09 12:00:00+00:00,1,5.2,5.2,3981071705534.9854
2021-01-09 23:00:00+00:00,1,5.3,5.3,5623413251903.491
2021-01-10 03:00:00+00:00,1,6.1,6.1,89125093813374.4
2021-01-10 06:00:00+00:00,1,6.1,6.1,89125093813374.4
2021-01-10 11:00:00+00:00,1,5.0,5.0,1995262314968.8828
2021-01-10 15:00:00+00:00,1,5.6,5.6,15848931924611.11
2021-01-11 01:00:00+00:00,2,5.4,5.6,19830003630146.094
2021-01-11 04:00:00+00:00,1,5.3,5.3,5623413251903.491
2021-01-11 07:00:00+00:00,1,5.1,5.1,2818382931264.449
2021-01-11 12:00:00+00:00,1,5.4,5.4,7943282347242.8545
2021-01-11 14:00:00+00:00,1,5.1,5.1,2818382931264.449
2021-01-11 19:00:00+00:00,1,5.5,5.5,11220184543019.652
2021-01-11 21:00:00+00:00,4,5.625,6.7,724330862914551.0
2021-01-11 22:00:00+00:00,1,5.0,5.0,1995262314968.8828
2021-01-11 23:00:00+00:00,1,5.0,5.0,1995262314968.8828
2021-01-12 02:00:00+00:00,1,5.9,5.9,44668359215096.53
2021-01-12 07:00:00+00:00,1,5.0,5.0,1995262314968.8828
2021-01-12 10:00:00+00:00,2,5.35,5.4,13566695599146.346
2021-01-12 13:00:00+00:00,1,5.0,5.0,1995262314968.8828
2021-01-12 18:00:00+00:00,1,5.9,5.9,44668359215096.53
2021-01-12 22:00:00+00:00,1,5.2,5.2,3981071705534.9854
2021-01-13 17:00:00+00:00,1,5.1,5.1,2818382931264.449
2021-01-13 21:00:00+00:00,1,5.0,5.0,1995262314968.8828
2021-01-14 06:00:00+00:00,2,5.45,5.7,26368283091218.453
2021-01-14 18:00:00+00:00,1,6.2,6.2,125892541179417.14
2021-01-15 07:00:00+00:00,2,5.0,5.0,3990524629937.7656
2021-01-15 10:00:00+00:00,1,5.6,5.6,15848931924611.11
2021-01-15 13:00:00+00:00,2,5.35,5.5,15201256248554.637
2021-01-15 15:00:00+00:00,1,5.3,5.3,5623413251903.491
2021-01-15 16:00:00+00:00,1,5.8,5.8,31622776601683.793
2021-01-15 18:00:00+00:00,1,5.0,5.0,1995262314968.8828
2021-01-15 20:00:00+00:00,1,5.1,5.1,2818382931264.449
2021-01-15 21:00:00+00:00,1,5.5,5.5,11220184543019.652
2021-01-15 23:00:00+00:00,1,5.0,5.0,1995262314968.8828
2021-01-16 01:00:00+00:00,1,5.0,5.0,1995262314968.8828
2021-01-16 03:00:00+00:00,1,5.1,5.1,2818382931264.449
2021-01-16 05:00:00+00:00,1,5.2,5.2,3981071705534.9854
2021-01-16 06:00:00+00:00,2,5.1,5.1,5636765862528.898
2021-01-16 09:00:00+00:00,1,5.2,5.2,3981071705534.9854
2021-01-16 20:00:00+00:00,1,5.5,5.5,11220184543019.652
2021-01-16 23:00:00+00:00,1,5.1,5.1,2818382931264.449
2021-01-17 03:00:00+00:00,1,5.0,5.0,1995262314968.8828
2021-01-17 08:00:00+00:00,1,5.1,5.1,2818382931264.449
2021-01-17 18:00:00+00:00,1,5.2,5.2,3981071705534.9854
2021-01-18 07:00:00+00:00,1,5.3,5.3,5623413251903.491
2021-01-18 14:00:00+00:00,1,5.1,5.1,2818382931264.449
2021-01-18 17:00:00+00:00,1,5.3,5.3,5623413251903.491
2021-01-19 02:00:00+00:00,1,6.4,6.4,251188643150959.25
2021-01-19 03:00:00+00:00,1,5.3,5.3,5623413251903.491
2021-01-19 05:00:00+00:00,1,5.4,5.4,7943282347242.8545
2021-01-19 20:00:00+00:00,1,5.1,5.1,2818382931264.449
2021-01-20 16:00:00+00:00,1,5.6,5.6,15848931924611.11
2021-01-20 22:00:00+00:00,2,5.3,5.5,14038567474284.102
2021-01-20 23:00:00+00:00,1,5.3,5.3,5623413251903.491
2021-01-21 12:00:00+00:00,1,7.0,7.0,1995262314968882.8
2021-01-21 14:00:00+00:00,1,5.0,5.0,1995262314968.8828
2021-01-22 01:00:00+00:00,1,5.0,5.0,1995262314968.8828
2021-01-22 16:00:00+00:00,1,5.6,5.6,15848931924611.11
2021-01-23 03:00:00+00:00,1,5.8,5.8,31622776601683.793
2021-01-23 05:00:00+00:00,1,5.0,5.0,1995262314968.8828
2021-01-23 08:00:00+00:00,1,5.2,5.2,3981071705534.9854
2021-01-23 11:00:00+00:00,1,5.5,5.5,11220184543019.652
2021-01-23 12:00:00+00:00,1,5.0,5.0,1995262314968.8828
2021-01-23 16:00:00+00:00,1,5.4,5.4,7943282347242.8545
2021-01-23 23:00:00+00:00,2,6.15,6.9,1420480826970004.0
2021-01-24 00:00:00+00:00,2,5.35,5.7,24382473700652.35
2021-01-24 05:00:00+00:00,2,5.55,5.8,37246189853587.28
2021-01-24 06:00:00+00:00,1,5.0,5.0,1995262314968.8828
2021-01-24 09:00:00+00:00,1,5.1,5.1,2818382931264.449
2021-01-24 12:00:00+00:00,1,5.5,5.5,11220184543019.652
2021-01-24 13:00:00+00:00,1,5.1,5.1,2818382931264.449
2021-01-24 14:00:00+00:00,1,5.2,5.2,3981071705534.9854
2021-01-24 15:00:00+00:00,1,5.2,5.2,3981071705534.9854
2021-01-24 18:00:00+00:00,1,5.1,5.1,2818382931264.449
2021-01-24 19:00:00+00:00,2,5.05,5.1,4813645246233.332
2021-01-24 21:00:00+00:00,1,5.0,5.0,1995262314968.8828
2021-01-24 23:00:00+00:00,1,5.4,5.4,7943282347242.8545
2021-01-25 07:00:00+00:00,2,5.2,5.2,7962143411069.971
2021-01-25 20:00:00+00:00,1,5.1,5.1,2818382931264.449
2021-01-25 21:00:00+00:00,1,5.1,5.1,2818382931264.449
2021-01-26 04:00:00+00:00,1,5.3,5.3,5623413251903.491
2021-01-26 05:00:00+00:00,1,5.0,5.0,1995262314968.8828
2021-01-27 04:00:00+00:00,2,5.0,5.0,3990524629937.7656
2021-01-27 05:00:00+00:00,1,5.2,5.2,3981071705534.9854
2021-01-28 06:00:00+00:00,1,5.0,5.0,1995262314968.8828
2021-01-29 05:00:00+00:00,2,5.0,5.0,3990524629937.7656
2021-01-29 12:00:00+00:00,1,5.7,5.7,22387211385683.47
2021-01-29 13:00:00+00:00,1,5.5,5.5,11220184543019.652
2021-01-29 14:00:00+00:00,1,5.4,5.4,7943282347242.8545
2021-01-29 19:00:00+00:00,1,5.7,5.7,22387211385683.47
2021-01-30 04:00:00+00:00,1,5.0,5.0,1995262314968.8828
2021-01-30 05:00:00+00:00,1,5.3,5.3,5623413251903.491
2021-01-30 08:00:00+00:00,1,5.3,5.3,5623413251903.491
2021-01-30 13:00:00+00:00,1,5.2,5.2,3981071705534.9854
2021-01-30 15:00:00+00:00,1,5.0,5.0,1995262314968.8828
2021-01-30 17:00:00+00:00,1,5.0,5.0,1995262314968.8828
2021-01-31 05:00:00+00:00,1,5.0,5.0,1995262314968.8828
2021-01-31 09:00:00+00:00,1,5.3,5.3,5623413251903.491
2021-01-31 19:00:00+00:00,1,5.5,5.5,11220184543019.652
2021-02-01 05:00:00+00:00,1,5.1,5.1,2818382931264.449
2021-02-01 08:00:00+00:00,1,5.2,5.2,3981071705534.9854
2021-02-01 11:00:00+00:00,2,5.15,5.2,6799454636799.435
2021-02-02 02:00:00+00:00,1,5.0,5.0,1995262314968.8828
2021-02-02 14:00:00+00:00,1,5.2,5.2,3981071705534.9854
2021-02-02 20:00:00+00:00,1,5.8,5.8,31622776601683.793
2021-02-02 23:00:00+00:00,1,5.8,5.8,31622776601683.793
2021-02-03 00:00:00+00:00,5,5.3,5.6,35391961544261.33
2021-02-03 01:00:00+00:00,1,5.0,5.0,1995262314968.8828
2021-02-03 05:00:00+00:00,1,6.7,6.7,707945784384140.2
2021-02-03 09:00:00+00:00,1,5.0,5.0,1995262314968.8828
2021-02-03 11:00:00+00:00,1,5.1,5.1,2818382931264.449
2021-02-03 16:00:00+00:00,2,5.15,5.3,7618675566872.374
2021-02-04 05:00:00+00:00,1,5.1,5.1,2818382931264.449
2021-02-04 07:00:00+00:00,1,5.2,5.2,3981071705534.9854
2021-02-04 08:00:00+00:00,1,5.4,5.4,7943282347242.8545
2021-02-04 12:00:00+00:00,1,5.7,5.7,22387211385683.47
2021-02-04 19:00:00+00:00,1,5.0,5.0,1995262314968.8828
2021-02-04 22:00:00+00:00,1,5.1,5.1,2818382931264.449
2021-02-04 23:00:00+00:00,1,5.0,5.0,1995262314968.8828
2021-02-05 15:00:00+00:00,2,5.25,5.3,9604484957438.477
2021-02-05 20:00:00+00:00,1,5.2,5.2,3981071705534.9854
2021-02-06 04:00:00+00:00,1,5.2,5.2,3981071705534.9854
2021-02-06 17:00:00+00:00,1,5.4,5.4,7943282347242.8545
2021-02-07 01:00:00+00:00,1,5.0,5.0,1995262314968.8828
2021-02-07 02:00:00+00:00,1,5.0,5.0,1995262314968.8828
2021-02-07 04:00:00+00:00,2,5.5,6.0,65090996762988.31
2021-02-07 05:00:00+00:00,1,6.3,6.3,177827941003892.28
2021-02-08 00:00:00+00:00,1,5.7,5.7,22387211385683.47
2021-02-08 06:00:00+00:00,1,5.0,5.0,1995262314968.8828
2021-02-08 08:00:00+00:00,1,5.5,5.5,11220184543019.652
2021-02-08 12:00:00+00:00,1,5.0,5.0,1995262314968.8828
2021-02-08 14:00:00+00:00,1,5.0,5.0,1995262314968.8828
2021-02-08 16:00:00+00:00,2,5.15,5.2,6799454636799.435
2021-02-08 20:00:00+00:00,1,5.1,5.1,2818382931264.449
2021-02-08 21:00:00+00:00,1,5.0,5.0,1995262314968.8828
2021-02-08 23:00:00+00:00,1,5.0,5.0,1995262314968.8828
2021-02-09 01:00:00+00:00,1,5.1,5.1,2818382931264.449
2021-02-09 02:00:00+00:00,1,5.6,5.6,15848931924611.11
2021-02-09 03:00:00+00:00,1,5.0,5.0,1995262314968.8828
2021-02-09 07:00:00+00:00,2,5.25,5.3,9604484957438.477
2021-02-09 22:00:00+00:00,2,5.0,5.0,3990524629937.7656
2021-02-10 08:00:00+00:00,2,5.3,5.6,17844194239579.992
2021-02-10 10:00:00+00:00,3,5.1000000000000005,5.2,8794716951768.317
2021-02-10 12:00:00+00:00,3,6.0,6.3,282801966741877.8
2021-02-10 13:00:00+00:00,10,5.5200000000000005,7.7,2.2509134950545896e+16
2021-02-10 14:00:00+00:00,5,5.2,5.6,28281252737716.816
2021-02-10 16:00:00+00:00,3,5.5,6.1,97087237224444.38
2021-02-10 17:00:00+00:00,3,5.266666666666667,5.6,21825265945114.977
2021-02-10 18:00:00+00:00,1,6.1,6.1,89125093813374.4
2021-02-10 19:00:00+00:00,3,5.133333333333333,5.2,9617837568063.883
2021-02-10 20:00:00+00:00,3,5.333333333333333,5.8,37259542464212.69
2021-02-10 21:00:00+00:00,9,5.366666666666666,6.3,224000428890488.03
2021-02-10 22:00:00+00:00,4,5.175,5.3,15241250819967.375
2021-02-10 23:00:00+00:00,5,5.34,5.8,50488278672363.15
2021-02-11 00:00:00+00:00,3,5.333333333333333,5.9,49482004461329.86
2021-02-11 01:00:00+00:00,3,5.266666666666667,5.4,17881827009454.594
2021-02-11 02:00:00+00:00,2,5.2,5.2,7962143411069.971
2021-02-11 03:00:00+00:00,1,5.0,5.0,1995262314968.8828
2021-02-11 04:00:00+00:00,3,5.366666666666667,5.8,38422231238483.23
2021-02-11 06:00:00+00:00,1,6.0,6.0,63095734448019.43
2021-02-11 07:00:00+00:00,4,5.4,5.7,42049192111871.06
2021-02-11 08:00:00+00:00,2,5.75,5.8,54009987987367.266
2021-02-11 09:00:00+00:00,2,5.0,5.0,3990524629937.7656
2021-02-11 11:00:00+00:00,1,5.1,5.1,2818382931264.449
2021-02-11 12:00:00+00:00,1,5.0,5.0,1995262314968.8828
2021-02-11 14:00:00+00:00,1,5.1,5.1,2818382931264.449
2021-02-11 16:00:00+00:00,1,5.1,5.1,2818382931264.449
2021-02-11 17:00:00+00:00,1,5.1,5.1,2818382931264.449
2021-02-11 18:00:00+00:00,1,5.2,5.2,3981071705534.9854
2021-02-11 19:00:00+00:00,2,5.05,5.1,4813645246233.332
2021-02-11 20:00:00+00:00,1,5.2,5.2,3981071705534.9854
2021-02-11 21:00:00+00:00,1,5.0,5.0,1995262314968.8828
2021-02-11 22:00:00+00:00,1,5.1,5.1,2818382931264.449
2021-02-11 23:00:00+00:00,1,5.0,5.0,1995262314968.8828
2021-02-12 03:00:00+00:00,1,5.2,5.2,3981071705534.9854
2021-02-12 04:00:00+00:00,1,5.3,5.3,5623413251903.491
2021-02-12 07:00:00+00:00,1,5.2,5.2,3981071705534.9854
2021-02-12 08:00:00+00:00,1,5.0,5.0,1995262314968.8828
2021-02-12 10:00:00+00:00,4,5.3,5.9,54282297096937.79
2021-02-12 11:00:00+00:00,1,5.3,5.3,5623413251903.491
2021-02-12 14:00:00+00:00,1,5.3,5.3,5623413251903.491
2021-02-12 17:00:00+00:00,1,5.9,5.9,44668359215096.53
2021-02-12 20:00:00+00:00,1,5.2,5.2,3981071705534.9854
2021-02-13 04:00:00+00:00,3,5.1000000000000005,5.2,8794716951768.317
2021-02-13 05:00:00+00:00,1,5.3,5.3,5623413251903.491
2021-02-13 13:00:00+00:00,2,5.15,5.3,7618675566872.374
2021-02-13 14:00:00+00:00,2,6.25,7.1,2826326213611692.0
2021-02-13 15:00:00+00:00,1,5.6,5.6,15848931924611.11
2021-02-13 18:00:00+00:00,2,5.1,5.2,5976334020503.868
2021-02-13 21:00:00+00:00,1,5.0,5.0,1995262314968.8828
2021-02-14 07:00:00+00:00,1,5.1,5.1,2818382931264.449
2021-02-14 08:00:00+00:00,2,5.15,5.3,7618675566872.374
2021-02-14 09:00:00+00:00,1,5.1,5.1,2818382931264.449
2021-02-14 12:00:00+00:00,1,5.0,5.0,1995262314968.8828
2021-02-14 14:00:00+00:00,1,5.1,5.1,2818382931264.449
2021-02-14 15:00:00+00:00,2,5.35,5.7,24382473700652.35
2021-02-14 16:00:00+00:00,1,5.1,5.1,2818382931264.449
2021-02-14 19:00:00+00:00,2,5.35,5.4,13566695599146.346
2021-02-15 04:00:00+00:00,1,5.0,5.0,1995262314968.8828
2021-02-15 10:00:00+00:00,3,5.0,5.0,5985786944906.648
2021-02-15 12:00:00+00:00,2,5.35,5.4,13566695599146.346
2021-02-15 14:00:00+00:00,1,5.0,5.0,1995262314968.8828
2021-02-15 20:00:00+00:00,1,5.2,5.2,3981071705534.9854
2021-02-15 21:00:00+00:00,2,5.1,5.2,5976334020503.868
2021-02-16 00:00:00+00:00,2,5.7,6.2,129873612884952.12
2021-02-16 01:00:00+00:00,2,5.7,5.9,55888543758116.19
2021-02-16 03:00:00+00:00,1,5.3,5.3,5623413251903.491
2021-02-16 04:00:00+00:00,1,5.0,5.0,1995262314968.8828
2021-02-16 06:00:00+00:00,1,5.0,5.0,1995262314968.8828
2021-02-16 08:00:00+00:00,2,5.1,5.1,5636765862528.898
2021-02-16 15:00:00+00:00,1,5.3,5.3,5623413251903.491
2021-02-16 16:00:00+00:00,1,5.0,5.0,1995262314968.8828
2021-02-16 19:00:00+00:00,1,5.3,5.3,5623413251903.491
2021-02-17 03:00:00+00:00,2,5.25,5.5,13215446857988.535
2021-02-17 04:00:00+00:00,1,5.06,5.06,2454708915685.0337
2021-02-17 05:00:00+00:00,1,5.1,5.1,2818382931264.449
2021-02-17 09:00:00+00:00,2,5.25,5.3,9604484957438.477
2021-02-17 10:00:00+00:00,1,5.0,5.0,1995262314968.8828
2021-02-17 11:00:00+00:00,2,5.15,5.2,6799454636799.435
2021-02-17 12:00:00+00:00,2,5.35,5.5,15201256248554.637
2021-02-17 18:00:00+00:00,2,5.25,5.4,10761665278507.305
2021-02-17 22:00:00+00:00,1,6.1,6.1,89125093813374.4
2021-02-18 00:00:00+00:00,1,5.1,5.1,2818382931264.449
2021-02-18 06:00:00+00:00,1,6.2,6.2,125892541179417.14
2021-02-18 10:00:00+00:00,1,5.2,5.2,3981071705534.9854
2021-02-18 15:00:00+00:00,1,6.1,6.1,89125093813374.4
2021-02-18 16:00:00+00:00,1,5.3,5.3,5623413251903.491
2021-02-18 17:00:00+00:00,1,5.1,5.1,2818382931264.449
2021-02-18 19:00:00+00:00,1,5.8,5.8,31622776601683.793
2021-02-18 20:00:00+00:00,2,5.4,5.4,15886564694485.709
2021-02-19 03:00:00+00:00,1,5.0,5.0,1995262314968.8828
2021-02-19 06:00:00+00:00,1,5.1,5.1,2818382931264.449
2021-02-19 08:00:00+00:00,1,5.1,5.1,2818382931264.449
2021-02-19 09:00:00+00:00,2,5.449999999999999,5.6,21472345176514.6
2021-02-19 16:00:00+00:00,1,5.0,5.0,1995262314968.8828
2021-02-20 02:00:00+00:00,1,5.5,5.5,11220184543019.652
2021-02-20 17:00:00+00:00,1,5.1,5.1,2818382931264.449
2021-02-20 19:00:00+00:00,1,5.0,5.0,1995262314968.8828
2021-02-20 20:00:00+00:00,1,5.1,5.1,2818382931264.449
2021-02-20 21:00:00+00:00,1,5.1,5.1,2818382931264.449
2021-02-21 01:00:00+00:00,1,5.1,5.1,2818382931264.449
2021-02-21 05:00:00+00:00,1,5.0,5.0,1995262314968.8828
2021-02-21 22:00:00+00:00,1,5.2,5.2,3981071705534.9854
2021-02-22 03:00:00+00:00,1,5.1,5.1,2818382931264.449
2021-02-22 04:00:00+00:00,1,5.0,5.0,1995262314968.8828
2021-02-22 05:00:00+00:00,1,5.4,5.4,7943282347242.8545
2021-02-22 08:00:00+00:00,1,5.1,5.1,2818382931264.449
2021-02-22 13:00:00+00:00,2,5.0,5.0,3990524629937.7656
2021-02-22 15:00:00+00:00,1,5.2,5.2,3981071705534.9854
2021-02-22 19:00:00+00:00,1,5.8,5.8,31622776601683.793
2021-02-22 23:00:00+00:00,1,5.1,5.1,2818382931264.449
2021-02-23 04:00:00+00:00,1,5.1,5.1,2818382931264.449
2021-02-23 05:00:00+00:00,1,5.2,5.2,3981071705534.9854
2021-02-23 22:00:00+00:00,2,5.05,5.1,4813645246233.332
2021-02-24 10:00:00+00:00,1,5.6,5.6,15848931924611.11
2021-02-24 14:00:00+00:00,1,5.1,5.1,2818382931264.449
2021-02-24 19:00:00+00:00,1,5.0,5.0,1995262314968.8828
2021-02-24 23:00:00+00:00,1,5.1,5.1,2818382931264.449
2021-02-25 02:00:00+00:00,1,5.0,5.0,1995262314968.8828
2021-02-25 03:00:00+00:00,1,5.1,5.1,2818382931264.449
2021-02-25 05:00:00+00:00,1,5.4,5.4,7943282347242.8545
2021-02-25 08:00:00+00:00,1,5.5,5.5,11220184543019.652
2021-02-26 07:00:00+00:00,2,5.25,5.4,10761665278507.305
2021-02-26 11:00:00+00:00,3,5.266666666666667,5.8,35613301231621.56
2021-02-27 02:00:00+00:00,1,5.6,5.6,15848931924611.11
2021-02-27 08:00:00+00:00,1,5.2,5.2,3981071705534.9854
2021-02-27 18:00:00+00:00,2,5.3,5.3,11246826503806.982
2021-02-27 20:00:00+00:00,1,5.2,5.2,3981071705534.9854
2021-02-28 02:00:00+00:00,1,5.5,5.5,11220184543019.652
2021-02-28 03:00:00+00:00,1,5.16,5.16,3467368504525.3096
2021-02-28 06:00:00+00:00,1,5.14,5.14,3235936569296.2676
2021-02-28 10:00:00+00:00,1,5.4,5.4,7943282347242.8545
2021-02-28 13:00:00+00:00,1,5.0,5.0,1995262314968.8828
2021-02-28 14:00:00+00:00,1,5.1,5.1,2818382931264.449
2021-02-28 20:00:00+00:00,1,5.7,5.7,22387211385683.47
2021-02-28 21:00:00+00:00,1,5.0,5.0,1995262314968.8828
2021-02-28 23:00:00+00:00,1,5.9,5.9,44668359215096.53
2021-03-01 03:00:00+00:00,1,5.4,5.4,7943282347242.8545
2021-03-01 10:00:00+00:00,1,5.1,5.1,2818382931264.449
2021-03-01 22:00:00+00:00,1,5.1,5.1,2818382931264.449
2021-03-02 09:00:00+00:00,1,5.5,5.5,11220184543019.652
2021-03-02 12:00:00+00:00,1,5.1,5.1,2818382931264.449
2021-03-02 18:00:00+00:00,1,5.0,5.0,1995262314968.8828
2021-03-02 21:00:00+00:00,1,5.8,5.8,31622776601683.793
2021-03-02 22:00:00+00:00,1,5.1,5.1,2818382931264.449
2021-03-03 08:00:00+00:00,1,5.4,5.4,7943282347242.8545
2021-03-03 10:00:00+00:00,2,5.65,6.3,179823203318861.16
2021-03-03 11:00:00+00:00,1,5.3,5.3,5623413251903.491
2021-03-03 13:00:00+00:00,1,5.0,5.0,1995262314968.8828
2021-03-03 18:00:00+00:00,1,5.1,5.1,2818382931264.449
2021-03-04 07:00:00+00:00,1,5.0,5.0,1995262314968.8828
2021-03-04 13:00:00+00:00,2,6.15,7.3,5625408514218460.0
2021-03-04 14:00:00+00:00,3,5.266666666666667,5.6,21825265945114.977
2021-03-04 15:00:00+00:00,3,5.166666666666667,5.3,11599747272407.36
2021-03-04 16:00:00+00:00,1,6.1,6.1,89125093813374.4
2021-03-04 17:00:00+00:00,3,5.8999999999999995,7.4,7950901022809726.0
2021-03-04 18:00:00+00:00,2,5.449999999999999,5.8,34441159532948.242
2021-03-04 19:00:00+00:00,11,5.572727272727272,8.1,8.920603087751077e+16
2021-03-04 20:00:00+00:00,7,5.3428571428571425,6.1,119901660586669.69
2021-03-04 21:00:00+00:00,6,5.25,5.8,56275878402466.0
2021-03-04 22:00:00+00:00,8,5.4625,5.8,110201167134846.16
2021-03-04 23:00:00+00:00,6,5.533333333333334,6.5,395462553910978.6
2021-03-05 00:00:00+00:00,6,5.3999999999999995,5.9,81694881408766.14
2021-03-05 01:00:00+00:00,6,5.166666666666667,5.3,23199494544814.72
2021-03-05 02:00:00+00:00,5,5.4399999999999995,6.3,197370970623542.5
2021-03-05 03:00:00+00:00,6,5.3999999999999995,5.7,64865601577240.11
2021-03-05 04:00:00+00:00,5,5.159999999999999,5.3,18878854681304.766
2021-03-05 05:00:00+00:00,3,5.0,5.0,5985786944906.648
2021-03-05 06:00:00+00:00,1,5.1,5.1,2818382931264.449
2021-03-05 07:00:00+00:00,3,5.366666666666667,5.6,26610597203118.414
2021-03-05 08:00:00+00:00,2,5.55,6.0,65914117379283.875
2021-03-05 10:00:00+00:00,1,5.3,5.3,5623413251903.491
2021-03-05 12:00:00+00:00,1,5.17,5.17,3589219346450.05
2021-03-05 13:00:00+00:00,2,5.1,5.2,5976334020503.868
2021-03-05 14:00:00+00:00,1,6.2,6.2,125892541179417.14
2021-03-05 15:00:00+00:00,2,5.0,5.0,3990524629937.7656
2021-03-05 16:00:00+00:00,1,5.3,5.3,5623413251903.491
2021-03-05 17:00:00+00:00,2,5.05,5.1,4813645246233.332
2021-03-05 18:00:00+00:00,2,5.25,5.5,13215446857988.535
2021-03-05 19:00:00+00:00,4,5.5,5.8,67225434845355.8
2021-03-05 20:00:00+00:00,4,5.3,5.8,42059835099820.62
2021-03-05 21:00:00+00:00,3,5.2,5.3,13242088818775.865
2021-03-05 22:00:00+00:00,3,5.1,5.1,8455148793793.348
2021-03-05 23:00:00+00:00,3,5.066666666666666,5.1,7632028177497.781
2021-03-06 00:00:00+00:00,6,5.3,6.3,192598991976164.47
2021-03-06 01:00:00+00:00,2,5.0,5.0,3990524629937.7656
2021-03-06 02:00:00+00:00,1,5.1,5.1,2818382931264.449
2021-03-06 03:00:00+00:00,2,5.3,5.5,14038567474284.102
2021-03-06 05:00:00+00:00,1,5.1,5.1,2818382931264.449
2021-03-06 06:00:00+00:00,1,5.3,5.3,5623413251903.491
2021-03-06 07:00:00+00:00,7,5.5,6.1,159416734155096.3
2021-03-06 08:00:00+00:00,1,5.1,5.1,2818382931264.449
2021-03-06 09:00:00+00:00,1,5.4,5.4,7943282347242.8545
2021-03-06 10:00:00+00:00,1,6.2,6.2,125892541179417.14
2021-03-06 12:00:00+00:00,3,5.633333333333333,6.2,139459236778563.48
2021-03-06 13:00:00+00:00,2,5.75,6.1,97068376160617.27
2021-03-06 14:00:00+00:00,1,5.4,5.4,7943282347242.8545
2021-03-06 17:00:00+00:00,4,5.475,5.7,48808652177257.76
2021-03-06 18:00:00+00:00,6,5.266666666666667,5.7,45220495811735.89
2021-03-06 19:00:00+00:00,1,5.1,5.1,2818382931264.449
2021-03-06 20:00:00+00:00,3,5.066666666666666,5.1,7632028177497.781
2021-03-06 21:00:00+00:00,2,5.15,5.2,6799454636799.435
2021-03-06 23:00:00+00:00,3,5.266666666666667,5.6,21825265945114.977
2021-03-07 00:00:00+00:00,2,5.1,5.2,5976334020503.868
2021-03-07 01:00:00+00:00,4,5.15,5.5,18029092104221.867
2021-03-07 02:00:00+00:00,2,5.25,5.3,9604484957438.477
2021-03-07 03:00:00+00:00,2,5.05,5.1,4813645246233.332
2021-03-07 04:00:00+00:00,4,5.324999999999999,5.6,36511509095455.55
2021-03-07 07:00:00+00:00,2,5.35,5.6,18667314855875.56
2021-03-07 08:00:00+00:00,2,5.1,5.2,5976334020503.868
2021-03-07 09:00:00+00:00,1,5.1,5.1,2818382931264.449
2021-03-07 10:00:00+00:00,1,5.1,5.1,2818382931264.449
2021-03-07 11:00:00+00:00,2,5.25,5.3,9604484957438.477
2021-03-07 14:00:00+00:00,1,5.4,5.4,7943282347242.8545
2021-03-07 15:00:00+00:00,1,5.0,5.0,1995262314968.8828
2021-03-07 16:00:00+00:00,2,5.0,5.0,3990524629937.7656
2021-03-07 18:00:00+00:00,2,5.0,5.0,3990524629937.7656
2021-03-07 19:00:00+00:00,1,5.1,5.1,2818382931264.449
2021-03-07 22:00:00+00:00,1,5.3,5.3,5623413251903.491
2021-03-07 23:00:00+00:00,3,5.466666666666666,5.8,43547130654461.63
2021-03-08 00:00:00+00:00,2,5.05,5.1,4813645246233.332
2021-03-08 01:00:00+00:00,1,5.0,5.0,1995262314968.8828
2021-03-08 03:00:00+00:00,1,5.1,5.1,2818382931264.449
2021-03-08 05:00:00+00:00,1,5.1,5.1,2818382931264.449
2021-03-08 06:00:00+00:00,1,5.0,5.0,1995262314968.8828
2021-03-08 08:00:00+00:00,1,5.2,5.2,3981071705534.9854
2021-03-08 12:00:00+00:00,3,5.2,5.4,13919616367746.723
2021-03-08 14:00:00+00:00,2,5.0,5.0,3990524629937.7656
2021-03-08 17:00:00+00:00,2,5.0,5.0,3990524629937.7656
2021-03-08 19:00:00+00:00,1,5.1,5.1,2818382931264.449
2021-03-08 21:00:00+00:00,2,5.15,5.2,6799454636799.435
2021-03-08 23:00:00+00:00,1,5.2,5.2,3981071705534.9854
2021-03-09 08:00:00+00:00,1,5.2,5.2,3981071705534.9854
2021-03-09 18:00:00+00:00,1,5.0,5.0,1995262314968.8828
2021-03-09 19:00:00+00:00,1,5.1,5.1,2818382931264.449
2021-03-09 21:00:00+00:00,1,5.3,5.3,5623413251903.491
2021-03-09 23:00:00+00:00,1,5.3,5.3,5623413251903.491
2021-03-10 02:00:00+00:00,1,5.1,5.1,2818382931264.449
2021-03-10 03:00:00+00:00,1,5.1,5.1,2818382931264.449
2021-03-10 16:00:00+00:00,1,5.1,5.1,2818382931264.449
2021-03-10 20:00:00+00:00,2,5.5,5.9,47486742146360.984
2021-03-10 23:00:00+00:00,1,5.2,5.2,3981071705534.9854
2021-03-11 02:00:00+00:00,2,5.05,5.1,4813645246233.332
2021-03-11 04:00:00+00:00,1,5.0,5.0,1995262314968.8828
2021-03-11 07:00:00+00:00,1,5.0,5.0,1995262314968.8828
2021-03-11 09:00:00+00:00,1,5.1,5.1,2818382931264.449
2021-03-11 12:00:00+00:00,1,5.0,5.0,1995262314968.8828
2021-03-11 13:00:00+00:00,1,5.1,5.1,2818382931264.449
2021-03-11 21:00:00+00:00,1,5.2,5.2,3981071705534.9854
2021-03-12 00:00:00+00:00,1,5.8,5.8,31622776601683.793
2021-03-12 01:00:00+00:00,3,5.333333333333333,5.5,20824669500458.13
2021-03-12 02:00:00+00:00,1,5.1,5.1,2818382931264.449
2021-03-12 08:00:00+00:00,1,5.9,5.9,44668359215096.53
2021-03-12 10:00:00+00:00,1,5.1,5.1,2818382931264.449
2021-03-12 12:00:00+00:00,1,5.6,5.6,15848931924611.11
2021-03-12 14:00:00+00:00,1,5.1,5.1,2818382931264.449
2021-03-12 20:00:00+00:00,1,5.1,5.1,2818382931264.449
2021-03-13 01:00:00+00:00,1,5.1,5.1,2818382931264.449
2021-03-13 05:00:00+00:00,1,5.0,5.0,1995262314968.8828
2021-03-13 06:00:00+00:00,1,5.0,5.0,1995262314968.8828
2021-03-13 07:00:00+00:00,1,5.0,5.0,1995262314968.8828
2021-03-13 11:00:00+00:00,1,5.4,5.4,7943282347242.8545
2021-03-13 14:00:00+00:00,1,5.9,5.9,44668359215096.53
2021-03-13 21:00:00+00:00,2,5.65,5.9,52611641562339.38
2021-03-14 00:00:00+00:00,1,5.0,5.0,1995262314968.8828
2021-03-14 05:00:00+00:00,1,5.2,5.2,3981071705534.9854
2021-03-14 09:00:00+00:00,2,5.15,5.2,6799454636799.435
2021-03-14 12:00:00+00:00,2,5.5,6.0,65090996762988.31
2021-03-14 13:00:00+00:00,1,5.5,5.5,11220184543019.652
2021-03-14 14:00:00+00:00,2,5.24,5.3,9338765542875.219
2021-03-15 11:00:00+00:00,1,5.2,5.2,3981071705534.9854
2021-03-15 19:00:00+00:00,2,5.15,5.3,7618675566872.374
2021-03-15 20:00:00+00:00,1,5.2,5.2,3981071705534.9854
2021-03-15 21:00:00+00:00,1,5.1,5.1,2818382931264.449
2021-03-16 03:00:00+00:00,1,5.0,5.0,1995262314968.8828
2021-03-16 12:00:00+00:00,1,5.3,5.3,5623413251903.491
2021-03-16 18:00:00+00:00,1,6.6,6.6,501187233627271.44
2021-03-16 19:00:00+00:00,3,5.166666666666667,5.4,12756927593476.188
2021-03-17 00:00:00+00:00,3,5.466666666666666,5.7,41054526241559.03
2021-03-17 08:00:00+00:00,1,5.0,5.0,1995262314968.8828
2021-03-17 16:00:00+00:00,1,5.0,5.0,1995262314968.8828
2021-03-17 17:00:00+00:00,1,5.0,5.0,1995262314968.8828
2021-03-18 00:00:00+00:00,3,5.433333333333334,6.0,70714410014891.8
2021-03-18 02:00:00+00:00,2,5.1,5.1,5636765862528.898
2021-03-18 07:00:00+00:00,1,5.2,5.2,3981071705534.9854
2021-03-18 22:00:00+00:00,1,5.1,5.1,2818382931264.449
2021-03-18 23:00:00+00:00,1,5.5,5.5,11220184543019.652
2021-03-19 01:00:00+00:00,2,5.15,5.2,6799454636799.435
2021-03-19 03:00:00+00:00,1,5.3,5.3,5623413251903.491
2021-03-19 06:00:00+00:00,1,5.7,5.7,22387211385683.47
2021-03-19 16:00:00+00:00,1,5.0,5.0,1995262314968.8828
2021-03-19 17:00:00+00:00,1,5.0,5.0,1995262314968.8828
2021-03-19 18:00:00+00:00,2,5.3,5.6,17844194239579.992
2021-03-20 01:00:00+00:00,1,5.7,5.7,22387211385683.47
2021-03-20 03:00:00+00:00,1,5.7,5.7,22387211385683.47
2021-03-20 05:00:00+00:00,2,5.8,6.0,78944666372630.53
2021-03-20 09:00:00+00:00,1,7.0,7.0,1995262314968882.8
2021-03-20 15:00:00+00:00,4,5.325,5.5,27125610301332.477
2021-03-20 19:00:00+00:00,2,5.1,5.2,5976334020503.868
2021-03-21 05:00:00+00:00,1,5.1,5.1,2818382931264.449
2021-03-21 14:00:00+00:00,1,5.3,5.3,5623413251903.491
2021-03-21 21:00:00+00:00,1,5.0,5.0,1995262314968.8828
2021-03-22 04:00:00+00:00,1,5.0,5.0,1995262314968.8828
2021-03-22 17:00:00+00:00,2,5.0,5.0,3990524629937.7656
2021-03-23 07:00:00+00:00,1,5.0,5.0,1995262314968.8828
2021-03-23 12:00:00+00:00,1,5.0,5.0,1995262314968.8828
2021-03-23 14:00:00+00:00,1,5.4,5.4,7943282347242.8545
2021-03-23 21:00:00+00:00,1,5.3,5.3,5623413251903.491
2021-03-25 03:00:00+00:00,2,5.3,5.5,14038567474284.102
2021-03-25 07:00:00+00:00,1,5.2,5.2,3981071705534.9854
2021-03-26 04:00:00+00:00,1,5.8,5.8,31622776601683.793
2021-03-26 08:00:00+00:00,1,5.0,5.0,1995262314968.8828
2021-03-26 15:00:00+00:00,1,5.1,5.1,2818382931264.449
2021-03-26 19:00:00+00:00,1,5.0,5.0,1995262314968.8828
2021-03-26 21:00:00+00:00,2,5.6,5.7,33607395928703.12
2021-03-26 22:00:00+00:00,2,5.5,5.9,47486742146360.984
2021-03-27 06:00:00+00:00,1,5.2,5.2,3981071705534.9854
2021-03-27 09:00:00+00:00,1,5.2,5.2,3981071705534.9854
2021-03-27 13:00:00+00:00,1,5.5,5.5,11220184543019.652
2021-03-28 00:00:00+00:00,1,5.7,5.7,22387211385683.47
2021-03-28 23:00:00+00:00,1,5.9,5.9,44668359215096.53
2021-03-29 04:00:00+00:00,1,5.2,5.2,3981071705534.9854
2021-03-29 06:00:00+00:00,1,5.2,5.2,3981071705534.9854
2021-03-29 07:00:00+00:00,1,5.3,5.3,5623413251903.491
2021-03-29 17:00:00+00:00,1,5.5,5.5,11220184543019.652
2021-03-29 19:00:00+00:00,2,5.15,5.2,6799454636799.435
2021-03-30 00:00:00+00:00,1,5.2,5.2,3981071705534.9854
2021-03-30 09:00:00+00:00,1,5.0,5.0,1995262314968.8828
2021-03-30 21:00:00+00:00,1,5.5,5.5,11220184543019.652
2021-03-31 00:00:00+00:00,1,5.2,5.2,3981071705534.9854
2021-03-31 04:00:00+00:00,1,5.1,5.1,2818382931264.449
2021-03-31 06:00:00+00:00,2,5.1,5.2,5976334020503.868
2021-03-31 10:00:00+00:00,1,5.2,5.2,3981071705534.9854
2021-03-31 19:00:00+00:00,1,5.1,5.1,2818382931264.449
2021-03-31 21:00:00+00:00,1,5.1,5.1,2818382931264.449
2021-04-01 09:00:00+00:00,1,6.4,6.4,251188643150959.25
2021-04-01 10:00:00+00:00,1,5.4,5.4,7943282347242.8545
2021-04-01 15:00:00+00:00,1,6.0,6.0,63095734448019.43
2021-04-01 22:00:00+00:00,2,5.35,5.6,18667314855875.56
2021-04-02 22:00:00+00:00,1,5.0,5.0,1995262314968.8828
2021-04-03 01:00:00+00:00,1,6.6,6.6,501187233627271.44
2021-04-03 18:00:00+00:00,1,5.9,5.9,44668359215096.53
2021-04-03 20:00:00+00:00,1,5.6,5.6,15848931924611.11
2021-04-04 01:00:00+00:00,2,5.300000000000001,5.4,11924354052777.84
2021-04-04 11:00:00+00:00,1,5.0,5.0,1995262314968.8828
2021-04-04 16:00:00+00:00,1,5.0,5.0,1995262314968.8828
2021-04-04 17:00:00+00:00,1,5.1,5.1,2818382931264.449
2021-04-04 18:00:00+00:00,1,5.4,5.4,7943282347242.8545
2021-04-05 01:00:00+00:00,1,5.4,5.4,7943282347242.8545
2021-04-05 07:00:00+00:00,1,6.1,6.1,89125093813374.4
2021-04-05 15:00:00+00:00,1,5.2,5.2,3981071705534.9854
2021-04-05 18:00:00+00:00,1,5.0,5.0,1995262314968.8828
2021-04-05 19:00:00+00:00,1,5.0,5.0,1995262314968.8828
2021-04-05 20:00:00+00:00,1,5.2,5.2,3981071705534.9854
2021-04-06 07:00:00+00:00,1,5.2,5.2,3981071705534.9854
2021-04-06 08:00:00+00:00,1,5.7,5.7,22387211385683.47
2021-04-06 10:00:00+00:00,1,5.3,5.3,5623413251903.491
2021-04-06 15:00:00+00:00,1,5.2,5.2,3981071705534.9854
2021-04-06 20:00:00+00:00,1,5.1,5.1,2818382931264.449
2021-04-06 21:00:00+00:00,1,5.0,5.0,1995262314968.8828
2021-04-07 05:00:00+00:00,1,5.6,5.6,15848931924611.11
2021-04-07 09:00:00+00:00,1,6.1,6.1,89125093813374.4
2021-04-07 10:00:00+00:00,2,5.25,5.4,10761665278507.305
2021-04-07 13:00:00+00:00,1,5.1,5.1,2818382931264.449
2021-04-07 18:00:00+00:00,1,5.7,5.7,22387211385683.47
2021-04-07 19:00:00+00:00,2,5.1,5.2,5976334020503.868
2021-04-08 01:00:00+00:00,2,5.15,5.2,6799454636799.435
2021-04-08 05:00:00+00:00,1,5.0,5.0,1995262314968.8828
2021-04-08 10:00:00+00:00,1,5.4,5.4,7943282347242.8545
2021-04-08 17:00:00+00:00,1,5.5,5.5,11220184543019.652
2021-04-09 12:00:00+00:00,1,5.1,5.1,2818382931264.449
2021-04-09 22:00:00+00:00,1,5.2,5.2,3981071705534.9854
2021-04-10 04:00:00+00:00,1,5.1,5.1,2818382931264.449
2021-04-10 06:00:00+00:00,1,5.1,5.1,2818382931264.449
2021-04-10 07:00:00+00:00,3,5.566666666666666,6.0,81763049303894.98
2021-04-10 09:00:00+00:00,1,6.1,6.1,89125093813374.4
2021-04-10 11:00:00+00:00,1,6.0,6.0,63095734448019.43
2021-04-10 23:00:00+00:00,1,5.1,5.1,2818382931264.449
2021-04-11 10:00:00+00:00,1,5.0,5.0,1995262314968.8828
2021-04-11 14:00:00+00:00,1,5.0,5.0,1995262314968.8828
2021-04-11 18:00:00+00:00,1,5.1,5.1,2818382931264.449
2021-04-12 02:00:00+00:00,1,5.1,5.1,2818382931264.449
2021-04-12 03:00:00+00:00,1,5.2,5.2,3981071705534.9854
2021-04-12 05:00:00+00:00,1,5.2,5.2,3981071705534.9854
2021-04-12 14:00:00+00:00,1,5.2,5.2,3981071705534.9854
2021-04-12 20:00:00+00:00,1,5.2,5.2,3981071705534.9854
2021-04-12 22:00:00+00:00,1,5.2,5.2,3981071705534.9854
2021-04-13 06:00:00+00:00,1,5.0,5.0,1995262314968.8828
2021-04-13 15:00:00+00:00,1,5.2,5.2,3981071705534.9854
2021-04-13 18:00:00+00:00,1,5.0,5.0,1995262314968.8828
2021-04-13 20:00:00+00:00,1,5.3,5.3,5623413251903.491
2021-04-14 00:00:00+00:00,1,5.1,5.1,2818382931264.449
2021-04-14 04:00:00+00:00,1,5.7,5.7,22387211385683.47
2021-04-14 06:00:00+00:00,1,5.0,5.0,1995262314968.8828
2021-04-14 10:00:00+00:00,1,5.6,5.6,15848931924611.11
2021-04-15 04:00:00+00:00,1,5.0,5.0,1995262314968.8828
2021-04-15 08:00:00+00:00,1,5.3,5.3,5623413251903.491
2021-04-15 10:00:00+00:00,1,5.4,5.4,7943282347242.8545
2021-04-16 00:00:00+00:00,1,5.0,5.0,1995262314968.8828
2021-04-16 03:00:00+00:00,1,5.4,5.4,7943282347242.8545
2021-04-16 16:00:00+00:00,1,5.4,5.4,7943282347242.8545
2021-04-16 20:00:00+00:00,2,5.2,5.4,9938544662211.738
2021-04-16 22:00:00+00:00,1,5.1,5.1,2818382931264.449
2021-04-17 01:00:00+00:00,2,5.05,5.1,4813645246233.332
2021-04-17 15:00:00+00:00,1,5.0,5.0,1995262314968.8828
2021-04-17 17:00:00+00:00,1,5.0,5.0,1995262314968.8828
2021-04-18 00:00:00+00:00,2,5.6,5.6,31697863849222.22
2021-04-18 02:00:00+00:00,1,5.1,5.1,2818382931264.449
2021-04-18 06:00:00+00:00,1,5.8,5.8,31622776601683.793
2021-04-18 13:00:00+00:00,1,5.1,5.1,2818382931264.449
2021-04-18 14:00:00+00:00,2,5.65,5.8,42842961144703.445
2021-04-18 17:00:00+00:00,1,5.2,5.2,3981071705534.9854
2021-04-19 03:00:00+00:00,1,5.1,5.1,2818382931264.449
2021-04-19 04:00:00+00:00,2,5.25,5.3,9604484957438.477
2021-04-19 07:00:00+00:00,1,5.2,5.2,3981071705534.9854
2021-04-19 11:00:00+00:00,1,5.1,5.1,2818382931264.449
2021-04-19 13:00:00+00:00,1,5.0,5.0,1995262314968.8828
2021-04-19 23:00:00+00:00,1,6.1,6.1,89125093813374.4
2021-04-20 02:00:00+00:00,1,5.3,5.3,5623413251903.491
2021-04-20 20:00:00+00:00,1,5.0,5.0,1995262314968.8828
2021-04-22 00:00:00+00:00,1,5.5,5.5,11220184543019.652
2021-04-23 14:00:00+00:00,1,5.0,5.0,1995262314968.8828
2021-04-23 18:00:00+00:00,1,5.0,5.0,1995262314968.8828
2021-04-23 23:00:00+00:00,1,5.1,5.1,2818382931264.449
2021-04-24 00:00:00+00:00,2,5.75,6.5,356808651548544.94
2021-04-24 02:00:00+00:00,1,5.0,5.0,1995262314968.8828
2021-04-24 09:00:00+00:00,1,5.0,5.0,1995262314968.8828
2021-04-24 18:00:00+00:00,1,5.6,5.6,15848931924611.11
2021-04-25 01:00:00+00:00,1,5.0,5.0,1995262314968.8828
2021-04-25 22:00:00+00:00,1,6.5,6.5,354813389233576.06
2021-04-25 23:00:00+00:00,1,5.4,5.4,7943282347242.8545
2021-04-26 02:00:00+00:00,1,5.2,5.2,3981071705534.9854
2021-04-26 13:00:00+00:00,1,5.2,5.2,3981071705534.9854
2021-04-26 19:00:00+00:00,1,5.3,5.3,5623413251903.491
2021-04-26 21:00:00+00:00,2,5.45,5.7,26368283091218.453
2021-04-27 00:00:00+00:00,1,5.0,5.0,1995262314968.8828
2021-04-27 02:00:00+00:00,1,5.6,5.6,15848931924611.11
2021-04-27 08:00:00+00:00,3,5.433333333333333,6.1,94761859675903.31
2021-04-27 09:00:00+00:00,1,5.0,5.0,1995262314968.8828
2021-04-27 10:00:00+00:00,1,5.3,5.3,5623413251903.491
2021-04-27 11:00:00+00:00,1,5.5,5.5,11220184543019.652
2021-04-27 16:00:00+00:00,2,5.5,5.9,47486742146360.984
2021-04-27 17:00:00+00:00,1,5.3,5.3,5623413251903.491
2021-04-28 02:00:00+00:00,3,5.366666666666667,6.0,67909379694252.766
2021-04-28 04:00:00+00:00,1,5.0,5.0,1995262314968.8828
2021-04-29 02:00:00+00:00,1,5.6,5.6,15848931924611.11
2021-04-29 03:00:00+00:00,1,5.7,5.7,22387211385683.47
2021-04-29 04:00:00+00:00,1,5.3,5.3,5623413251903.491
2021-04-29 06:00:00+00:00,2,5.8,6.1,100345278356394.06
2021-04-29 07:00:00+00:00,2,5.0,5.0,3990524629937.7656
2021-04-29 10:00:00+00:00,4,5.225,5.4,19543029619650.215
2021-04-29 12:00:00+00:00,1,5.0,5.0,1995262314968.8828
2021-04-30 02:00:00+00:00,1,5.2,5.2,3981071705534.9854
2021-04-30 16:00:00+00:00,1,5.0,5.0,1995262314968.8828
2021-04-30 21:00:00+00:00,1,5.3,5.3,5623413251903.491
2021-05-01 00:00:00+00:00,1,5.0,5.0,1995262314968.8828
2021-05-01 01:00:00+00:00,1,6.9,6.9,1412537544622761.2
2021-05-01 06:00:00+00:00,1,5.1,5.1,2818382931264.449
2021-05-01 11:00:00+00:00,1,5.3,5.3,5623413251903.491
2021-05-02 06:00:00+00:00,1,5.8,5.8,31622776601683.793
2021-05-02 17:00:00+00:00,1,5.5,5.5,11220184543019.652
2021-05-02 23:00:00+00:00,1,5.0,5.0,1995262314968.8828
2021-05-03 03:00:00+00:00,1,5.1,5.1,2818382931264.449
2021-05-03 05:00:00+00:00,1,5.5,5.5,11220184543019.652
2021-05-03 08:00:00+00:00,1,5.6,5.6,15848931924611.11
2021-05-04 13:00:00+00:00,1,5.2,5.2,3981071705534.9854
2021-05-04 18:00:00+00:00,1,5.0,5.0,1995262314968.8828
2021-05-04 19:00:00+00:00,1,5.5,5.5,11220184543019.652
2021-05-04 22:00:00+00:00,1,5.2,5.2,3981071705534.9854
2021-05-05 01:00:00+00:00,2,5.5,5.7,28010624637586.96
2021-05-05 05:00:00+00:00,1,5.1,5.1,2818382931264.449
2021-05-05 15:00:00+00:00,1,5.1,5.1,2818382931264.449
2021-05-05 18:00:00+00:00,1,5.0,5.0,1995262314968.8828
2021-05-05 19:00:00+00:00,1,5.4,5.4,7943282347242.8545
2021-05-06 06:00:00+00:00,1,5.0,5.0,1995262314968.8828
2021-05-06 12:00:00+00:00,1,5.1,5.1,2818382931264.449
2021-05-07 04:00:00+00:00,1,5.0,5.0,1995262314968.8828
2021-05-07 10:00:00+00:00,1,5.0,5.0,1995262314968.8828
2021-05-07 11:00:00+00:00,1,5.5,5.5,11220184543019.652
2021-05-07 15:00:00+00:00,1,6.1,6.1,89125093813374.4
2021-05-07 23:00:00+00:00,1,6.1,6.1,89125093813374.4
2021-05-08 04:00:00+00:00,2,5.15,5.2,6799454636799.435
2021-05-08 18:00:00+00:00,1,5.0,5.0,1995262314968.8828
2021-05-09 23:00:00+00:00,1,5.0,5.0,1995262314968.8828
2021-05-10 01:00:00+00:00,1,5.1,5.1,2818382931264.449
2021-05-10 14:00:00+00:00,1,5.4,5.4,7943282347242.8545
2021-05-10 17:00:00+00:00,1,5.1,5.1,2818382931264.449
2021-05-11 04:00:00+00:00,1,5.0,5.0,1995262314968.8828
2021-05-11 09:00:00+00:00,1,5.7,5.7,22387211385683.47
2021-05-11 15:00:00+00:00,1,5.4,5.4,7943282347242.8545
2021-05-12 01:00:00+00:00,1,5.8,5.8,31622776601683.793
2021-05-12 06:00:00+00:00,1,5.6,5.6,15848931924611.11
2021-05-12 07:00:00+00:00,1,5.4,5.4,7943282347242.8545
2021-05-12 08:00:00+00:00,1,6.0,6.0,63095734448019.43
2021-05-12 14:00:00+00:00,1,6.7,6.7,707945784384140.2
2021-05-12 15:00:00+00:00,2,5.35,5.5,15201256248554.637
2021-05-12 16:00:00+00:00,1,5.1,5.1,2818382931264.449
2021-05-12 18:00:00+00:00,1,5.5,5.5,11220184543019.652
2021-05-12 22:00:00+00:00,1,5.1,5.1,2818382931264.449
2021-05-12 23:00:00+00:00,1,5.1,5.1,2818382931264.449
2021-05-13 09:00:00+00:00,1,6.1,6.1,89125093813374.4
2021-05-13 11:00:00+00:00,1,5.1,5.1,2818382931264.449
2021-05-13 13:00:00+00:00,1,5.7,5.7,22387211385683.47
2021-05-13 16:00:00+00:00,1,5.0,5.0,1995262314968.8828
2021-05-13 23:00:00+00:00,1,6.0,6.0,63095734448019.43
2021-05-14 06:00:00+00:00,1,6.7,6.7,707945784384140.2
2021-05-14 10:00:00+00:00,1,5.0,5.0,1995262314968.8828
2021-05-15 01:00:00+00:00,2,5.45,5.5,19163466890262.508
2021-05-15 12:00:00+00:00,1,5.2,5.2,3981071705534.9854
2021-05-15 20:00:00+00:00,1,5.0,5.0,1995262314968.8828
2021-05-16 03:00:00+00:00,1,5.7,5.7,22387211385683.47
2021-05-16 07:00:00+00:00,1,5.2,5.2,3981071705534.9854
2021-05-16 23:00:00+00:00,1,5.3,5.3,5623413251903.491
2021-05-17 00:00:00+00:00,2,5.25,5.4,10761665278507.305
2021-05-17 01:00:00+00:00,1,5.3,5.3,5623413251903.491
2021-05-17 20:00:00+00:00,1,5.4,5.4,7943282347242.8545
2021-05-18 02:00:00+00:00,1,5.2,5.2,3981071705534.9854
2021-05-18 05:00:00+00:00,2,5.0,5.0,3990524629937.7656
2021-05-18 17:00:00+00:00,1,5.1,5.1,2818382931264.449
2021-05-18 18:00:00+00:00,1,5.2,5.2,3981071705534.9854
2021-05-18 23:00:00+00:00,1,5.3,5.3,5623413251903.491
2021-05-19 00:00:00+00:00,1,6.7,6.7,707945784384140.2
2021-05-19 01:00:00+00:00,1,5.0,5.0,1995262314968.8828
2021-05-19 12:00:00+00:00,1,5.0,5.0,1995262314968.8828
2021-05-19 15:00:00+00:00,1,5.1,5.1,2818382931264.449
2021-05-19 16:00:00+00:00,1,5.5,5.5,11220184543019.652
2021-05-19 17:00:00+00:00,1,5.7,5.7,22387211385683.47
2021-05-20 06:00:00+00:00,1,5.0,5.0,1995262314968.8828
2021-05-20 17:00:00+00:00,1,5.7,5.7,22387211385683.47
2021-05-20 18:00:00+00:00,1,5.2,5.2,3981071705534.9854
2021-05-20 21:00:00+00:00,1,5.0,5.0,1995262314968.8828
2021-05-21 01:00:00+00:00,1,5.4,5.4,7943282347242.8545
2021-05-21 03:00:00+00:00,1,5.0,5.0,1995262314968.8828
2021-05-21 04:00:00+00:00,1,5.1,5.1,2818382931264.449
2021-05-21 06:00:00+00:00,1,5.07,5.07,2540972705549.3115
2021-05-21 10:00:00+00:00,1,5.0,5.0,1995262314968.8828
2021-05-21 11:00:00+00:00,1,5.0,5.0,1995262314968.8828
2021-05-21 12:00:00+00:00,2,5.4,5.8,33618038916652.676
2021-05-21 13:00:00+00:00,5,5.279999999999999,6.1,99915073080111.61
2021-05-21 14:00:00+00:00,1,5.1,5.1,2818382931264.449
2021-05-21 15:00:00+00:00,1,5.1,5.1,2818382931264.449
2021-05-21 16:00:00+00:00,1,5.8,5.8,31622776601683.793
2021-05-21 18:00:00+00:00,4,5.875,7.3,5649834692695065.0
2021-05-21 22:00:00+00:00,2,6.05,6.5,370662321158187.2
2021-05-21 23:00:00+00:00,1,5.2,5.2,3981071705534.9854
2021-05-22 02:00:00+00:00,2,5.1,5.1,5636765862528.898
2021-05-22 03:00:00+00:00,1,5.2,5.2,3981071705534.9854
2021-05-22 08:00:00+00:00,1,5.0,5.0,1995262314968.8828
2021-05-22 09:00:00+00:00,1,5.1,5.1,2818382931264.449
2021-05-22 18:00:00+00:00,1,5.0,5.0,1995262314968.8828
2021-05-22 23:00:00+00:00,1,5.0,5.0,1995262314968.8828
2021-05-23 02:00:00+00:00,1,5.5,5.5,11220184543019.652
2021-05-23 03:00:00+00:00,2,5.15,5.2,6799454636799.435
2021-05-23 04:00:00+00:00,1,5.1,5.1,2818382931264.449
2021-05-23 08:00:00+00:00,1,5.3,5.3,5623413251903.491
2021-05-23 22:00:00+00:00,1,5.1,5.1,2818382931264.449
2021-05-24 01:00:00+00:00,1,5.0,5.0,1995262314968.8828
2021-05-25 16:00:00+00:00,1,5.0,5.0,1995262314968.8828
2021-05-25 17:00:00+00:00,1,5.1,5.1,2818382931264.449
2021-05-25 21:00:00+00:00,1,5.7,5.7,22387211385683.47
2021-05-25 23:00:00+00:00,1,5.24,5.24,4570881896148.752
2021-05-27 03:00:00+00:00,1,5.2,5.2,3981071705534.9854
2021-05-27 13:00:00+00:00,1,5.1,5.1,2818382931264.449
2021-05-28 04:00:00+00:00,1,5.0,5.0,1995262314968.8828
2021-05-28 07:00:00+00:00,1,5.0,5.0,1995262314968.8828
2021-05-28 13:00:00+00:00,1,5.3,5.3,5623413251903.491
2021-05-28 23:00:00+00:00,1,5.2,5.2,3981071705534.9854
2021-05-29 00:00:00+00:00,1,5.0,5.0,1995262314968.8828
2021-05-29 01:00:00+00:00,2,5.3,5.5,14038567474284.102
2021-05-30 03:00:00+00:00,1,5.3,5.3,5623413251903.491
2021-05-30 04:00:00+00:00,1,5.1,5.1,2818382931264.449
2021-05-30 06:00:00+00:00,1,5.0,5.0,1995262314968.8828
2021-05-30 13:00:00+00:00,1,5.4,5.4,7943282347242.8545
2021-05-30 16:00:00+00:00,1,5.1,5.1,2818382931264.449
2021-05-30 17:00:00+00:00,1,5.3,5.3,5623413251903.491
2021-05-30 20:00:00+00:00,1,5.9,5.9,44668359215096.53
2021-05-31 00:00:00+00:00,1,5.2,5.2,3981071705534.9854
2021-05-31 06:00:00+00:00,1,6.1,6.1,89125093813374.4
2021-05-31 14:00:00+00:00,1,5.2,5.2,3981071705534.9854
2021-05-31 22:00:00+00:00,1,5.2,5.2,3981071705534.9854
2021-06-01 11:00:00+00:00,1,5.5,5.5,11220184543019.652
2021-06-01 12:00:00+00:00,1,5.4,5.4,7943282347242.8545
2021-06-03 05:00:00+00:00,1,5.0,5.0,1995262314968.8828
2021-06-03 10:00:00+00:00,3,5.433333333333334,6.2,130706186425650.47
2021-06-03 17:00:00+00:00,1,5.1,5.1,2818382931264.449
2021-06-04 07:00:00+00:00,1,5.9,5.9,44668359215096.53
2021-06-04 08:00:00+00:00,1,5.9,5.9,44668359215096.53
2021-06-04 13:00:00+00:00,1,5.3,5.3,5623413251903.491
2021-06-04 15:00:00+00:00,1,5.0,5.0,1995262314968.8828
2021-06-05 01:00:00+00:00,1,5.2,5.2,3981071705534.9854
2021-06-05 03:00:00+00:00,1,5.4,5.4,7943282347242.8545
2021-06-05 12:00:00+00:00,1,5.0,5.0,1995262314968.8828
2021-06-05 17:00:00+00:00,1,5.25,5.25,4731512589614.8125
2021-06-05 22:00:00+00:00,1,5.3,5.3,5623413251903.491
2021-06-06 01:00:00+00:00,1,5.2,5.2,3981071705534.9854
2021-06-06 02:00:00+00:00,1,5.0,5.0,1995262314968.8828
2021-06-06 04:00:00+00:00,1,5.3,5.3,5623413251903.491
2021-06-06 09:00:00+00:00,1,5.2,5.2,3981071705534.9854
2021-06-06 16:00:00+00:00,1,5.1,5.1,2818382931264.449
2021-06-06 18:00:00+00:00,2,5.3,5.6,17844194239579.992
2021-06-06 23:00:00+00:00,1,5.8,5.8,31622776601683.793
2021-06-07 05:00:00+00:00,1,5.1,5.1,2818382931264.449
2021-06-07 14:00:00+00:00,1,5.0,5.0,1995262314968.8828
2021-06-07 21:00:00+00:00,1,5.2,5.2,3981071705534.9854
2021-06-08 04:00:00+00:00,1,5.0,5.0,1995262314968.8828
2021-06-08 05:00:00+00:00,1,5.3,5.3,5623413251903.491
2021-06-08 10:00:00+00:00,1,5.7,5.7,22387211385683.47
2021-06-08 15:00:00+00:00,1,5.3,5.3,5623413251903.491
2021-06-09 13:00:00+00:00,1,5.0,5.0,1995262314968.8828
2021-06-10 08:00:00+00:00,1,5.0,5.0,1995262314968.8828
2021-06-10 10:00:00+00:00,1,5.1,5.1,2818382931264.449
2021-06-10 11:00:00+00:00,1,5.0,5.0,1995262314968.8828
2021-06-10 23:00:00+00:00,1,5.7,5.7,22387211385683.47
2021-06-11 02:00:00+00:00,1,5.6,5.6,15848931924611.11
2021-06-11 07:00:00+00:00,2,5.15,5.2,6799454636799.435
2021-06-11 21:00:00+00:00,1,5.0,5.0,1995262314968.8828
2021-06-12 03:00:00+00:00,1,5.1,5.1,2818382931264.449
2021-06-12 06:00:00+00:00,1,5.0,5.0,1995262314968.8828
2021-06-12 11:00:00+00:00,1,5.0,5.0,1995262314968.8828
2021-06-13 01:00:00+00:00,1,5.0,5.0,1995262314968.8828
2021-06-13 02:00:00+00:00,1,5.4,5.4,7943282347242.8545
2021-06-13 07:00:00+00:00,1,5.0,5.0,1995262314968.8828
2021-06-13 09:00:00+00:00,1,5.1,5.1,2818382931264.449
2021-06-14 02:00:00+00:00,1,5.5,5.5,11220184543019.652
2021-06-14 10:00:00+00:00,2,5.0,5.0,3990524629937.7656
2021-06-14 14:00:00+00:00,3,5.333333333333333,5.7,30005886952555.844
2021-06-15 14:00:00+00:00,1,5.2,5.2,3981071705534.9854
2021-06-15 23:00:00+00:00,1,5.3,5.3,5623413251903.491
2021-06-16 01:00:00+00:00,1,5.3,5.3,5623413251903.491
2021-06-16 04:00:00+00:00,2,5.5,5.9,47486742146360.984
2021-06-16 08:00:00+00:00,1,5.5,5.5,11220184543019.652
2021-06-16 20:00:00+00:00,1,5.0,5.0,1995262314968.8828
2021-06-17 13:00:00+00:00,1,5.5,5.5,11220184543019.652
2021-06-17 14:00:00+00:00,1,5.0,5.0,1995262314968.8828
2021-06-18 10:00:00+00:00,1,5.4,5.4,7943282347242.8545
2021-06-19 11:00:00+00:00,1,5.8,5.8,31622776601683.793
2021-06-19 18:00:00+00:00,1,5.4,5.4,7943282347242.8545
2021-06-19 21:00:00+00:00,1,5.2,5.2,3981071705534.9854
2021-06-20 11:00:00+00:00,2,5.24,5.3,9338765542875.219
2021-06-20 17:00:00+00:00,2,5.95,6.5,362756671580818.94
2021-06-21 01:00:00+00:00,2,5.3,5.5,14038567474284.102
2021-06-21 05:00:00+00:00,1,5.0,5.0,1995262314968.8828
2021-06-21 11:00:00+00:00,1,5.9,5.9,44668359215096.53
2021-06-21 15:00:00+00:00,1,5.2,5.2,3981071705534.9854
2021-06-21 22:00:00+00:00,1,5.5,5.5,11220184543019.652
2021-06-23 00:00:00+00:00,1,5.5,5.5,11220184543019.652
2021-06-23 02:00:00+00:00,1,5.9,5.9,44668359215096.53
2021-06-23 05:00:00+00:00,1,5.5,5.5,11220184543019.652
2021-06-23 07:00:00+00:00,1,5.0,5.0,1995262314968.8828
2021-06-24 02:00:00+00:00,1,5.7,5.7,22387211385683.47
2021-06-24 04:00:00+00:00,1,5.2,5.2,3981071705534.9854
2021-06-24 06:00:00+00:00,1,5.1,5.1,2818382931264.449
2021-06-24 09:00:00+00:00,1,5.1,5.1,2818382931264.449
2021-06-24 14:00:00+00:00,1,5.4,5.4,7943282347242.8545
2021-06-24 22:00:00+00:00,1,5.2,5.2,3981071705534.9854
2021-06-24 23:00:00+00:00,1,5.1,5.1,2818382931264.449
2021-06-25 18:00:00+00:00,1,5.4,5.4,7943282347242.8545
2021-06-26 00:00:00+00:00,1,5.4,5.4,7943282347242.8545
2021-06-26 03:00:00+00:00,1,5.0,5.0,1995262314968.8828
2021-06-26 04:00:00+00:00,1,5.3,5.3,5623413251903.491
2021-06-26 06:00:00+00:00,3,5.1000000000000005,5.2,8794716951768.317
2021-06-26 18:00:00+00:00,1,5.6,5.6,15848931924611.11
2021-06-26 22:00:00+00:00,1,5.1,5.1,2818382931264.449
2021-06-26 23:00:00+00:00,1,5.0,5.0,1995262314968.8828
2021-06-27 07:00:00+00:00,1,5.0,5.0,1995262314968.8828
2021-06-27 15:00:00+00:00,1,5.1,5.1,2818382931264.449
2021-06-27 22:00:00+00:00,1,5.1,5.1,2818382931264.449
2021-06-28 01:00:00+00:00,1,5.0,5.0,1995262314968.8828
2021-06-28 04:00:00+00:00,1,5.4,5.4,7943282347242.8545
2021-06-28 09:00:00+00:00,1,5.1,5.1,2818382931264.449
2021-06-28 18:00:00+00:00,1,5.0,5.0,1995262314968.8828
2021-06-29 03:00:00+00:00,1,5.3,5.3,5623413251903.491
2021-06-29 05:00:00+00:00,1,5.0,5.0,1995262314968.8828
2021-06-30 15:00:00+00:00,1,5.3,5.3,5623413251903.491
2021-07-01 01:00:00+00:00,1,5.0,5.0,1995262314968.8828
2021-07-01 15:00:00+00:00,1,5.2,5.2,3981071705534.9854
2021-07-02 06:00:00+00:00,1,5.0,5.0,1995262314968.8828
2021-07-02 09:00:00+00:00,1,5.0,5.0,1995262314968.8828
2021-07-02 17:00:00+00:00,1,5.3,5.3,5623413251903.491
2021-07-02 20:00:00+00:00,1,6.1,6.1,89125093813374.4
2021-07-03 11:00:00+00:00,1,5.8,5.8,31622776601683.793
2021-07-03 13:00:00+00:00,1,5.1,5.1,2818382931264.449
2021-07-03 16:00:00+00:00,1,5.03,5.03,2213094709605.632
2021-07-03 17:00:00+00:00,2,5.35,5.6,18667314855875.56
2021-07-04 01:00:00+00:00,2,5.95,6.0,107764093663115.97
2021-07-04 02:00:00+00:00,1,5.6,5.6,15848931924611.11
2021-07-04 16:00:00+00:00,1,5.0,5.0,1995262314968.8828
2021-07-04 18:00:00+00:00,1,5.2,5.2,3981071705534.9854
2021-07-05 06:00:00+00:00,1,5.5,5.5,11220184543019.652
2021-07-05 23:00:00+00:00,1,5.17,5.17,3589219346450.05
2021-07-06 22:00:00+00:00,1,5.0,5.0,1995262314968.8828
2021-07-07 01:00:00+00:00,1,5.2,5.2,3981071705534.9854
2021-07-07 03:00:00+00:00,1,5.3,5.3,5623413251903.491
2021-07-07 06:00:00+00:00,1,5.9,5.9,44668359215096.53
2021-07-07 11:00:00+00:00,1,5.1,5.1,2818382931264.449
2021-07-07 12:00:00+00:00,1,5.1,5.1,2818382931264.449
2021-07-07 18:00:00+00:00,2,5.05,5.1,4813645246233.332
2021-07-07 22:00:00+00:00,1,5.1,5.1,2818382931264.449
2021-07-07 23:00:00+00:00,1,5.0,5.0,1995262314968.8828
2021-07-08 07:00:00+00:00,1,5.0,5.0,1995262314968.8828
2021-07-08 10:00:00+00:00,3,5.3,5.5,19182327954089.625
2021-07-08 11:00:00+00:00,1,5.2,5.2,3981071705534.9854
2021-07-08 13:00:00+00:00,1,5.1,5.1,2818382931264.449
2021-07-08 20:00:00+00:00,2,5.35,5.4,13566695599146.346
2021-07-08 22:00:00+00:00,2,5.515000000000001,6.0,65308829157625.06
2021-07-08 23:00:00+00:00,1,5.0,5.0,1995262314968.8828
2021-07-09 01:00:00+00:00,1,5.5,5.5,11220184543019.652
2021-07-09 05:00:00+00:00,1,5.2,5.2,3981071705534.9854
2021-07-09 09:00:00+00:00,1,5.0,5.0,1995262314968.8828
2021-07-09 11:00:00+00:00,1,5.2,5.2,3981071705534.9854
2021-07-09 13:00:00+00:00,1,5.6,5.6,15848931924611.11
2021-07-09 16:00:00+00:00,1,5.1,5.1,2818382931264.449
2021-07-09 19:00:00+00:00,1,5.0,5.0,1995262314968.8828
2021-07-09 20:00:00+00:00,1,5.3,5.3,5623413251903.491
2021-07-09 22:00:00+00:00,1,5.0,5.0,1995262314968.8828
2021-07-10 00:00:00+00:00,3,5.533333333333334,6.1,102340540671362.94
2021-07-10 02:00:00+00:00,2,5.550000000000001,5.7,30330493732926.324
2021-07-11 00:00:00+00:00,1,5.1,5.1,2818382931264.449
2021-07-11 02:00:00+00:00,2,5.4,5.4,15886564694485.709
2021-07-11 17:00:00+00:00,1,5.0,5.0,1995262314968.8828
2021-07-12 23:00:00+00:00,1,5.2,5.2,3981071705534.9854
2021-07-13 00:00:00+00:00,1,5.6,5.6,15848931924611.11
2021-07-13 02:00:00+00:00,1,5.2,5.2,3981071705534.9854
2021-07-13 11:00:00+00:00,2,5.2,5.4,9938544662211.738
2021-07-13 22:00:00+00:00,1,5.2,5.2,3981071705534.9854
2021-07-14 02:00:00+00:00,2,5.1,5.2,5976334020503.868
2021-07-14 09:00:00+00:00,1,5.4,5.4,7943282347242.8545
2021-07-14 15:00:00+00:00,1,5.0,5.0,1995262314968.8828
2021-07-14 23:00:00+00:00,1,5.0,5.0,1995262314968.8828
2021-07-16 04:00:00+00:00,1,5.4,5.4,7943282347242.8545
2021-07-16 09:00:00+00:00,1,5.0,5.0,1995262314968.8828
2021-07-16 10:00:00+00:00,1,5.4,5.4,7943282347242.8545
2021-07-16 15:00:00+00:00,1,5.2,5.2,3981071705534.9854
2021-07-16 23:00:00+00:00,1,5.0,5.0,1995262314968.8828
2021-07-17 00:00:00+00:00,1,5.7,5.7,22387211385683.47
2021-07-17 03:00:00+00:00,1,5.5,5.5,11220184543019.652
2021-07-17 11:00:00+00:00,1,5.2,5.2,3981071705534.9854
2021-07-17 20:00:00+00:00,1,6.1,6.1,89125093813374.4
2021-07-17 21:00:00+00:00,1,5.5,5.5,11220184543019.652
2021-07-17 23:00:00+00:00,1,5.08,5.08,2630267991895.3813
2021-07-18 00:00:00+00:00,2,5.25,5.4,10761665278507.305
2021-07-18 01:00:00+00:00,1,5.2,5.2,3981071705534.9854
2021-07-18 06:00:00+00:00,1,5.12,5.12,3019951720402.019
2021-07-18 14:00:00+00:00,1,5.4,5.4,7943282347242.8545
2021-07-18 15:00:00+00:00,1,5.0,5.0,1995262314968.8828
2021-07-19 00:00:00+00:00,1,5.3,5.3,5623413251903.491
2021-07-19 15:00:00+00:00,1,5.9,5.9,44668359215096.53
2021-07-19 19:00:00+00:00,1,5.0,5.0,1995262314968.8828
2021-07-19 20:00:00+00:00,1,5.8,5.8,31622776601683.793
2021-07-19 23:00:00+00:00,1,5.4,5.4,7943282347242.8545
2021-07-20 20:00:00+00:00,1,5.2,5.2,3981071705534.9854
2021-07-20 21:00:00+00:00,1,5.1,5.1,2818382931264.449
2021-07-20 23:00:00+00:00,1,5.2,5.2,3981071705534.9854
2021-07-21 02:00:00+00:00,1,5.4,5.4,7943282347242.8545
2021-07-21 14:00:00+00:00,1,6.0,6.0,63095734448019.43
2021-07-21 17:00:00+00:00,1,5.2,5.2,3981071705534.9854
2021-07-21 21:00:00+00:00,1,6.7,6.7,707945784384140.2
2021-07-22 01:00:00+00:00,1,5.2,5.2,3981071705534.9854
2021-07-22 02:00:00+00:00,2,5.25,5.5,13215446857988.535
2021-07-22 12:00:00+00:00,1,5.1,5.1,2818382931264.449
2021-07-23 04:00:00+00:00,1,5.5,5.5,11220184543019.652
2021-07-23 06:00:00+00:00,1,5.5,5.5,11220184543019.652
2021-07-23 19:00:00+00:00,1,5.0,5.0,1995262314968.8828
2021-07-23 20:00:00+00:00,2,6.25,6.7,739568560985824.0
2021-07-23 23:00:00+00:00,1,5.5,5.5,11220184543019.652
2021-07-24 12:00:00+00:00,1,6.1,6.1,89125093813374.4
2021-07-24 13:00:00+00:00,2,5.199999999999999,5.3,8441796183167.94
2021-07-25 03:00:00+00:00,1,5.4,5.4,7943282347242.8545
2021-07-25 04:00:00+00:00,1,5.0,5.0,1995262314968.8828
2021-07-25 05:00:00+00:00,1,5.0,5.0,1995262314968.8828
2021-07-25 07:00:00+00:00,1,5.1,5.1,2818382931264.449
2021-07-25 10:00:00+00:00,1,5.7,5.7,22387211385683.47
2021-07-25 16:00:00+00:00,2,5.55,5.6,27069116467630.76
2021-07-26 02:00:00+00:00,1,5.2,5.2,3981071705534.9854
2021-07-26 03:00:00+00:00,1,5.8,5.8,31622776601683.793
2021-07-26 07:00:00+00:00,1,5.4,5.4,7943282347242.8545
2021-07-26 12:00:00+00:00,1,6.3,6.3,177827941003892.28
2021-07-26 16:00:00+00:00,1,5.0,5.0,1995262314968.8828
2021-07-28 11:00:00+00:00,1,5.2,5.2,3981071705534.9854
2021-07-28 21:00:00+00:00,1,5.2,5.2,3981071705534.9854
2021-07-29 00:00:00+00:00,1,5.8,5.8,31622776601683.793
2021-07-29 05:00:00+00:00,1,5.4,5.4,7943282347242.8545
2021-07-29 06:00:00+00:00,7,5.871428571428572,8.2,1.259872020130903e+17
2021-07-29 08:00:00+00:00,1,5.5,5.5,11220184543019.652
2021-07-29 09:00:00+00:00,1,5.3,5.3,5623413251903.491
2021-07-29 11:00:00+00:00,1,5.1,5.1,2818382931264.449
2021-07-29 16:00:00+00:00,1,5.3,5.3,5623413251903.491
2021-07-29 20:00:00+00:00,3,5.166666666666667,5.4,12756927593476.188
2021-07-29 23:00:00+00:00,1,5.0,5.0,1995262314968.8828
2021-07-30 03:00:00+00:00,1,5.5,5.5,11220184543019.652
2021-07-30 17:00:00+00:00,1,6.2,6.2,125892541179417.14
2021-07-30 22:00:00+00:00,2,5.15,5.3,7618675566872.374
2021-07-31 05:00:00+00:00,1,5.0,5.0,1995262314968.8828
2021-07-31 08:00:00+00:00,1,5.0,5.0,1995262314968.8828
2021-07-31 15:00:00+00:00,1,5.5,5.5,11220184543019.652
2021-07-31 21:00:00+00:00,1,5.2,5.2,3981071705534.9854
2021-08-01 04:00:00+00:00,1,5.6,5.6,15848931924611.11
2021-08-01 10:00:00+00:00,1,5.2,5.2,3981071705534.9854
2021-08-01 13:00:00+00:00,1,5.0,5.0,1995262314968.8828
2021-08-02 01:00:00+00:00,1,5.6,5.6,15848931924611.11
2021-08-02 03:00:00+00:00,2,5.199999999999999,5.3,8441796183167.94
2021-08-02 05:00:00+00:00,1,6.0,6.0,63095734448019.43
2021-08-02 15:00:00+00:00,1,5.1,5.1,2818382931264.449
2021-08-02 22:00:00+00:00,1,5.8,5.8,31622776601683.793
2021-08-02 23:00:00+00:00,1,5.2,5.2,3981071705534.9854
2021-08-03 01:00:00+00:00,1,5.3,5.3,5623413251903.491
2021-08-03 03:00:00+00:00,3,5.733333333333333,6.1,126371283666961.69
2021-08-03 06:00:00+00:00,1,5.5,5.5,11220184543019.652
2021-08-03 08:00:00+00:00,1,5.0,5.0,1995262314968.8828
2021-08-03 10:00:00+00:00,2,5.25,5.5,13215446857988.535
2021-08-03 12:00:00+00:00,2,5.2,5.2,7962143411069.971
2021-08-03 19:00:00+00:00,1,5.0,5.0,1995262314968.8828
2021-08-03 20:00:00+00:00,2,5.5,5.8,35603848307218.78
2021-08-04 04:00:00+00:00,1,5.4,5.4,7943282347242.8545
2021-08-04 05:00:00+00:00,1,5.5,5.5,11220184543019.652
2021-08-04 07:00:00+00:00,1,5.4,5.4,7943282347242.8545
2021-08-04 17:00:00+00:00,1,5.5,5.5,11220184543019.652
2021-08-04 21:00:00+00:00,2,5.449999999999999,5.8,34441159532948.242
2021-08-05 05:00:00+00:00,1,5.4,5.4,7943282347242.8545
2021-08-05 11:00:00+00:00,1,5.3,5.3,5623413251903.491
2021-08-05 12:00:00+00:00,1,5.1,5.1,2818382931264.449
2021-08-05 14:00:00+00:00,1,5.0,5.0,1995262314968.8828
2021-08-06 00:00:00+00:00,1,5.0,5.0,1995262314968.8828
2021-08-06 08:00:00+00:00,2,5.199999999999999,5.3,8441796183167.94
2021-08-06 11:00:00+00:00,2,5.2,5.2,7962143411069.971
2021-08-06 19:00:00+00:00,1,5.9,5.9,44668359215096.53
2021-08-07 01:00:00+00:00,1,5.0,5.0,1995262314968.8828
2021-08-07 14:00:00+00:00,1,5.3,5.3,5623413251903.491
2021-08-07 18:00:00+00:00,1,5.2,5.2,3981071705534.9854
2021-08-07 23:00:00+00:00,1,5.0,5.0,1995262314968.8828
2021-08-08 00:00:00+00:00,1,5.1,5.1,2818382931264.449
2021-08-08 14:00:00+00:00,1,5.2,5.2,3981071705534.9854
2021-08-08 22:00:00+00:00,1,5.5,5.5,11220184543019.652
2021-08-09 01:00:00+00:00,1,5.0,5.0,1995262314968.8828
2021-08-09 09:00:00+00:00,1,5.1,5.1,2818382931264.449
2021-08-09 12:00:00+00:00,1,5.3,5.3,5623413251903.491
2021-08-09 13:00:00+00:00,1,5.0,5.0,1995262314968.8828
2021-08-09 21:00:00+00:00,2,5.0,5.0,3990524629937.7656
2021-08-10 12:00:00+00:00,1,5.0,5.0,1995262314968.8828
2021-08-10 15:00:00+00:00,1,5.2,5.2,3981071705534.9854
2021-08-10 18:00:00+00:00,1,5.0,5.0,1995262314968.8828
2021-08-10 21:00:00+00:00,1,5.2,5.2,3981071705534.9854
2021-08-11 04:00:00+00:00,1,5.0,5.0,1995262314968.8828
2021-08-11 15:00:00+00:00,1,5.5,5.5,11220184543019.652
2021-08-11 17:00:00+00:00,1,7.1,7.1,2818382931264449.0
2021-08-12 02:00:00+00:00,1,5.2,5.2,3981071705534.9854
2021-08-12 03:00:00+00:00,1,5.5,5.5,11220184543019.652
2021-08-12 12:00:00+00:00,1,5.0,5.0,1995262314968.8828
2021-08-12 15:00:00+00:00,2,5.4,5.7,25205594316947.918
2021-08-12 18:00:00+00:00,10,6.14,8.1,1.0125515187950379e+17
2021-08-12 19:00:00+00:00,12,5.383333333333333,6.0,198614393689211.03
2021-08-12 20:00:00+00:00,17,5.164705882352941,5.8,86678733733180.53
2021-08-12 21:00:00+00:00,8,5.225,5.6,42350361859010.875
2021-08-12 22:00:00+00:00,7,5.1000000000000005,5.6,28643626430719.973
2021-08-12 23:00:00+00:00,6,5.25,5.5,35216157743342.61
2021-08-13 00:00:00+00:00,3,5.066666666666666,5.1,7632028177497.781
2021-08-13 01:00:00+00:00,2,5.15,5.3,7618675566872.374
2021-08-13 02:00:00+00:00,2,5.15,5.2,6799454636799.435
2021-08-13 03:00:00+00:00,4,5.25,5.8,39254804779181.58
2021-08-13 04:00:00+00:00,3,5.266666666666667,5.4,16385078530410.795
2021-08-13 05:00:00+00:00,3,5.2,5.5,16033829789252.984
2021-08-13 06:00:00+00:00,2,5.3,5.6,17844194239579.992
2021-08-13 07:00:00+00:00,3,5.1000000000000005,5.2,8794716951768.317
2021-08-13 08:00:00+00:00,3,5.1000000000000005,5.2,8794716951768.317
2021-08-13 09:00:00+00:00,1,5.0,5.0,1995262314968.8828
2021-08-13 10:00:00+00:00,3,5.5,6.1,97566889996542.34
2021-08-13 11:00:00+00:00,1,5.7,5.7,22387211385683.47
2021-08-13 13:00:00+00:00,1,5.4,5.4,7943282347242.8545
2021-08-13 14:00:00+00:00,1,5.0,5.0,1995262314968.8828
2021-08-13 15:00:00+00:00,2,5.5,5.9,47486742146360.984
2021-08-13 18:00:00+00:00,3,5.266666666666667,5.5,18838860109892.027
2021-08-13 19:00:00+00:00,2,5.05,5.1,4813645246233.332
2021-08-13 20:00:00+00:00,6,5.266666666666667,5.5,36858499289711.11
2021-08-13 21:00:00+00:00,1,5.0,5.0,1995262314968.8828
2021-08-13 23:00:00+00:00,1,5.1,5.1,2818382931264.449
2021-08-14 00:00:00+00:00,3,5.033333333333333,5.1,6808907561202.215
2021-08-14 01:00:00+00:00,1,5.1,5.1,2818382931264.449
2021-08-14 03:00:00+00:00,4,5.25,5.3,19688622686974.92
2021-08-14 05:00:00+00:00,1,5.3,5.3,5623413251903.491
2021-08-14 07:00:00+00:00,1,5.0,5.0,1995262314968.8828
2021-08-14 09:00:00+00:00,2,5.5,5.6,23792214271853.965
2021-08-14 10:00:00+00:00,2,5.35,5.5,15201256248554.637
2021-08-14 11:00:00+00:00,1,6.9,6.9,1412537544622761.2
2021-08-14 12:00:00+00:00,3,5.8999999999999995,7.2,3991833370813493.0
2021-08-14 14:00:00+00:00,1,5.1,5.1,2818382931264.449
2021-08-14 17:00:00+00:00,1,5.0,5.0,1995262314968.8828
2021-08-14 18:00:00+00:00,2,5.15,5.2,6799454636799.435
2021-08-14 19:00:00+00:00,1,5.2,5.2,3981071705534.9854
2021-08-14 20:00:00+00:00,1,5.2,5.2,3981071705534.9854
2021-08-14 21:00:00+00:00,2,5.3,5.5,14038567474284.102
2021-08-14 22:00:00+00:00,1,5.0,5.0,1995262314968.8828
2021-08-14 23:00:00+00:00,1,5.0,5.0,1995262314968.8828
2021-08-15 02:00:00+00:00,2,5.05,5.1,4813645246233.332
2021-08-15 03:00:00+00:00,1,5.8,5.8,31622776601683.793
2021-08-15 05:00:00+00:00,2,5.25,5.4,10761665278507.305
2021-08-15 07:00:00+00:00,1,5.0,5.0,1995262314968.8828
2021-08-15 10:00:00+00:00,2,5.300000000000001,5.4,11924354052777.84
2021-08-15 11:00:00+00:00,2,5.05,5.1,4813645246233.332
2021-08-15 12:00:00+00:00,1,5.0,5.0,1995262314968.8828
2021-08-15 16:00:00+00:00,1,5.4,5.4,7943282347242.8545
2021-08-15 17:00:00+00:00,1,5.0,5.0,1995262314968.8828
2021-08-15 19:00:00+00:00,1,5.1,5.1,2818382931264.449
2021-08-15 21:00:00+00:00,1,5.2,5.2,3981071705534.9854
2021-08-15 22:00:00+00:00,1,5.2,5.2,3981071705534.9854
2021-08-15 23:00:00+00:00,1,5.0,5.0,1995262314968.8828
2021-08-16 05:00:00+00:00,1,5.7,5.7,22387211385683.47
2021-08-16 08:00:00+00:00,1,5.3,5.3,5623413251903.491
2021-08-16 10:00:00+00:00,1,5.2,5.2,3981071705534.9854
2021-08-16 11:00:00+00:00,2,5.95,6.9,1414532806937730.2
2021-08-16 13:00:00+00:00,1,5.0,5.0,1995262314968.8828
2021-08-16 14:00:00+00:00,2,5.05,5.1,4813645246233.332
2021-08-16 16:00:00+00:00,1,5.0,5.0,1995262314968.8828
2021-08-16 19:00:00+00:00,1,5.1,5.1,2818382931264.449
2021-08-16 20:00:00+00:00,1,5.5,5.5,11220184543019.652
2021-08-16 23:00:00+00:00,1,5.5,5.5,11220184543019.652
2021-08-17 03:00:00+00:00,1,5.6,5.6,15848931924611.11
2021-08-17 17:00:00+00:00,2,5.949999999999999,6.1,120747870415058.2
2021-08-17 19:00:00+00:00,1,5.2,5.2,3981071705534.9854
2021-08-17 20:00:00+00:00,2,5.35,5.5,15201256248554.637
2021-08-17 21:00:00+00:00,1,5.0,5.0,1995262314968.8828
2021-08-18 00:00:00+00:00,2,5.1,5.1,5636765862528.898
2021-08-18 02:00:00+00:00,1,5.8,5.8,31622776601683.793
2021-08-18 09:00:00+00:00,1,5.1,5.1,2818382931264.449
2021-08-18 10:00:00+00:00,1,6.9,6.9,1412537544622761.2
2021-08-18 19:00:00+00:00,1,5.1,5.1,2818382931264.449
2021-08-18 20:00:00+00:00,1,5.2,5.2,3981071705534.9854
2021-08-18 21:00:00+00:00,3,5.3999999999999995,6.0,69072068468523.3
2021-08-18 22:00:00+00:00,1,5.3,5.3,5623413251903.491
2021-08-18 23:00:00+00:00,1,5.2,5.2,3981071705534.9854
2021-08-19 05:00:00+00:00,2,5.15,5.2,6799454636799.435
2021-08-19 08:00:00+00:00,1,5.3,5.3,5623413251903.491
2021-08-19 10:00:00+00:00,1,5.1,5.1,2818382931264.449
2021-08-19 11:00:00+00:00,1,5.1,5.1,2818382931264.449
2021-08-19 16:00:00+00:00,2,5.1,5.2,5976334020503.868
2021-08-19 17:00:00+00:00,1,5.2,5.2,3981071705534.9854
2021-08-19 20:00:00+00:00,1,5.0,5.0,1995262314968.8828
2021-08-19 21:00:00+00:00,1,5.1,5.1,2818382931264.449
2021-08-20 01:00:00+00:00,1,5.0,5.0,1995262314968.8828
2021-08-20 03:00:00+00:00,3,5.166666666666667,5.2,10780526342334.42
2021-08-20 15:00:00+00:00,2,5.25,5.3,9604484957438.477
2021-08-20 18:00:00+00:00,1,5.0,5.0,1995262314968.8828
2021-08-20 22:00:00+00:00,1,5.0,5.0,1995262314968.8828
2021-08-21 21:00:00+00:00,1,5.2,5.2,3981071705534.9854
2021-08-22 00:00:00+00:00,1,6.6,6.6,501187233627271.44
2021-08-22 02:00:00+00:00,1,5.3,5.3,5623413251903.491
2021-08-22 03:00:00+00:00,1,5.1,5.1,2818382931264.449
2021-08-22 08:00:00+00:00,1,5.0,5.0,1995262314968.8828
2021-08-22 15:00:00+00:00,1,5.7,5.7,22387211385683.47
2021-08-22 19:00:00+00:00,1,5.0,5.0,1995262314968.8828
2021-08-22 21:00:00+00:00,1,7.1,7.1,2818382931264449.0
2021-08-22 22:00:00+00:00,1,5.0,5.0,1995262314968.8828
2021-08-23 00:00:00+00:00,1,5.1,5.1,2818382931264.449
2021-08-23 03:00:00+00:00,1,5.1,5.1,2818382931264.449
2021-08-23 06:00:00+00:00,1,5.2,5.2,3981071705534.9854
2021-08-23 14:00:00+00:00,1,5.0,5.0,1995262314968.8828
2021-08-24 00:00:00+00:00,1,5.0,5.0,1995262314968.8828
2021-08-24 05:00:00+00:00,1,6.0,6.0,63095734448019.43
2021-08-24 07:00:00+00:00,2,5.15,5.2,6799454636799.435
2021-08-24 14:00:00+00:00,1,5.4,5.4,7943282347242.8545
2021-08-24 16:00:00+00:00,1,5.4,5.4,7943282347242.8545
2021-08-24 17:00:00+00:00,1,5.0,5.0,1995262314968.8828
2021-08-24 18:00:00+00:00,1,5.0,5.0,1995262314968.8828
2021-08-24 19:00:00+00:00,1,5.1,5.1,2818382931264.449
2021-08-24 23:00:00+00:00,1,5.0,5.0,1995262314968.8828
2021-08-25 00:00:00+00:00,2,5.1,5.1,5636765862528.898
2021-08-25 05:00:00+00:00,1,5.4,5.4,7943282347242.8545
2021-08-25 10:00:00+00:00,1,5.1,5.1,2818382931264.449
2021-08-25 19:00:00+00:00,1,5.0,5.0,1995262314968.8828
2021-08-25 21:00:00+00:00,2,5.25,5.3,9604484957438.477
2021-08-25 23:00:00+00:00,1,5.3,5.3,5623413251903.491
2021-08-26 00:00:00+00:00,1,5.0,5.0,1995262314968.8828
2021-08-26 02:00:00+00:00,1,5.7,5.7,22387211385683.47
2021-08-26 03:00:00+00:00,2,5.449999999999999,5.8,34441159532948.242
2021-08-26 05:00:00+00:00,2,5.2,5.4,9938544662211.738
2021-08-26 12:00:00+00:00,1,5.1,5.1,2818382931264.449
2021-08-26 20:00:00+00:00,2,5.15,5.3,7618675566872.374
2021-08-27 10:00:00+00:00,1,5.6,5.6,15848931924611.11
2021-08-27 13:00:00+00:00,1,5.0,5.0,1995262314968.8828
2021-08-27 18:00:00+00:00,1,5.2,5.2,3981071705534.9854
2021-08-27 22:00:00+00:00,2,5.15,5.2,6799454636799.435
2021-08-28 00:00:00+00:00,1,5.3,5.3,5623413251903.491
2021-08-28 04:00:00+00:00,1,5.1,5.1,2818382931264.449
2021-08-28 11:00:00+00:00,1,5.3,5.3,5623413251903.491
2021-08-28 12:00:00+00:00,2,5.449999999999999,5.6,21472345176514.6
2021-08-28 20:00:00+00:00,1,5.1,5.1,2818382931264.449
2021-08-29 04:00:00+00:00,1,5.3,5.3,5623413251903.491
2021-08-29 08:00:00+00:00,1,5.2,5.2,3981071705534.9854
2021-08-29 14:00:00+00:00,1,5.0,5.0,1995262314968.8828
2021-08-29 19:00:00+00:00,1,5.0,5.0,1995262314968.8828
2021-08-29 23:00:00+00:00,2,5.3,5.5,14038567474284.102
2021-08-30 14:00:00+00:00,1,5.1,5.1,2818382931264.449
2021-08-30 18:00:00+00:00,1,5.0,5.0,1995262314968.8828
2021-08-30 21:00:00+00:00,1,5.1,5.1,2818382931264.449
2021-08-31 02:00:00+00:00,1,6.4,6.4,251188643150959.25
2021-08-31 05:00:00+00:00,1,5.1,5.1,2818382931264.449
2021-08-31 06:00:00+00:00,1,5.2,5.2,3981071705534.9854
2021-08-31 10:00:00+00:00,1,5.3,5.3,5623413251903.491
2021-08-31 11:00:00+00:00,1,5.1,5.1,2818382931264.449
2021-08-31 13:00:00+00:00,1,5.4,5.4,7943282347242.8545
2021-08-31 14:00:00+00:00,2,5.3,5.6,17844194239579.992
2021-08-31 22:00:00+00:00,2,5.15,5.3,7618675566872.374
2021-09-01 06:00:00+00:00,1,5.2,5.2,3981071705534.9854
2021-09-01 07:00:00+00:00,1,5.4,5.4,7943282347242.8545
2021-09-01 08:00:00+00:00,1,5.4,5.4,7943282347242.8545
2021-09-01 09:00:00+00:00,1,5.6,5.6,15848931924611.11
2021-09-01 10:00:00+00:00,1,5.1,5.1,2818382931264.449
2021-09-01 13:00:00+00:00,1,5.7,5.7,22387211385683.47
2021-09-01 18:00:00+00:00,1,5.6,5.6,15848931924611.11
2021-09-01 22:00:00+00:00,1,5.4,5.4,7943282347242.8545
2021-09-02 04:00:00+00:00,1,5.0,5.0,1995262314968.8828
2021-09-02 20:00:00+00:00,1,5.3,5.3,5623413251903.491
2021-09-02 23:00:00+00:00,1,5.2,5.2,3981071705534.9854
2021-09-03 00:00:00+00:00,1,5.5,5.5,11220184543019.652
2021-09-03 05:00:00+00:00,2,5.2,5.4,9938544662211.738
2021-09-03 07:00:00+00:00,1,5.6,5.6,15848931924611.11
2021-09-03 10:00:00+00:00,1,5.8,5.8,31622776601683.793
2021-09-03 13:00:00+00:00,1,5.0,5.0,1995262314968.8828
2021-09-04 07:00:00+00:00,1,5.1,5.1,2818382931264.449
2021-09-04 16:00:00+00:00,1,5.1,5.1,2818382931264.449
2021-09-04 18:00:00+00:00,1,5.4,5.4,7943282347242.8545
2021-09-04 23:00:00+00:00,1,5.2,5.2,3981071705534.9854
2021-09-05 05:00:00+00:00,2,5.4,5.5,16843597794923.145
2021-09-05 08:00:00+00:00,1,5.5,5.5,11220184543019.652
2021-09-05 09:00:00+00:00,1,5.6,5.6,15848931924611.11
2021-09-05 10:00:00+00:00,1,5.0,5.0,1995262314968.8828
2021-09-05 17:00:00+00:00,1,5.9,5.9,44668359215096.53
2021-09-06 04:00:00+00:00,1,5.2,5.2,3981071705534.9854
2021-09-06 07:00:00+00:00,1,5.3,5.3,5623413251903.491
2021-09-06 08:00:00+00:00,1,5.6,5.6,15848931924611.11
2021-09-06 14:00:00+00:00,1,5.2,5.2,3981071705534.9854
2021-09-06 17:00:00+00:00,1,5.1,5.1,2818382931264.449
2021-09-07 01:00:00+00:00,1,5.0,5.0,1995262314968.8828
2021-09-07 09:00:00+00:00,1,6.0,6.0,63095734448019.43
2021-09-08 01:00:00+00:00,1,7.0,7.0,1995262314968882.8
2021-09-08 03:00:00+00:00,1,5.1,5.1,2818382931264.449
2021-09-08 05:00:00+00:00,1,5.4,5.4,7943282347242.8545
2021-09-08 16:00:00+00:00,1,5.5,5.5,11220184543019.652
2021-09-08 21:00:00+00:00,1,5.2,5.2,3981071705534.9854
2021-09-08 23:00:00+00:00,2,5.35,5.4,13566695599146.346
2021-09-09 02:00:00+00:00,1,5.0,5.0,1995262314968.8828
2021-09-09 03:00:00+00:00,2,5.15,5.3,7618675566872.374
2021-09-09 04:00:00+00:00,3,5.433333333333334,5.8,42384441880191.09
2021-09-09 06:00:00+00:00,1,5.1,5.1,2818382931264.449
2021-09-09 07:00:00+00:00,1,5.0,5.0,1995262314968.8828
2021-09-09 12:00:00+00:00,1,5.1,5.1,2818382931264.449
2021-09-09 19:00:00+00:00,1,5.1,5.1,2818382931264.449
2021-09-09 23:00:00+00:00,1,5.0,5.0,1995262314968.8828
2021-09-10 17:00:00+00:00,2,5.4,5.5,16843597794923.145
2021-09-10 19:00:00+00:00,1,5.0,5.0,1995262314968.8828
2021-09-10 20:00:00+00:00,1,5.0,5.0,1995262314968.8828
2021-09-11 03:00:00+00:00,1,5.2,5.2,3981071705534.9854
2021-09-11 04:00:00+00:00,1,5.0,5.0,1995262314968.8828
2021-09-11 09:00:00+00:00,2,5.35,5.5,15201256248554.637
2021-09-12 02:00:00+00:00,2,5.35,5.4,13566695599146.346
2021-09-12 09:00:00+00:00,1,5.0,5.0,1995262314968.8828
2021-09-12 11:00:00+00:00,1,5.2,5.2,3981071705534.9854
2021-09-13 01:00:00+00:00,1,5.1,5.1,2818382931264.449
2021-09-13 02:00:00+00:00,1,5.1,5.1,2818382931264.449
2021-09-13 04:00:00+00:00,1,5.1,5.1,2818382931264.449
2021-09-13 05:00:00+00:00,1,6.2,6.2,125892541179417.14
2021-09-13 14:00:00+00:00,1,5.1,5.1,2818382931264.449
2021-09-13 22:00:00+00:00,1,5.8,5.8,31622776601683.793
2021-09-13 23:00:00+00:00,1,5.0,5.0,1995262314968.8828
2021-09-14 20:00:00+00:00,1,5.3,5.3,5623413251903.491
2021-09-14 22:00:00+00:00,1,5.0,5.0,1995262314968.8828
2021-09-14 23:00:00+00:00,1,5.1,5.1,2818382931264.449
2021-09-15 00:00:00+00:00,1,5.1,5.1,2818382931264.449
2021-09-15 03:00:00+00:00,1,5.3,5.3,5623413251903.491
2021-09-15 04:00:00+00:00,1,5.2,5.2,3981071705534.9854
2021-09-15 08:00:00+00:00,1,5.0,5.0,1995262314968.8828
2021-09-15 09:00:00+00:00,1,5.2,5.2,3981071705534.9854
2021-09-15 10:00:00+00:00,1,5.3,5.3,5623413251903.491
2021-09-15 12:00:00+00:00,1,5.1,5.1,2818382931264.449
2021-09-15 20:00:00+00:00,2,5.4,5.4,15886564694485.709
2021-09-15 22:00:00+00:00,1,5.0,5.0,1995262314968.8828
2021-09-16 00:00:00+00:00,1,5.0,5.0,1995262314968.8828
2021-09-16 01:00:00+00:00,1,5.3,5.3,5623413251903.491
2021-09-16 04:00:00+00:00,1,5.1,5.1,2818382931264.449
2021-09-16 17:00:00+00:00,1,5.6,5.6,15848931924611.11
2021-09-16 23:00:00+00:00,1,5.1,5.1,2818382931264.449
2021-09-17 00:00:00+00:00,1,5.0,5.0,1995262314968.8828
2021-09-17 10:00:00+00:00,2,5.449999999999999,5.8,34441159532948.242
2021-09-17 16:00:00+00:00,1,5.4,5.4,7943282347242.8545
2021-09-17 18:00:00+00:00,1,5.3,5.3,5623413251903.491
2021-09-17 19:00:00+00:00,1,5.0,5.0,1995262314968.8828
2021-09-18 00:00:00+00:00,1,5.1,5.1,2818382931264.449
2021-09-18 14:00:00+00:00,1,5.0,5.0,1995262314968.8828
2021-09-18 20:00:00+00:00,1,5.3,5.3,5623413251903.491
2021-09-19 00:00:00+00:00,1,5.2,5.2,3981071705534.9854
2021-09-19 04:00:00+00:00,1,5.1,5.1,2818382931264.449
2021-09-19 08:00:00+00:00,1,5.1,5.1,2818382931264.449
2021-09-19 19:00:00+00:00,1,5.0,5.0,1995262314968.8828
2021-09-19 22:00:00+00:00,1,5.0,5.0,1995262314968.8828
2021-09-20 03:00:00+00:00,1,5.1,5.1,2818382931264.449
2021-09-20 13:00:00+00:00,1,5.1,5.1,2818382931264.449
2021-09-20 18:00:00+00:00,2,5.55,5.8,37246189853587.28
2021-09-20 19:00:00+00:00,1,5.4,5.4,7943282347242.8545
2021-09-20 20:00:00+00:00,1,6.1,6.1,89125093813374.4
2021-09-21 10:00:00+00:00,2,5.300000000000001,5.4,11924354052777.84
2021-09-21 13:00:00+00:00,1,6.4,6.4,251188643150959.25
2021-09-21 18:00:00+00:00,1,5.0,5.0,1995262314968.8828
2021-09-21 23:00:00+00:00,1,5.9,5.9,44668359215096.53
2021-09-22 01:00:00+00:00,1,5.2,5.2,3981071705534.9854
2021-09-22 09:00:00+00:00,1,6.5,6.5,354813389233576.06
2021-09-22 12:00:00+00:00,3,5.3999999999999995,5.6,27773285977388.95
2021-09-22 17:00:00+00:00,3,5.133333333333333,5.3,10437058498136.824
2021-09-22 19:00:00+00:00,2,5.0,5.0,3990524629937.7656
2021-09-23 16:00:00+00:00,2,5.45,5.7,26368283091218.453
2021-09-24 06:00:00+00:00,1,5.3,5.3,5623413251903.491
2021-09-24 07:00:00+00:00,1,5.5,5.5,11220184543019.652
2021-09-24 11:00:00+00:00,1,6.1,6.1,89125093813374.4
2021-09-24 15:00:00+00:00,1,5.4,5.4,7943282347242.8545
2021-09-25 04:00:00+00:00,1,5.0,5.0,1995262314968.8828
2021-09-25 05:00:00+00:00,1,5.8,5.8,31622776601683.793
2021-09-25 22:00:00+00:00,1,5.0,5.0,1995262314968.8828
2021-09-26 04:00:00+00:00,1,5.2,5.2,3981071705534.9854
2021-09-26 17:00:00+00:00,1,5.7,5.7,22387211385683.47
2021-09-27 05:00:00+00:00,1,5.1,5.1,2818382931264.449
2021-09-27 06:00:00+00:00,1,6.0,6.0,63095734448019.43
2021-09-28 04:00:00+00:00,1,5.3,5.3,5623413251903.491
2021-09-28 06:00:00+00:00,1,5.0,5.0,1995262314968.8828
2021-09-29 05:00:00+00:00,1,5.1,5.1,2818382931264.449
2021-09-29 08:00:00+00:00,1,6.1,6.1,89125093813374.4
2021-09-30 12:00:00+00:00,1,5.1,5.1,2818382931264.449
2021-10-01 00:00:00+00:00,1,5.2,5.2,3981071705534.9854
2021-10-01 03:00:00+00:00,1,5.0,5.0,1995262314968.8828
2021-10-01 11:00:00+00:00,1,5.0,5.0,1995262314968.8828
2021-10-01 15:00:00+00:00,1,5.3,5.3,5623413251903.491
2021-10-02 00:00:00+00:00,1,5.1,5.1,2818382931264.449
2021-10-02 02:00:00+00:00,1,5.4,5.4,7943282347242.8545
2021-10-02 04:00:00+00:00,1,5.8,5.8,31622776601683.793
2021-10-02 06:00:00+00:00,1,7.3,7.3,5623413251903491.0
2021-10-02 12:00:00+00:00,1,5.9,5.9,44668359215096.53
2021-10-02 20:00:00+00:00,1,6.0,6.0,63095734448019.43
2021-10-02 21:00:00+00:00,1,5.4,5.4,7943282347242.8545
2021-10-03 05:00:00+00:00,1,5.3,5.3,5623413251903.491
2021-10-04 02:00:00+00:00,1,5.5,5.5,11220184543019.652
2021-10-04 03:00:00+00:00,1,6.2,6.2,125892541179417.14
2021-10-04 04:00:00+00:00,1,5.1,5.1,2818382931264.449
2021-10-04 06:00:00+00:00,1,5.7,5.7,22387211385683.47
2021-10-04 14:00:00+00:00,2,5.1,5.1,5636765862528.898
2021-10-05 07:00:00+00:00,1,5.1,5.1,2818382931264.449
2021-10-05 17:00:00+00:00,2,5.550000000000001,5.7,30330493732926.324
2021-10-05 18:00:00+00:00,1,5.1,5.1,2818382931264.449
2021-10-06 08:00:00+00:00,1,5.4,5.4,7943282347242.8545
2021-10-06 15:00:00+00:00,1,5.4,5.4,7943282347242.8545
2021-10-06 22:00:00+00:00,1,5.9,5.9,44668359215096.53
2021-10-06 23:00:00+00:00,1,5.0,5.0,1995262314968.8828
2021-10-07 13:00:00+00:00,1,5.9,5.9,44668359215096.53
2021-10-07 17:00:00+00:00,1,5.3,5.3,5623413251903.491
2021-10-07 18:00:00+00:00,2,5.4,5.5,16843597794923.145
2021-10-07 20:00:00+00:00,1,5.8,5.8,31622776601683.793
2021-10-08 00:00:00+00:00,1,5.0,5.0,1995262314968.8828
2021-10-08 03:00:00+00:00,1,5.0,5.0,1995262314968.8828
2021-10-08 10:00:00+00:00,1,5.2,5.2,3981071705534.9854
2021-10-08 21:00:00+00:00,1,5.1,5.1,2818382931264.449
2021-10-08 22:00:00+00:00,1,5.0,5.0,1995262314968.8828
2021-10-08 23:00:00+00:00,1,5.1,5.1,2818382931264.449
2021-10-09 04:00:00+00:00,1,5.7,5.7,22387211385683.47
2021-10-09 05:00:00+00:00,1,5.0,5.0,1995262314968.8828
2021-10-09 07:00:00+00:00,1,5.6,5.6,15848931924611.11
2021-10-09 10:00:00+00:00,2,6.0,6.9,1415355927554025.8
2021-10-09 20:00:00+00:00,1,5.5,5.5,11220184543019.652
2021-10-10 00:00:00+00:00,1,5.7,5.7,22387211385683.47
2021-10-10 21:00:00+00:00,1,6.21,6.21,130316677845229.47
2021-10-11 09:00:00+00:00,1,6.9,6.9,1412537544622761.2
2021-10-11 12:00:00+00:00,1,5.7,5.7,22387211385683.47
2021-10-11 15:00:00+00:00,1,5.0,5.0,1995262314968.8828
2021-10-11 17:00:00+00:00,1,5.0,5.0,1995262314968.8828
2021-10-11 23:00:00+00:00,2,5.4,5.8,33618038916652.676
2021-10-12 04:00:00+00:00,1,5.0,5.0,1995262314968.8828
2021-10-12 06:00:00+00:00,1,5.4,5.4,7943282347242.8545
2021-10-12 09:00:00+00:00,1,6.4,6.4,251188643150959.25
2021-10-12 18:00:00+00:00,1,5.0,5.0,1995262314968.8828
2021-10-13 02:00:00+00:00,1,5.0,5.0,1995262314968.8828
2021-10-13 06:00:00+00:00,1,5.1,5.1,2818382931264.449
2021-10-13 07:00:00+00:00,1,5.4,5.4,7943282347242.8545
2021-10-13 10:00:00+00:00,1,5.0,5.0,1995262314968.8828
2021-10-14 03:00:00+00:00,1,5.3,5.3,5623413251903.491
2021-10-14 05:00:00+00:00,1,5.6,5.6,15848931924611.11
2021-10-14 15:00:00+00:00,1,5.5,5.5,11220184543019.652
2021-10-15 02:00:00+00:00,1,6.4,6.4,251188643150959.25
2021-10-15 23:00:00+00:00,1,5.0,5.0,1995262314968.8828
2021-10-16 13:00:00+00:00,1,5.0,5.0,1995262314968.8828
2021-10-16 18:00:00+00:00,1,5.4,5.4,7943282347242.8545
2021-10-16 22:00:00+00:00,1,5.0,5.0,1995262314968.8828
2021-10-17 02:00:00+00:00,2,5.1,5.1,5636765862528.898
2021-10-17 12:00:00+00:00,1,5.0,5.0,1995262314968.8828
2021-10-17 17:00:00+00:00,1,5.1,5.1,2818382931264.449
2021-10-17 21:00:00+00:00,1,5.0,5.0,1995262314968.8828
2021-10-18 07:00:00+00:00,1,6.2,6.2,125892541179417.14
2021-10-18 08:00:00+00:00,1,5.3,5.3,5623413251903.491
2021-10-18 22:00:00+00:00,1,5.1,5.1,2818382931264.449
2021-10-19 05:00:00+00:00,1,5.9,5.9,44668359215096.53
2021-10-19 10:00:00+00:00,1,5.6,5.6,15848931924611.11
2021-10-19 12:00:00+00:00,1,5.3,5.3,5623413251903.491
2021-10-20 06:00:00+00:00,2,5.1,5.2,5976334020503.868
2021-10-21 08:00:00+00:00,2,5.8,6.1,100345278356394.06
2021-10-21 21:00:00+00:00,1,5.6,5.6,15848931924611.11
2021-10-22 07:00:00+00:00,1,5.4,5.4,7943282347242.8545
2021-10-22 21:00:00+00:00,1,5.0,5.0,1995262314968.8828
2021-10-22 23:00:00+00:00,1,5.0,5.0,1995262314968.8828
2021-10-23 00:00:00+00:00,1,5.2,5.2,3981071705534.9854
2021-10-23 03:00:00+00:00,2,5.1,5.1,5636765862528.898
2021-10-23 08:00:00+00:00,1,5.0,5.0,1995262314968.8828
2021-10-23 23:00:00+00:00,1,5.1,5.1,2818382931264.449
2021-10-24 05:00:00+00:00,1,6.2,6.2,125892541179417.14
2021-10-25 05:00:00+00:00,1,5.0,5.0,1995262314968.8828
2021-10-25 06:00:00+00:00,1,5.1,5.1,2818382931264.449
2021-10-25 15:00:00+00:00,1,5.1,5.1,2818382931264.449
2021-10-25 22:00:00+00:00,1,5.2,5.2,3981071705534.9854
2021-10-26 05:00:00+00:00,1,5.9,5.9,44668359215096.53
2021-10-26 08:00:00+00:00,1,5.0,5.0,1995262314968.8828
2021-10-28 02:00:00+00:00,1,5.1,5.1,2818382931264.449
2021-10-28 06:00:00+00:00,1,5.0,5.0,1995262314968.8828
2021-10-28 19:00:00+00:00,1,5.1,5.1,2818382931264.449
2021-10-28 23:00:00+00:00,1,5.0,5.0,1995262314968.8828
2021-10-29 04:00:00+00:00,1,5.1,5.1,2818382931264.449
2021-10-29 06:00:00+00:00,1,5.0,5.0,1995262314968.8828
2021-10-29 19:00:00+00:00,2,5.35,5.5,15201256248554.637
2021-10-30 05:00:00+00:00,1,5.0,5.0,1995262314968.8828
2021-10-30 08:00:00+00:00,1,5.5,5.5,11220184543019.652
2021-10-30 09:00:00+00:00,1,5.7,5.7,22387211385683.47
2021-10-30 11:00:00+00:00,1,5.5,5.5,11220184543019.652
2021-10-31 09:00:00+00:00,1,5.1,5.1,2818382931264.449
2021-10-31 16:00:00+00:00,1,5.6,5.6,15848931924611.11
2021-10-31 21:00:00+00:00,1,5.2,5.2,3981071705534.9854
2021-11-01 00:00:00+00:00,2,5.55,6.0,65914117379283.875
2021-11-01 02:00:00+00:00,1,5.0,5.0,1995262314968.8828
2021-11-01 03:00:00+00:00,1,5.0,5.0,1995262314968.8828
2021-11-01 04:00:00+00:00,1,5.0,5.0,1995262314968.8828
2021-11-01 17:00:00+00:00,1,6.0,6.0,63095734448019.43
2021-11-01 22:00:00+00:00,1,5.0,5.0,1995262314968.8828
2021-11-02 02:00:00+00:00,1,5.3,5.3,5623413251903.491
2021-11-02 04:00:00+00:00,2,5.05,5.1,4813645246233.332
2021-11-02 08:00:00+00:00,1,5.0,5.0,1995262314968.8828
2021-11-02 16:00:00+00:00,1,5.9,5.9,44668359215096.53
2021-11-02 17:00:00+00:00,1,5.4,5.4,7943282347242.8545
2021-11-02 20:00:00+00:00,1,5.4,5.4,7943282347242.8545
2021-11-03 00:00:00+00:00,1,5.1,5.1,2818382931264.449
2021-11-03 03:00:00+00:00,2,5.7,5.7,44774422771366.94
2021-11-03 12:00:00+00:00,1,5.0,5.0,1995262314968.8828
2021-11-04 02:00:00+00:00,1,5.7,5.7,22387211385683.47
2021-11-04 08:00:00+00:00,1,5.2,5.2,3981071705534.9854
2021-11-04 15:00:00+00:00,2,5.15,5.3,7618675566872.374
2021-11-04 16:00:00+00:00,2,5.35,5.5,15201256248554.637
2021-11-04 19:00:00+00:00,1,5.1,5.1,2818382931264.449
2021-11-05 01:00:00+00:00,1,5.0,5.0,1995262314968.8828
2021-11-05 23:00:00+00:00,1,5.1,5.1,2818382931264.449
2021-11-06 03:00:00+00:00,1,5.1,5.1,2818382931264.449
2021-11-06 13:00:00+00:00,1,5.3,5.3,5623413251903.491
2021-11-06 14:00:00+00:00,1,6.0,6.0,63095734448019.43
2021-11-06 15:00:00+00:00,1,5.4,5.4,7943282347242.8545
2021-11-07 03:00:00+00:00,2,5.300000000000001,5.4,11924354052777.84
2021-11-07 18:00:00+00:00,1,5.2,5.2,3981071705534.9854
2021-11-08 05:00:00+00:00,1,5.4,5.4,7943282347242.8545
2021-11-08 17:00:00+00:00,2,5.05,5.1,4813645246233.332
2021-11-09 02:00:00+00:00,1,5.9,5.9,44668359215096.53
2021-11-09 06:00:00+00:00,2,6.0,6.3,200215152389575.75
2021-11-10 02:00:00+00:00,1,5.1,5.1,2818382931264.449
2021-11-10 11:00:00+00:00,1,5.1,5.1,2818382931264.449
2021-11-10 15:00:00+00:00,1,6.6,6.6,501187233627271.44
2021-11-10 17:00:00+00:00,1,6.0,6.0,63095734448019.43
2021-11-10 21:00:00+00:00,1,5.0,5.0,1995262314968.8828
2021-11-11 06:00:00+00:00,1,5.0,5.0,1995262314968.8828
2021-11-11 13:00:00+00:00,1,5.0,5.0,1995262314968.8828
2021-11-11 20:00:00+00:00,1,5.0,5.0,1995262314968.8828
2021-11-12 00:00:00+00:00,1,5.8,5.8,31622776601683.793
2021-11-12 02:00:00+00:00,1,5.2,5.2,3981071705534.9854
2021-11-12 10:00:00+00:00,1,5.1,5.1,2818382931264.449
2021-11-13 13:00:00+00:00,1,5.3,5.3,5623413251903.491
2021-11-13 14:00:00+00:00,2,5.5,5.5,22440369086039.305
2021-11-13 19:00:00+00:00,1,5.1,5.1,2818382931264.449
2021-11-14 00:00:00+00:00,1,5.4,5.4,7943282347242.8545
2021-11-14 03:00:00+00:00,1,5.1,5.1,2818382931264.449
2021-11-14 09:00:00+00:00,1,5.09,5.09,2722701308077.9043
2021-11-14 11:00:00+00:00,1,5.0,5.0,1995262314968.8828
2021-11-14 12:00:00+00:00,2,6.2,6.4,314284377598978.7
2021-11-14 13:00:00+00:00,1,5.0,5.0,1995262314968.8828
2021-11-14 21:00:00+00:00,1,5.1,5.1,2818382931264.449
2021-11-14 22:00:00+00:00,1,5.21,5.21,4120975190973.287
2021-11-15 04:00:00+00:00,1,6.0,6.0,63095734448019.43
2021-11-15 07:00:00+00:00,2,5.15,5.3,7618675566872.374
2021-11-15 09:00:00+00:00,1,5.2,5.2,3981071705534.9854
2021-11-15 13:00:00+00:00,1,5.2,5.2,3981071705534.9854
2021-11-16 06:00:00+00:00,1,5.0,5.0,1995262314968.8828
2021-11-16 08:00:00+00:00,1,5.3,5.3,5623413251903.491
2021-11-17 03:00:00+00:00,1,5.0,5.0,1995262314968.8828
2021-11-17 05:00:00+00:00,1,5.0,5.0,1995262314968.8828
2021-11-17 07:00:00+00:00,1,5.3,5.3,5623413251903.491
2021-11-17 21:00:00+00:00,1,5.5,5.5,11220184543019.652
2021-11-17 23:00:00+00:00,1,5.0,5.0,1995262314968.8828
2021-11-18 09:00:00+00:00,1,5.0,5.0,1995262314968.8828
2021-11-18 14:00:00+00:00,1,6.2,6.2,125892541179417.14
2021-11-18 15:00:00+00:00,2,5.300000000000001,5.4,11924354052777.84
2021-11-18 16:00:00+00:00,1,5.8,5.8,31622776601683.793
2021-11-18 17:00:00+00:00,2,5.0,5.0,3990524629937.7656
2021-11-18 21:00:00+00:00,1,5.2,5.2,3981071705534.9854
2021-11-19 12:00:00+00:00,1,5.1,5.1,2818382931264.449
2021-11-19 19:00:00+00:00,1,5.6,5.6,15848931924611.11
2021-11-19 20:00:00+00:00,2,5.35,5.4,13566695599146.346
2021-11-20 10:00:00+00:00,1,5.6,5.6,15848931924611.11
2021-11-20 12:00:00+00:00,1,5.0,5.0,1995262314968.8828
2021-11-20 13:00:00+00:00,1,5.3,5.3,5623413251903.491
2021-11-20 18:00:00+00:00,1,5.1,5.1,2818382931264.449
2021-11-20 22:00:00+00:00,1,5.0,5.0,1995262314968.8828
2021-11-21 05:00:00+00:00,1,5.8,5.8,31622776601683.793
2021-11-22 01:00:00+00:00,1,5.3,5.3,5623413251903.491
2021-11-22 21:00:00+00:00,1,5.0,5.0,1995262314968.8828
2021-11-23 05:00:00+00:00,1,5.5,5.5,11220184543019.652
2021-11-23 12:00:00+00:00,1,5.4,5.4,7943282347242.8545
2021-11-23 20:00:00+00:00,1,5.3,5.3,5623413251903.491
2021-11-23 21:00:00+00:00,1,5.0,5.0,1995262314968.8828
2021-11-24 04:00:00+00:00,2,5.35,5.4,13566695599146.346
2021-11-24 05:00:00+00:00,1,5.6,5.6,15848931924611.11
2021-11-25 03:00:00+00:00,1,5.0,5.0,1995262314968.8828
2021-11-25 12:00:00+00:00,1,6.1,6.1,89125093813374.4
2021-11-25 13:00:00+00:00,1,5.0,5.0,1995262314968.8828
2021-11-25 23:00:00+00:00,1,6.2,6.2,125892541179417.14
2021-11-26 04:00:00+00:00,1,5.8,5.8,31622776601683.793
2021-11-26 07:00:00+00:00,1,5.6,5.6,15848931924611.11
2021-11-26 18:00:00+00:00,2,5.300000000000001,5.4,11924354052777.84
2021-11-26 21:00:00+00:00,1,5.1,5.1,2818382931264.449
2021-11-27 01:00:00+00:00,1,5.3,5.3,5623413251903.491
2021-11-27 03:00:00+00:00,1,5.4,5.4,7943282347242.8545
2021-11-27 06:00:00+00:00,1,5.2,5.2,3981071705534.9854
2021-11-27 18:00:00+00:00,1,5.3,5.3,5623413251903.491
2021-11-27 20:00:00+00:00,1,5.1,5.1,2818382931264.449
2021-11-28 06:00:00+00:00,1,5.1,5.1,2818382931264.449
2021-11-28 10:00:00+00:00,1,7.5,7.5,1.1220184543019652e+16
2021-11-29 08:00:00+00:00,1,5.1,5.1,2818382931264.449
2021-11-29 12:00:00+00:00,1,6.3,6.3,177827941003892.28
2021-11-29 18:00:00+00:00,1,5.4,5.4,7943282347242.8545
2021-11-30 00:00:00+00:00,1,5.1,5.1,2818382931264.449
2021-11-30 04:00:00+00:00,2,5.05,5.1,4813645246233.332
2021-11-30 06:00:00+00:00,1,5.5,5.5,11220184543019.652
2021-11-30 10:00:00+00:00,3,5.8,6.3,268948297132235.56
2021-11-30 11:00:00+00:00,2,5.0,5.0,3990524629937.7656
2021-11-30 12:00:00+00:00,1,5.8,5.8,31622776601683.793
2021-11-30 13:00:00+00:00,1,5.5,5.5,11220184543019.652
2021-11-30 18:00:00+00:00,1,5.0,5.0,1995262314968.8828
2021-12-01 04:00:00+00:00,1,5.1,5.1,2818382931264.449
2021-12-01 16:00:00+00:00,1,5.0,5.0,1995262314968.8828
2021-12-01 17:00:00+00:00,1,5.3,5.3,5623413251903.491
2021-12-02 02:00:00+00:00,1,5.2,5.2,3981071705534.9854
2021-12-03 00:00:00+00:00,1,5.2,5.2,3981071705534.9854
2021-12-03 04:00:00+00:00,1,6.1,6.1,89125093813374.4
2021-12-03 08:00:00+00:00,2,5.75,6.0,74315918991039.08
2021-12-04 00:00:00+00:00,1,5.1,5.1,2818382931264.449
2021-12-04 04:00:00+00:00,2,5.029999999999999,5.06,4449971230653.916
2021-12-04 08:00:00+00:00,1,5.1,5.1,2818382931264.449
2021-12-04 14:00:00+00:00,1,5.7,5.7,22387211385683.47
2021-12-04 23:00:00+00:00,1,6.0,6.0,63095734448019.43
2021-12-05 01:00:00+00:00,2,5.25,5.3,9604484957438.477
2021-12-05 02:00:00+00:00,1,5.1,5.1,2818382931264.449
2021-12-05 07:00:00+00:00,1,5.3,5.3,5623413251903.491
2021-12-05 09:00:00+00:00,1,5.1,5.1,2818382931264.449
2021-12-05 11:00:00+00:00,1,5.0,5.0,1995262314968.8828
2021-12-05 17:00:00+00:00,1,5.1,5.1,2818382931264.449
2021-12-05 18:00:00+00:00,1,5.6,5.6,15848931924611.11
2021-12-05 21:00:00+00:00,1,5.1,5.1,2818382931264.449
2021-12-06 00:00:00+00:00,3,5.166666666666667,5.5,15210709172957.418
2021-12-06 01:00:00+00:00,1,5.0,5.0,1995262314968.8828
2021-12-06 04:00:00+00:00,1,5.6,5.6,15848931924611.11
2021-12-06 06:00:00+00:00,1,5.1,5.1,2818382931264.449
2021-12-06 22:00:00+00:00,1,5.2,5.2,3981071705534.9854
2021-12-07 02:00:00+00:00,1,5.4,5.4,7943282347242.8545
2021-12-07 03:00:00+00:00,1,5.2,5.2,3981071705534.9854
2021-12-07 09:00:00+00:00,2,5.3,5.6,17844194239579.992
2021-12-07 10:00:00+00:00,1,5.4,5.4,7943282347242.8545
2021-12-07 15:00:00+00:00,2,5.5,5.8,35603848307218.78
2021-12-07 16:00:00+00:00,1,5.2,5.2,3981071705534.9854
2021-12-07 17:00:00+00:00,1,5.1,5.1,2818382931264.449
2021-12-07 19:00:00+00:00,1,5.1,5.1,2818382931264.449
2021-12-07 21:00:00+00:00,2,5.5,5.5,22440369086039.305
2021-12-08 00:00:00+00:00,3,5.3999999999999995,5.8,39584920012753.766
2021-12-08 01:00:00+00:00,1,5.8,5.8,31622776601683.793
2021-12-08 05:00:00+00:00,5,5.3,5.5,31586334778965.434
2021-12-08 07:00:00+00:00,2,5.3,5.5,14038567474284.102
2021-12-08 10:00:00+00:00,2,5.1,5.1,5636765862528.898
2021-12-08 13:00:00+00:00,1,5.1,5.1,2818382931264.449
2021-12-08 15:00:00+00:00,1,5.3,5.3,5623413251903.491
2021-12-08 19:00:00+00:00,1,5.1,5.1,2818382931264.449
2021-12-08 20:00:00+00:00,1,5.0,5.0,1995262314968.8828
2021-12-08 22:00:00+00:00,1,5.0,5.0,1995262314968.8828
2021-12-08 23:00:00+00:00,1,5.3,5.3,5623413251903.491
2021-12-09 02:00:00+00:00,1,6.0,6.0,63095734448019.43
2021-12-09 13:00:00+00:00,1,5.7,5.7,22387211385683.47
2021-12-09 21:00:00+00:00,1,5.2,5.2,3981071705534.9854
2021-12-09 22:00:00+00:00,1,5.1,5.1,2818382931264.449
2021-12-09 23:00:00+00:00,1,5.4,5.4,7943282347242.8545
2021-12-10 11:00:00+00:00,1,5.0,5.0,1995262314968.8828
2021-12-10 13:00:00+00:00,1,5.2,5.2,3981071705534.9854
2021-12-10 18:00:00+00:00,1,5.0,5.0,1995262314968.8828
2021-12-10 19:00:00+00:00,1,5.0,5.0,1995262314968.8828
2021-12-11 14:00:00+00:00,2,5.4,5.7,25205594316947.918
2021-12-11 15:00:00+00:00,1,5.4,5.4,7943282347242.8545
2021-12-12 06:00:00+00:00,1,5.0,5.0,1995262314968.8828
2021-12-12 08:00:00+00:00,2,5.8,6.6,503182495942240.3
2021-12-12 09:00:00+00:00,1,5.3,5.3,5623413251903.491
2021-12-12 19:00:00+00:00,1,5.0,5.0,1995262314968.8828
2021-12-12 22:00:00+00:00,1,5.3,5.3,5623413251903.491
2021-12-13 00:00:00+00:00,1,5.0,5.0,1995262314968.8828
2021-12-13 05:00:00+00:00,1,5.0,5.0,1995262314968.8828
2021-12-13 07:00:00+00:00,1,5.7,5.7,22387211385683.47
2021-12-13 09:00:00+00:00,1,5.5,5.5,11220184543019.652
2021-12-13 11:00:00+00:00,2,5.15,5.3,7618675566872.374
2021-12-13 21:00:00+00:00,1,5.4,5.4,7943282347242.8545
2021-12-14 02:00:00+00:00,1,5.1,5.1,2818382931264.449
2021-12-14 03:00:00+00:00,4,5.975,7.3,5680241622822123.0
2021-12-14 04:00:00+00:00,1,5.5,5.5,11220184543019.652
2021-12-14 05:00:00+00:00,1,5.0,5.0,1995262314968.8828
2021-12-14 08:00:00+00:00,1,5.6,5.6,15848931924611.11
2021-12-14 12:00:00+00:00,1,5.2,5.2,3981071705534.9854
2021-12-15 07:00:00+00:00,1,5.0,5.0,1995262314968.8828
2021-12-15 08:00:00+00:00,1,5.0,5.0,1995262314968.8828
2021-12-15 13:00:00+00:00,1,5.0,5.0,1995262314968.8828
2021-12-15 16:00:00+00:00,1,5.0,5.0,1995262314968.8828
2021-12-16 04:00:00+00:00,1,5.6,5.6,15848931924611.11
2021-12-16 11:00:00+00:00,1,5.2,5.2,3981071705534.9854
2021-12-16 20:00:00+00:00,1,5.1,5.1,2818382931264.449
2021-12-16 21:00:00+00:00,1,6.0,6.0,63095734448019.43
2021-12-16 22:00:00+00:00,1,5.0,5.0,1995262314968.8828
2021-12-17 00:00:00+00:00,1,5.1,5.1,2818382931264.449
2021-12-17 20:00:00+00:00,1,5.7,5.7,22387211385683.47
2021-12-18 01:00:00+00:00,1,5.1,5.1,2818382931264.449
2021-12-18 05:00:00+00:00,1,5.0,5.0,1995262314968.8828
2021-12-18 18:00:00+00:00,1,5.2,5.2,3981071705534.9854
2021-12-18 20:00:00+00:00,2,5.55,6.0,65914117379283.875
2021-12-18 23:00:00+00:00,1,5.4,5.4,7943282347242.8545
2021-12-19 03:00:00+00:00,1,5.1,5.1,2818382931264.449
2021-12-19 08:00:00+00:00,1,5.0,5.0,1995262314968.8828
2021-12-19 16:00:00+00:00,1,6.2,6.2,125892541179417.14
2021-12-19 21:00:00+00:00,1,5.5,5.5,11220184543019.652
2021-12-20 03:00:00+00:00,1,5.9,5.9,44668359215096.53
2021-12-20 16:00:00+00:00,2,5.05,5.1,4813645246233.332
2021-12-20 20:00:00+00:00,2,5.925000000000001,6.2,144729032074315.25
2021-12-21 01:00:00+00:00,1,5.0,5.0,1995262314968.8828
2021-12-21 02:00:00+00:00,1,5.0,5.0,1995262314968.8828
2021-12-21 04:00:00+00:00,1,5.0,5.0,1995262314968.8828
2021-12-21 16:00:00+00:00,2,5.05,5.1,4813645246233.332
2021-12-21 21:00:00+00:00,1,5.0,5.0,1995262314968.8828
2021-12-21 22:00:00+00:00,1,5.9,5.9,44668359215096.53
2021-12-22 05:00:00+00:00,1,5.9,5.9,44668359215096.53
2021-12-22 09:00:00+00:00,1,5.2,5.2,3981071705534.9854
2021-12-22 13:00:00+00:00,1,5.3,5.3,5623413251903.491
2021-12-22 23:00:00+00:00,1,6.0,6.0,63095734448019.43
2021-12-24 01:00:00+00:00,1,5.1,5.1,2818382931264.449
2021-12-24 10:00:00+00:00,1,5.3,5.3,5623413251903.491
2021-12-24 13:00:00+00:00,1,5.7,5.7,22387211385683.47
2021-12-24 21:00:00+00:00,1,5.0,5.0,1995262314968.8828
2021-12-25 09:00:00+00:00,1,5.4,5.4,7943282347242.8545
2021-12-25 12:00:00+00:00,3,5.266666666666667,5.6,21825265945114.977
2021-12-25 14:00:00+00:00,1,5.4,5.4,7943282347242.8545
2021-12-25 19:00:00+00:00,1,5.1,5.1,2818382931264.449
2021-12-26 02:00:00+00:00,1,5.3,5.3,5623413251903.491
2021-12-26 08:00:00+00:00,1,5.9,5.9,44668359215096.53
2021-12-26 15:00:00+00:00,3,5.533333333333334,6.1,99886759091881.7
2021-12-26 17:00:00+00:00,1,5.0,5.0,1995262314968.8828
2021-12-26 18:00:00+00:00,1,5.6,5.6,15848931924611.11
2021-12-27 00:00:00+00:00,1,5.2,5.2,3981071705534.9854
2021-12-27 09:00:00+00:00,1,5.0,5.0,1995262314968.8828
2021-12-27 11:00:00+00:00,1,5.5,5.5,11220184543019.652
2021-12-27 13:00:00+00:00,1,5.2,5.2,3981071705534.9854
2021-12-28 19:00:00+00:00,1,5.1,5.1,2818382931264.449
2021-12-29 00:00:00+00:00,1,5.0,5.0,1995262314968.8828
2021-12-29 03:00:00+00:00,1,5.6,5.6,15848931924611.11
2021-12-29 05:00:00+00:00,1,5.7,5.7,22387211385683.47
2021-12-29 09:00:00+00:00,1,5.0,5.0,1995262314968.8828
2021-12-29 13:00:00+00:00,1,5.0,5.0,1995262314968.8828
2021-12-29 16:00:00+00:00,1,5.0,5.0,1995262314968.8828
2021-12-29 18:00:00+00:00,1,7.3,7.3,5623413251903491.0
2021-12-29 20:00:00+00:00,1,5.0,5.0,1995262314968.8828
2021-12-29 21:00:00+00:00,1,5.0,5.0,1995262314968.8828
2021-12-30 00:00:00+00:00,1,5.1,5.1,2818382931264.449
2021-12-30 04:00:00+00:00,1,5.7,5.7,22387211385683.47
2021-12-30 06:00:00+00:00,1,5.3,5.3,5623413251903.491
2021-12-30 13:00:00+00:00,2,5.25,5.5,13215446857988.535
2021-12-30 19:00:00+00:00,1,5.1,5.1,2818382931264.449
2021-12-31 00:00:00+00:00,3,5.0,5.0,5985786944906.648
2021-12-31 05:00:00+00:00,1,5.0,5.0,1995262314968.8828
2022-01-01 08:00:00+00:00,1,5.6,5.6,15848931924611.11
2022-01-01 11:00:00+00:00,1,5.1,5.1,2818382931264.449
2022-01-01 13:00:00+00:00,1,5.2,5.2,3981071705534.9854
2022-01-02 03:00:00+00:00,1,5.0,5.0,1995262314968.8828
2022-01-02 07:00:00+00:00,1,5.4,5.4,7943282347242.8545
2022-01-02 08:00:00+00:00,1,5.1,5.1,2818382931264.449
2022-01-02 12:00:00+00:00,1,5.0,5.0,1995262314968.8828
2022-01-02 22:00:00+00:00,1,5.0,5.0,1995262314968.8828
2022-01-03 02:00:00+00:00,1,6.0,6.0,63095734448019.43
2022-01-03 09:00:00+00:00,1,6.2,6.2,125892541179417.14
2022-01-03 21:00:00+00:00,1,5.8,5.8,31622776601683.793
2022-01-03 23:00:00+00:00,1,5.0,5.0,1995262314968.8828
2022-01-04 03:00:00+00:00,1,5.9,5.9,44668359215096.53
2022-01-04 17:00:00+00:00,1,5.0,5.0,1995262314968.8828
2022-01-04 18:00:00+00:00,1,5.8,5.8,31622776601683.793
2022-01-04 20:00:00+00:00,1,6.0,6.0,63095734448019.43
2022-01-05 00:00:00+00:00,1,5.1,5.1,2818382931264.449
2022-01-05 01:00:00+00:00,1,5.0,5.0,1995262314968.8828
2022-01-05 03:00:00+00:00,1,5.1,5.1,2818382931264.449
2022-01-05 07:00:00+00:00,1,5.2,5.2,3981071705534.9854
2022-01-05 11:00:00+00:00,1,5.2,5.2,3981071705534.9854
2022-01-05 16:00:00+00:00,1,5.0,5.0,1995262314968.8828
2022-01-05 21:00:00+00:00,1,5.0,5.0,1995262314968.8828
2022-01-05 23:00:00+00:00,1,5.7,5.7,22387211385683.47
2022-01-06 08:00:00+00:00,1,5.0,5.0,1995262314968.8828
2022-01-06 12:00:00+00:00,1,5.2,5.2,3981071705534.9854
2022-01-06 16:00:00+00:00,1,6.1,6.1,89125093813374.4
2022-01-07 05:00:00+00:00,1,5.1,5.1,2818382931264.449
2022-01-07 10:00:00+00:00,1,5.6,5.6,15848931924611.11
2022-01-07 12:00:00+00:00,1,5.3,5.3,5623413251903.491
2022-01-07 17:00:00+00:00,3,5.633333333333333,6.6,507986688264070.9
2022-01-07 18:00:00+00:00,1,5.1,5.1,2818382931264.449
2022-01-07 19:00:00+00:00,1,5.0,5.0,1995262314968.8828
2022-01-07 21:00:00+00:00,1,5.1,5.1,2818382931264.449
2022-01-08 03:00:00+00:00,1,5.9,5.9,44668359215096.53
2022-01-08 08:00:00+00:00,2,5.15,5.2,6799454636799.435
2022-01-08 09:00:00+00:00,1,5.3,5.3,5623413251903.491
2022-01-08 10:00:00+00:00,1,5.0,5.0,1995262314968.8828
2022-01-09 02:00:00+00:00,1,5.7,5.7,22387211385683.47
2022-01-09 09:00:00+00:00,1,5.0,5.0,1995262314968.8828
2022-01-09 21:00:00+00:00,4,5.275,5.5,25139800910766.375
2022-01-10 00:00:00+00:00,3,5.566666666666666,6.2,135497026136855.62
2022-01-10 01:00:00+00:00,1,5.2,5.2,3981071705534.9854
2022-01-10 06:00:00+00:00,1,5.3,5.3,5623413251903.491
2022-01-10 08:00:00+00:00,1,5.6,5.6,15848931924611.11
2022-01-10 10:00:00+00:00,1,5.3,5.3,5623413251903.491
2022-01-10 19:00:00+00:00,1,5.0,5.0,1995262314968.8828
2022-01-10 20:00:00+00:00,1,5.7,5.7,22387211385683.47
2022-01-10 23:00:00+00:00,1,5.8,5.8,31622776601683.793
2022-01-11 00:00:00+00:00,1,5.2,5.2,3981071705534.9854
2022-01-11 01:00:00+00:00,1,6.6,6.6,501187233627271.44
2022-01-11 08:00:00+00:00,1,5.0,5.0,1995262314968.8828
2022-01-11 11:00:00+00:00,2,6.1,6.8,1007943282347242.9
2022-01-11 12:00:00+00:00,3,5.8999999999999995,6.6,538433423480858.75
2022-01-11 13:00:00+00:00,1,5.0,5.0,1995262314968.8828
2022-01-12 01:00:00+00:00,1,5.2,5.2,3981071705534.9854
2022-01-12 03:00:00+00:00,1,5.1,5.1,2818382931264.449
2022-01-12 10:00:00+00:00,2,5.4,5.7,25205594316947.918
2022-01-12 13:00:00+00:00,2,5.3,5.6,17844194239579.992
2022-01-13 01:00:00+00:00,1,5.0,5.0,1995262314968.8828
2022-01-13 05:00:00+00:00,1,5.1,5.1,2818382931264.449
2022-01-13 18:00:00+00:00,1,5.2,5.2,3981071705534.9854
2022-01-14 09:00:00+00:00,2,6.0,6.6,509130515974514.3
2022-01-14 15:00:00+00:00,1,5.0,5.0,1995262314968.8828
2022-01-14 16:00:00+00:00,2,5.199999999999999,5.3,8441796183167.94
2022-01-15 00:00:00+00:00,1,5.3,5.3,5623413251903.491
2022-01-15 04:00:00+00:00,1,5.8,5.8,31622776601683.793
2022-01-15 17:00:00+00:00,1,5.0,5.0,1995262314968.8828
2022-01-15 18:00:00+00:00,1,5.7,5.7,22387211385683.47
2022-01-15 23:00:00+00:00,1,5.3,5.3,5623413251903.491
2022-01-16 00:00:00+00:00,1,5.2,5.2,3981071705534.9854
2022-01-16 05:00:00+00:00,1,5.3,5.3,5623413251903.491
2022-01-16 08:00:00+00:00,1,5.2,5.2,3981071705534.9854
2022-01-16 11:00:00+00:00,1,5.5,5.5,11220184543019.652
2022-01-16 12:00:00+00:00,1,6.1,6.1,89125093813374.4
2022-01-16 23:00:00+00:00,1,5.3,5.3,5623413251903.491
2022-01-17 00:00:00+00:00,1,5.0,5.0,1995262314968.8828
2022-01-17 11:00:00+00:00,1,5.3,5.3,5623413251903.491
2022-01-17 15:00:00+00:00,2,5.0,5.0,3990524629937.7656
2022-01-17 22:00:00+00:00,1,5.1,5.1,2818382931264.449
2022-01-18 16:00:00+00:00,1,5.1,5.1,2818382931264.449
2022-01-18 18:00:00+00:00,1,5.4,5.4,7943282347242.8545
2022-01-19 05:00:00+00:00,1,5.3,5.3,5623413251903.491
2022-01-19 14:00:00+00:00,1,5.3,5.3,5623413251903.491
2022-01-20 05:00:00+00:00,2,5.0,5.0,3990524629937.7656
2022-01-20 06:00:00+00:00,1,5.9,5.9,44668359215096.53
2022-01-20 10:00:00+00:00,2,5.45,5.5,19163466890262.508
2022-01-20 13:00:00+00:00,1,5.2,5.2,3981071705534.9854
2022-01-20 19:00:00+00:00,1,5.0,5.0,1995262314968.8828
2022-01-21 05:00:00+00:00,1,5.1,5.1,2818382931264.449
2022-01-21 06:00:00+00:00,1,5.2,5.2,3981071705534.9854
2022-01-21 10:00:00+00:00,1,5.4,5.4,7943282347242.8545
2022-01-21 15:00:00+00:00,1,5.1,5.1,2818382931264.449
2022-01-21 16:00:00+00:00,1,6.3,6.3,177827941003892.28
2022-01-21 20:00:00+00:00,1,5.3,5.3,5623413251903.491
2022-01-21 21:00:00+00:00,1,5.3,5.3,5623413251903.491
2022-01-22 02:00:00+00:00,1,6.0,6.0,63095734448019.43
2022-01-22 04:00:00+00:00,1,5.1,5.1,2818382931264.449
2022-01-22 05:00:00+00:00,1,6.2,6.2,125892541179417.14
2022-01-22 13:00:00+00:00,1,5.0,5.0,1995262314968.8828
2022-01-22 14:00:00+00:00,1,5.3,5.3,5623413251903.491
2022-01-22 15:00:00+00:00,1,5.0,5.0,1995262314968.8828
2022-01-22 21:00:00+00:00,1,5.1,5.1,2818382931264.449
2022-01-23 02:00:00+00:00,1,5.6,5.6,15848931924611.11
2022-01-23 06:00:00+00:00,1,5.1,5.1,2818382931264.449
2022-01-24 01:00:00+00:00,1,5.0,5.0,1995262314968.8828
2022-01-24 13:00:00+00:00,1,5.3,5.3,5623413251903.491
2022-01-24 14:00:00+00:00,1,5.1,5.1,2818382931264.449
2022-01-24 20:00:00+00:00,1,5.2,5.2,3981071705534.9854
2022-01-24 21:00:00+00:00,2,5.15,5.3,7618675566872.374
2022-01-25 01:00:00+00:00,1,6.0,6.0,63095734448019.43
2022-01-25 02:00:00+00:00,1,5.2,5.2,3981071705534.9854
2022-01-25 03:00:00+00:00,1,5.2,5.2,3981071705534.9854
2022-01-25 05:00:00+00:00,1,5.3,5.3,5623413251903.491
2022-01-25 15:00:00+00:00,1,5.3,5.3,5623413251903.491
2022-01-25 16:00:00+00:00,1,5.0,5.0,1995262314968.8828
2022-01-26 02:00:00+00:00,1,5.0,5.0,1995262314968.8828
2022-01-26 16:00:00+00:00,1,5.6,5.6,15848931924611.11
2022-01-27 00:00:00+00:00,1,5.0,5.0,1995262314968.8828
2022-01-27 02:00:00+00:00,1,5.1,5.1,2818382931264.449
2022-01-27 06:00:00+00:00,2,5.6,6.2,127887803494386.03
2022-01-27 16:00:00+00:00,1,5.0,5.0,1995262314968.8828
2022-01-28 00:00:00+00:00,1,5.5,5.5,11220184543019.652
2022-01-28 11:00:00+00:00,1,6.0,6.0,63095734448019.43
2022-01-28 13:00:00+00:00,1,5.0,5.0,1995262314968.8828
2022-01-28 16:00:00+00:00,2,5.0,5.0,3990524629937.7656
2022-01-29 02:00:00+00:00,2,5.9,6.5,360436802485479.56
2022-01-29 03:00:00+00:00,3,5.2,5.3,12422867888702.926
2022-01-29 04:00:00+00:00,2,5.449999999999999,5.8,34441159532948.242
2022-01-29 13:00:00+00:00,1,5.1,5.1,2818382931264.449
2022-01-30 00:00:00+00:00,1,5.3,5.3,5623413251903.491
2022-01-30 01:00:00+00:00,1,5.0,5.0,1995262314968.8828
2022-01-30 11:00:00+00:00,1,5.6,5.6,15848931924611.11
2022-01-30 20:00:00+00:00,1,5.0,5.0,1995262314968.8828
2022-01-31 00:00:00+00:00,1,5.0,5.0,1995262314968.8828
2022-01-31 11:00:00+00:00,3,5.466666666666666,5.7,35953906984829.81
2022-01-31 12:00:00+00:00,3,5.5,5.9,56592713267874.375
2022-02-01 14:00:00+00:00,1,5.4,5.4,7943282347242.8545
2022-02-01 15:00:00+00:00,1,5.3,5.3,5623413251903.491
2022-02-01 19:00:00+00:00,1,6.0,6.0,63095734448019.43
2022-02-02 04:00:00+00:00,1,5.2,5.2,3981071705534.9854
2022-02-02 05:00:00+00:00,1,5.6,5.6,15848931924611.11
2022-02-02 10:00:00+00:00,2,5.4,5.5,16843597794923.145
2022-02-02 11:00:00+00:00,1,5.1,5.1,2818382931264.449
2022-02-02 18:00:00+00:00,1,5.5,5.5,11220184543019.652
2022-02-02 19:00:00+00:00,1,5.3,5.3,5623413251903.491
2022-02-02 21:00:00+00:00,1,5.3,5.3,5623413251903.491
2022-02-02 23:00:00+00:00,1,5.2,5.2,3981071705534.9854
2022-02-03 09:00:00+00:00,1,5.0,5.0,1995262314968.8828
2022-02-03 15:00:00+00:00,2,5.85,6.5,358794460939111.06
2022-02-03 22:00:00+00:00,1,5.1,5.1,2818382931264.449
2022-02-03 23:00:00+00:00,1,5.4,5.4,7943282347242.8545
2022-02-04 10:00:00+00:00,1,5.2,5.2,3981071705534.9854
2022-02-04 13:00:00+00:00,1,5.0,5.0,1995262314968.8828
2022-02-04 20:00:00+00:00,1,6.3,6.3,177827941003892.28
2022-02-04 21:00:00+00:00,1,5.0,5.0,1995262314968.8828
2022-02-05 01:00:00+00:00,1,5.0,5.0,1995262314968.8828
2022-02-05 04:00:00+00:00,1,5.8,5.8,31622776601683.793
2022-02-05 17:00:00+00:00,2,5.05,5.1,4813645246233.332
2022-02-05 21:00:00+00:00,1,5.2,5.2,3981071705534.9854
2022-02-06 00:00:00+00:00,1,5.2,5.2,3981071705534.9854
2022-02-06 07:00:00+00:00,1,5.2,5.2,3981071705534.9854
2022-02-06 23:00:00+00:00,1,5.3,5.3,5623413251903.491
2022-02-07 03:00:00+00:00,1,5.0,5.0,1995262314968.8828
2022-02-07 08:00:00+00:00,1,5.3,5.3,5623413251903.491
2022-02-07 10:00:00+00:00,2,5.15,5.2,6799454636799.435
2022-02-07 21:00:00+00:00,1,5.2,5.2,3981071705534.9854
2022-02-07 23:00:00+00:00,1,5.2,5.2,3981071705534.9854
2022-02-08 02:00:00+00:00,2,5.0,5.0,3990524629937.7656
2022-02-08 06:00:00+00:00,1,5.1,5.1,2818382931264.449
2022-02-08 08:00:00+00:00,3,5.1000000000000005,5.2,8794716951768.317
2022-02-08 11:00:00+00:00,1,6.2,6.2,125892541179417.14
2022-02-08 16:00:00+00:00,1,5.6,5.6,15848931924611.11
2022-02-08 22:00:00+00:00,1,5.1,5.1,2818382931264.449
2022-02-09 13:00:00+00:00,1,5.0,5.0,1995262314968.8828
2022-02-09 14:00:00+00:00,1,5.1,5.1,2818382931264.449
2022-02-09 17:00:00+00:00,1,5.0,5.0,1995262314968.8828
2022-02-09 23:00:00+00:00,1,5.0,5.0,1995262314968.8828
2022-02-10 00:00:00+00:00,1,5.0,5.0,1995262314968.8828
2022-02-10 04:00:00+00:00,1,5.1,5.1,2818382931264.449
2022-02-10 10:00:00+00:00,1,5.5,5.5,11220184543019.652
2022-02-11 06:00:00+00:00,1,5.3,5.3,5623413251903.491
2022-02-11 07:00:00+00:00,1,5.5,5.5,11220184543019.652
2022-02-11 13:00:00+00:00,1,5.2,5.2,3981071705534.9854
2022-02-11 16:00:00+00:00,1,5.3,5.3,5623413251903.491
2022-02-12 00:00:00+00:00,1,5.2,5.2,3981071705534.9854
2022-02-12 04:00:00+00:00,1,5.0,5.0,1995262314968.8828
2022-02-12 06:00:00+00:00,1,5.0,5.0,1995262314968.8828
2022-02-12 14:00:00+00:00,1,5.0,5.0,1995262314968.8828
2022-02-12 20:00:00+00:00,1,5.5,5.5,11220184543019.652
2022-02-12 22:00:00+00:00,1,5.0,5.0,1995262314968.8828
2022-02-13 04:00:00+00:00,1,5.5,5.5,11220184543019.652
2022-02-13 06:00:00+00:00,1,5.3,5.3,5623413251903.491
2022-02-13 08:00:00+00:00,1,5.7,5.7,22387211385683.47
2022-02-13 14:00:00+00:00,1,5.4,5.4,7943282347242.8545
2022-02-13 18:00:00+00:00,1,5.3,5.3,5623413251903.491
2022-02-13 20:00:00+00:00,2,5.65,6.0,68719147699922.92
2022-02-14 20:00:00+00:00,1,5.7,5.7,22387211385683.47
2022-02-15 08:00:00+00:00,1,5.0,5.0,1995262314968.8828
2022-02-15 18:00:00+00:00,1,5.1,5.1,2818382931264.449
2022-02-16 05:00:00+00:00,1,5.5,5.5,11220184543019.652
2022-02-16 07:00:00+00:00,2,5.6,6.2,127887803494386.03
2022-02-16 09:00:00+00:00,1,5.0,5.0,1995262314968.8828
2022-02-16 20:00:00+00:00,1,6.8,6.8,1000000000000000.0
2022-02-16 21:00:00+00:00,1,5.0,5.0,1995262314968.8828
2022-02-17 04:00:00+00:00,1,5.6,5.6,15848931924611.11
2022-02-17 13:00:00+00:00,1,5.0,5.0,1995262314968.8828
2022-02-17 19:00:00+00:00,1,5.1,5.1,2818382931264.449
2022-02-17 21:00:00+00:00,1,5.5,5.5,11220184543019.652
2022-02-17 23:00:00+00:00,1,5.2,5.2,3981071705534.9854
2022-02-18 02:00:00+00:00,2,5.05,5.1,4813645246233.332
2022-02-18 03:00:00+00:00,1,5.1,5.1,2818382931264.449
2022-02-18 21:00:00+00:00,1,5.1,5.1,2818382931264.449
2022-02-18 22:00:00+00:00,1,5.0,5.0,1995262314968.8828
2022-02-18 23:00:00+00:00,1,5.0,5.0,1995262314968.8828
2022-02-19 04:00:00+00:00,1,5.1,5.1,2818382931264.449
2022-02-19 11:00:00+00:00,1,5.0,5.0,1995262314968.8828
2022-02-19 14:00:00+00:00,1,5.2,5.2,3981071705534.9854
2022-02-19 16:00:00+00:00,1,5.7,5.7,22387211385683.47
2022-02-20 11:00:00+00:00,2,5.199999999999999,5.3,8441796183167.94
2022-02-20 18:00:00+00:00,1,5.5,5.5,11220184543019.652
2022-02-20 21:00:00+00:00,1,5.2,5.2,3981071705534.9854
2022-02-20 23:00:00+00:00,1,5.1,5.1,2818382931264.449
2022-02-21 00:00:00+00:00,1,5.2,5.2,3981071705534.9854
2022-02-21 02:00:00+00:00,1,5.1,5.1,2818382931264.449
2022-02-21 03:00:00+00:00,1,5.2,5.2,3981071705534.9854
2022-02-21 07:00:00+00:00,1,5.3,5.3,5623413251903.491
2022-02-21 10:00:00+00:00,1,5.1,5.1,2818382931264.449
2022-02-21 11:00:00+00:00,1,5.1,5.1,2818382931264.449
2022-02-21 12:00:00+00:00,1,5.7,5.7,22387211385683.47
2022-02-21 13:00:00+00:00,1,5.3,5.3,5623413251903.491
2022-02-21 16:00:00+00:00,1,5.5,5.5,11220184543019.652
2022-02-21 18:00:00+00:00,1,5.2,5.2,3981071705534.9854
2022-02-21 20:00:00+00:00,2,5.3,5.6,17844194239579.992
2022-02-21 23:00:00+00:00,1,6.3,6.3,177827941003892.28
2022-02-22 04:00:00+00:00,1,5.1,5.1,2818382931264.449
2022-02-22 06:00:00+00:00,1,6.0,6.0,63095734448019.43
2022-02-22 10:00:00+00:00,1,5.9,5.9,44668359215096.53
2022-02-23 05:00:00+00:00,1,5.1,5.1,2818382931264.449
2022-02-23 12:00:00+00:00,1,5.5,5.5,11220184543019.652
2022-02-23 19:00:00+00:00,1,5.1,5.1,2818382931264.449
2022-02-24 03:00:00+00:00,1,5.5,5.5,11220184543019.652
2022-02-24 04:00:00+00:00,1,5.3,5.3,5623413251903.491
2022-02-24 06:00:00+00:00,1,5.3,5.3,5623413251903.491
2022-02-24 16:00:00+00:00,1,5.0,5.0,1995262314968.8828
2022-02-25 01:00:00+00:00,2,5.55,6.1,91120356128343.28
2022-02-25 06:00:00+00:00,1,5.0,5.0,1995262314968.8828
2022-02-25 08:00:00+00:00,1,5.3,5.3,5623413251903.491
2022-02-25 13:00:00+00:00,2,5.15,5.3,7618675566872.374
2022-02-25 21:00:00+00:00,1,5.8,5.8,31622776601683.793
2022-02-25 23:00:00+00:00,3,5.133333333333334,5.4,11933806977180.621
2022-02-26 01:00:00+00:00,1,5.2,5.2,3981071705534.9854
2022-02-26 04:00:00+00:00,1,5.0,5.0,1995262314968.8828
2022-02-26 06:00:00+00:00,1,5.2,5.2,3981071705534.9854
2022-02-27 16:00:00+00:00,1,5.1,5.1,2818382931264.449
2022-02-27 20:00:00+00:00,1,5.1,5.1,2818382931264.449
2022-02-28 01:00:00+00:00,1,5.7,5.7,22387211385683.47
2022-02-28 05:00:00+00:00,1,5.0,5.0,1995262314968.8828
2022-02-28 09:00:00+00:00,1,5.6,5.6,15848931924611.11
2022-02-28 11:00:00+00:00,1,5.1,5.1,2818382931264.449
2022-02-28 22:00:00+00:00,1,5.1,5.1,2818382931264.449
2022-03-01 02:00:00+00:00,1,5.0,5.0,1995262314968.8828
2022-03-01 04:00:00+00:00,1,5.3,5.3,5623413251903.491
2022-03-01 06:00:00+00:00,2,5.55,5.8,37246189853587.28
2022-03-01 11:00:00+00:00,2,5.25,5.3,9604484957438.477
2022-03-01 18:00:00+00:00,1,5.1,5.1,2818382931264.449
2022-03-01 19:00:00+00:00,1,5.3,5.3,5623413251903.491
2022-03-01 22:00:00+00:00,1,5.2,5.2,3981071705534.9854
2022-03-02 04:00:00+00:00,1,5.4,5.4,7943282347242.8545
2022-03-02 07:00:00+00:00,1,5.0,5.0,1995262314968.8828
2022-03-02 09:00:00+00:00,1,5.2,5.2,3981071705534.9854
2022-03-02 10:00:00+00:00,1,5.0,5.0,1995262314968.8828
2022-03-02 11:00:00+00:00,1,5.0,5.0,1995262314968.8828
2022-03-02 12:00:00+00:00,1,6.6,6.6,501187233627271.44
2022-03-02 15:00:00+00:00,1,5.2,5.2,3981071705534.9854
2022-03-02 18:00:00+00:00,1,5.1,5.1,2818382931264.449
2022-03-02 20:00:00+00:00,1,5.4,5.4,7943282347242.8545
2022-03-02 22:00:00+00:00,1,5.5,5.5,11220184543019.652
2022-03-02 23:00:00+00:00,1,5.0,5.0,1995262314968.8828
2022-03-03 01:00:00+00:00,1,5.0,5.0,1995262314968.8828
2022-03-03 07:00:00+00:00,1,5.0,5.0,1995262314968.8828
2022-03-03 13:00:00+00:00,1,5.1,5.1,2818382931264.449
2022-03-03 14:00:00+00:00,1,5.7,5.7,22387211385683.47
2022-03-03 16:00:00+00:00,1,5.1,5.1,2818382931264.449
2022-03-03 19:00:00+00:00,1,5.1,5.1,2818382931264.449
2022-03-04 02:00:00+00:00,1,5.1,5.1,2818382931264.449
2022-03-04 04:00:00+00:00,1,5.0,5.0,1995262314968.8828
2022-03-04 07:00:00+00:00,1,5.4,5.4,7943282347242.8545
2022-03-04 16:00:00+00:00,1,5.0,5.0,1995262314968.8828
2022-03-04 22:00:00+00:00,2,5.1,5.1,5636765862528.898
2022-03-05 01:00:00+00:00,1,5.7,5.7,22387211385683.47
2022-03-05 05:00:00+00:00,1,5.0,5.0,1995262314968.8828
2022-03-05 07:00:00+00:00,1,5.1,5.1,2818382931264.449
2022-03-05 12:00:00+00:00,1,5.5,5.5,11220184543019.652
2022-03-05 13:00:00+00:00,1,5.0,5.0,1995262314968.8828
2022-03-05 22:00:00+00:00,1,5.0,5.0,1995262314968.8828
2022-03-06 01:00:00+00:00,1,5.0,5.0,1995262314968.8828
2022-03-06 02:00:00+00:00,1,5.0,5.0,1995262314968.8828
2022-03-06 03:00:00+00:00,1,5.5,5.5,11220184543019.652
2022-03-06 06:00:00+00:00,1,5.1,5.1,2818382931264.449
2022-03-06 09:00:00+00:00,1,5.5,5.5,11220184543019.652
2022-03-06 20:00:00+00:00,1,6.0,6.0,63095734448019.43
2022-03-07 01:00:00+00:00,1,5.2,5.2,3981071705534.9854
2022-03-07 05:00:00+00:00,1,6.1,6.1,89125093813374.4
2022-03-07 17:00:00+00:00,1,5.4,5.4,7943282347242.8545
2022-03-07 18:00:00+00:00,1,5.3,5.3,5623413251903.491
2022-03-07 22:00:00+00:00,1,5.2,5.2,3981071705534.9854
2022-03-07 23:00:00+00:00,1,5.1,5.1,2818382931264.449
2022-03-08 04:00:00+00:00,1,5.1,5.1,2818382931264.449
2022-03-08 17:00:00+00:00,1,5.5,5.5,11220184543019.652
2022-03-08 19:00:00+00:00,1,5.0,5.0,1995262314968.8828
2022-03-09 01:00:00+00:00,1,5.1,5.1,2818382931264.449
2022-03-09 02:00:00+00:00,2,5.1,5.1,5636765862528.898
2022-03-09 12:00:00+00:00,1,5.2,5.2,3981071705534.9854
2022-03-09 16:00:00+00:00,2,5.25,5.4,10761665278507.305
2022-03-10 04:00:00+00:00,1,5.1,5.1,2818382931264.449
2022-03-10 19:00:00+00:00,1,5.1,5.1,2818382931264.449
2022-03-11 07:00:00+00:00,1,5.1,5.1,2818382931264.449
2022-03-11 17:00:00+00:00,1,5.1,5.1,2818382931264.449
2022-03-12 05:00:00+00:00,1,5.3,5.3,5623413251903.491
2022-03-12 11:00:00+00:00,1,5.0,5.0,1995262314968.8828
2022-03-12 18:00:00+00:00,1,5.3,5.3,5623413251903.491
2022-03-12 20:00:00+00:00,1,5.2,5.2,3981071705534.9854
2022-03-13 00:00:00+00:00,1,5.3,5.3,5623413251903.491
2022-03-13 20:00:00+00:00,1,5.2,5.2,3981071705534.9854
2022-03-13 21:00:00+00:00,5,5.76,6.7,979797004705944.0
2022-03-14 01:00:00+00:00,1,5.1,5.1,2818382931264.449
2022-03-14 14:00:00+00:00,2,5.25,5.3,9604484957438.477
2022-03-14 15:00:00+00:00,1,5.0,5.0,1995262314968.8828
2022-03-15 08:00:00+00:00,1,5.0,5.0,1995262314968.8828
2022-03-15 09:00:00+00:00,1,5.2,5.2,3981071705534.9854
2022-03-15 12:00:00+00:00,1,5.2,5.2,3981071705534.9854
2022-03-15 14:00:00+00:00,1,5.0,5.0,1995262314968.8828
2022-03-15 15:00:00+00:00,1,5.3,5.3,5623413251903.491
2022-03-15 18:00:00+00:00,1,5.0,5.0,1995262314968.8828
2022-03-16 00:00:00+00:00,2,5.300000000000001,5.4,11924354052777.84
2022-03-16 03:00:00+00:00,1,5.3,5.3,5623413251903.491
2022-03-16 06:00:00+00:00,1,5.5,5.5,11220184543019.652
2022-03-16 13:00:00+00:00,1,5.1,5.1,2818382931264.449
2022-03-16 14:00:00+00:00,6,5.666666666666667,7.3,5702089805329452.0
2022-03-16 15:00:00+00:00,1,5.5,5.5,11220184543019.652
2022-03-16 23:00:00+00:00,1,5.9,5.9,44668359215096.53
2022-03-17 00:00:00+00:00,1,5.0,5.0,1995262314968.8828
2022-03-17 05:00:00+00:00,1,5.1,5.1,2818382931264.449
2022-03-17 11:00:00+00:00,1,5.7,5.7,22387211385683.47
2022-03-17 13:00:00+00:00,1,5.1,5.1,2818382931264.449
2022-03-17 19:00:00+00:00,1,5.1,5.1,2818382931264.449
2022-03-17 22:00:00+00:00,1,5.5,5.5,11220184543019.652
2022-03-18 02:00:00+00:00,1,5.2,5.2,3981071705534.9854
2022-03-18 12:00:00+00:00,1,5.2,5.2,3981071705534.9854
2022-03-18 14:00:00+00:00,1,5.1,5.1,2818382931264.449
2022-03-18 15:00:00+00:00,1,5.1,5.1,2818382931264.449
2022-03-18 19:00:00+00:00,2,5.45,5.9,46663621530065.414
2022-03-19 04:00:00+00:00,1,5.0,5.0,1995262314968.8828
2022-03-19 05:00:00+00:00,1,5.0,5.0,1995262314968.8828
2022-03-19 09:00:00+00:00,1,5.2,5.2,3981071705534.9854
2022-03-19 15:00:00+00:00,1,5.1,5.1,2818382931264.449
2022-03-19 21:00:00+00:00,1,6.3,6.3,177827941003892.28
2022-03-20 00:00:00+00:00,1,5.0,5.0,1995262314968.8828
2022-03-20 16:00:00+00:00,1,5.3,5.3,5623413251903.491
2022-03-20 18:00:00+00:00,1,6.0,6.0,63095734448019.43
2022-03-21 00:00:00+00:00,1,5.0,5.0,1995262314968.8828
2022-03-21 05:00:00+00:00,2,5.4,5.6,19830003630146.094
2022-03-21 16:00:00+00:00,2,5.05,5.1,4813645246233.332
2022-03-22 16:00:00+00:00,1,6.7,6.7,707945784384140.2
2022-03-22 17:00:00+00:00,3,5.866666666666667,6.7,754609405914205.6
2022-03-22 18:00:00+00:00,3,5.033333333333333,5.1,6808907561202.215
2022-03-22 19:00:00+00:00,1,5.5,5.5,11220184543019.652
2022-03-22 20:00:00+00:00,1,5.8,5.8,31622776601683.793
2022-03-23 01:00:00+00:00,1,5.1,5.1,2818382931264.449
2022-03-23 10:00:00+00:00,1,5.2,5.2,3981071705534.9854
2022-03-23 11:00:00+00:00,1,5.2,5.2,3981071705534.9854
2022-03-23 12:00:00+00:00,1,5.1,5.1,2818382931264.449
2022-03-23 18:00:00+00:00,1,5.3,5.3,5623413251903.491
2022-03-23 19:00:00+00:00,1,5.1,5.1,2818382931264.449
2022-03-23 20:00:00+00:00,1,5.4,5.4,7943282347242.8545
2022-03-23 21:00:00+00:00,1,6.0,6.0,63095734448019.43
2022-03-23 22:00:00+00:00,1,5.1,5.1,2818382931264.449
2022-03-23 23:00:00+00:00,1,5.0,5.0,1995262314968.8828
2022-03-24 00:00:00+00:00,1,5.2,5.2,3981071705534.9854
2022-03-24 18:00:00+00:00,1,5.3,5.3,5623413251903.491
2022-03-24 21:00:00+00:00,1,5.0,5.0,1995262314968.8828
2022-03-25 00:00:00+00:00,1,5.3,5.3,5623413251903.491
2022-03-25 01:00:00+00:00,1,5.3,5.3,5623413251903.491
2022-03-25 03:00:00+00:00,2,5.15,5.2,6799454636799.435
2022-03-25 08:00:00+00:00,1,5.3,5.3,5623413251903.491
2022-03-25 16:00:00+00:00,2,5.35,5.7,24382473700652.35
2022-03-25 18:00:00+00:00,2,5.0,5.0,3990524629937.7656
2022-03-25 21:00:00+00:00,2,5.05,5.1,4813645246233.332
2022-03-26 13:00:00+00:00,1,5.1,5.1,2818382931264.449
2022-03-26 15:00:00+00:00,1,5.4,5.4,7943282347242.8545
2022-03-26 23:00:00+00:00,1,5.0,5.0,1995262314968.8828
2022-03-27 00:00:00+00:00,1,5.8,5.8,31622776601683.793
2022-03-27 01:00:00+00:00,1,5.1,5.1,2818382931264.449
2022-03-27 04:00:00+00:00,1,5.8,5.8,31622776601683.793
2022-03-27 05:00:00+00:00,1,5.2,5.2,3981071705534.9854
2022-03-27 20:00:00+00:00,1,5.2,5.2,3981071705534.9854
2022-03-28 07:00:00+00:00,1,5.1,5.1,2818382931264.449
2022-03-28 18:00:00+00:00,1,5.4,5.4,7943282347242.8545
2022-03-28 22:00:00+00:00,1,5.2,5.2,3981071705534.9854
2022-03-29 07:00:00+00:00,1,5.2,5.2,3981071705534.9854
2022-03-29 16:00:00+00:00,1,5.0,5.0,1995262314968.8828
2022-03-29 17:00:00+00:00,2,5.45,5.5,19163466890262.508
2022-03-30 05:00:00+00:00,1,5.0,5.0,1995262314968.8828
2022-03-30 06:00:00+00:00,1,5.2,5.2,3981071705534.9854
2022-03-30 07:00:00+00:00,1,5.0,5.0,1995262314968.8828
2022-03-30 16:00:00+00:00,1,5.3,5.3,5623413251903.491
2022-03-30 20:00:00+00:00,1,6.9,6.9,1412537544622761.2
2022-03-30 23:00:00+00:00,2,5.05,5.1,4813645246233.332
2022-03-31 00:00:00+00:00,1,5.1,5.1,2818382931264.449
2022-03-31 03:00:00+00:00,1,5.7,5.7,22387211385683.47
2022-03-31 05:00:00+00:00,2,6.15,7.0,2000885728220786.2
2022-03-31 06:00:00+00:00,3,5.466666666666666,5.6,35678935554757.2
2022-03-31 07:00:00+00:00,1,5.1,5.1,2818382931264.449
2022-03-31 10:00:00+00:00,1,5.1,5.1,2818382931264.449
2022-03-31 15:00:00+00:00,4,5.175,5.3,16060471750040.314
2022-03-31 18:00:00+00:00,1,5.0,5.0,1995262314968.8828
2022-03-31 19:00:00+00:00,1,6.4,6.4,251188643150959.25
2022-03-31 21:00:00+00:00,1,5.1,5.1,2818382931264.449
2022-03-31 23:00:00+00:00,1,5.2,5.2,3981071705534.9854
2022-04-01 01:00:00+00:00,2,5.05,5.1,4813645246233.332
2022-04-01 07:00:00+00:00,1,5.3,5.3,5623413251903.491
2022-04-01 08:00:00+00:00,1,5.0,5.0,1995262314968.8828
2022-04-01 11:00:00+00:00,1,5.1,5.1,2818382931264.449
2022-04-01 13:00:00+00:00,1,5.5,5.5,11220184543019.652
2022-04-01 14:00:00+00:00,1,5.6,5.6,15848931924611.11
2022-04-02 04:00:00+00:00,1,5.6,5.6,15848931924611.11
2022-04-02 10:00:00+00:00,1,5.5,5.5,11220184543019.652
2022-04-02 18:00:00+00:00,1,5.6,5.6,15848931924611.11
2022-04-02 22:00:00+00:00,1,5.2,5.2,3981071705534.9854
2022-04-03 00:00:00+00:00,1,5.1,5.1,2818382931264.449
2022-04-03 05:00:00+00:00,1,5.1,5.1,2818382931264.449
2022-04-03 09:00:00+00:00,1,5.0,5.0,1995262314968.8828
2022-04-03 10:00:00+00:00,1,5.6,5.6,15848931924611.11
2022-04-03 11:00:00+00:00,1,5.4,5.4,7943282347242.8545
2022-04-03 15:00:00+00:00,1,5.4,5.4,7943282347242.8545
2022-04-03 18:00:00+00:00,1,5.1,5.1,2818382931264.449
2022-04-03 19:00:00+00:00,1,5.0,5.0,1995262314968.8828
2022-04-03 20:00:00+00:00,1,5.1,5.1,2818382931264.449
2022-04-04 03:00:00+00:00,1,5.0,5.0,1995262314968.8828
2022-04-04 10:00:00+00:00,1,5.4,5.4,7943282347242.8545
2022-04-04 14:00:00+00:00,1,5.4,5.4,7943282347242.8545
2022-04-04 16:00:00+00:00,1,6.0,6.0,63095734448019.43
2022-04-05 01:00:00+00:00,1,5.9,5.9,44668359215096.53
2022-04-05 20:00:00+00:00,1,5.1,5.1,2818382931264.449
2022-04-05 21:00:00+00:00,1,5.7,5.7,22387211385683.47
2022-04-06 03:00:00+00:00,1,5.0,5.0,1995262314968.8828
2022-04-06 05:00:00+00:00,1,5.5,5.5,11220184543019.652
2022-04-06 15:00:00+00:00,1,5.5,5.5,11220184543019.652
2022-04-07 03:00:00+00:00,1,5.1,5.1,2818382931264.449
2022-04-07 10:00:00+00:00,1,5.1,5.1,2818382931264.449
2022-04-07 23:00:00+00:00,1,5.7,5.7,22387211385683.47
2022-04-08 12:00:00+00:00,1,5.0,5.0,1995262314968.8828
2022-04-08 14:00:00+00:00,1,5.0,5.0,1995262314968.8828
2022-04-08 19:00:00+00:00,1,5.3,5.3,5623413251903.491
2022-04-09 14:00:00+00:00,1,5.3,5.3,5623413251903.491
2022-04-09 15:00:00+00:00,1,5.8,5.8,31622776601683.793
2022-04-09 16:00:00+00:00,1,5.7,5.7,22387211385683.47
2022-04-09 19:00:00+00:00,1,5.1,5.1,2818382931264.449
2022-04-09 20:00:00+00:00,1,6.3,6.3,177827941003892.28
2022-04-09 21:00:00+00:00,1,5.3,5.3,5623413251903.491
2022-04-09 22:00:00+00:00,1,5.3,5.3,5623413251903.491
2022-04-09 23:00:00+00:00,1,5.0,5.0,1995262314968.8828
2022-04-10 01:00:00+00:00,1,5.4,5.4,7943282347242.8545
2022-04-10 03:00:00+00:00,1,5.0,5.0,1995262314968.8828
2022-04-10 09:00:00+00:00,1,5.0,5.0,1995262314968.8828
2022-04-10 10:00:00+00:00,1,5.1,5.1,2818382931264.449
2022-04-10 11:00:00+00:00,1,5.1,5.1,2818382931264.449
2022-04-10 13:00:00+00:00,1,5.2,5.2,3981071705534.9854
2022-04-10 14:00:00+00:00,1,5.1,5.1,2818382931264.449
2022-04-10 23:00:00+00:00,1,5.3,5.3,5623413251903.491
2022-04-11 13:00:00+00:00,1,5.3,5.3,5623413251903.491
2022-04-11 19:00:00+00:00,2,5.25,5.5,13215446857988.535
2022-04-11 22:00:00+00:00,1,5.1,5.1,2818382931264.449
2022-04-12 11:00:00+00:00,1,5.0,5.0,1995262314968.8828
2022-04-12 20:00:00+00:00,1,5.0,5.0,1995262314968.8828
2022-04-13 01:00:00+00:00,1,5.6,5.6,15848931924611.11
2022-04-13 02:00:00+00:00,1,5.4,5.4,7943282347242.8545
2022-04-13 03:00:00+00:00,1,6.1,6.1,89125093813374.4
2022-04-13 11:00:00+00:00,1,5.4,5.4,7943282347242.8545
2022-04-13 19:00:00+00:00,1,5.3,5.3,5623413251903.491
2022-04-14 07:00:00+00:00,1,5.5,5.5,11220184543019.652
2022-04-14 09:00:00+00:00,1,5.0,5.0,1995262314968.8828
2022-04-14 11:00:00+00:00,1,5.0,5.0,1995262314968.8828
2022-04-15 01:00:00+00:00,1,5.1,5.1,2818382931264.449
2022-04-15 06:00:00+00:00,1,5.3,5.3,5623413251903.491
2022-04-15 14:00:00+00:00,1,5.3,5.3,5623413251903.491
2022-04-15 16:00:00+00:00,2,5.05,5.1,4813645246233.332
2022-04-15 22:00:00+00:00,1,5.0,5.0,1995262314968.8828
2022-04-16 17:00:00+00:00,1,5.0,5.0,1995262314968.8828
2022-04-16 21:00:00+00:00,1,5.3,5.3,5623413251903.491
2022-04-17 02:00:00+00:00,3,5.0,5.0,5985786944906.648
2022-04-17 05:00:00+00:00,1,5.4,5.4,7943282347242.8545
2022-04-17 07:00:00+00:00,1,6.1,6.1,89125093813374.4
2022-04-17 10:00:00+00:00,1,5.1,5.1,2818382931264.449
2022-04-18 03:00:00+00:00,1,5.0,5.0,1995262314968.8828
2022-04-18 11:00:00+00:00,1,5.3,5.3,5623413251903.491
2022-04-18 21:00:00+00:00,1,5.0,5.0,1995262314968.8828
2022-04-18 23:00:00+00:00,2,5.4,5.5,16843597794923.145
2022-04-19 00:00:00+00:00,1,5.3,5.3,5623413251903.491
2022-04-19 01:00:00+00:00,1,6.1,6.1,89125093813374.4
2022-04-19 04:00:00+00:00,2,5.550000000000001,5.9,48649430920631.516
2022-04-19 07:00:00+00:00,1,5.4,5.4,7943282347242.8545
2022-04-19 12:00:00+00:00,1,5.0,5.0,1995262314968.8828
2022-04-19 17:00:00+00:00,1,5.0,5.0,1995262314968.8828
2022-04-19 21:00:00+00:00,1,5.1,5.1,2818382931264.449
2022-04-19 22:00:00+00:00,1,5.1,5.1,2818382931264.449
2022-04-20 05:00:00+00:00,1,5.9,5.9,44668359215096.53
2022-04-20 08:00:00+00:00,1,5.1,5.1,2818382931264.449
2022-04-20 09:00:00+00:00,2,5.199999999999999,5.3,8441796183167.94
2022-04-20 11:00:00+00:00,2,5.6,5.7,33607395928703.12
2022-04-20 15:00:00+00:00,1,5.1,5.1,2818382931264.449
2022-04-20 19:00:00+00:00,1,5.8,5.8,31622776601683.793
2022-04-20 21:00:00+00:00,1,6.0,6.0,63095734448019.43
2022-04-20 22:00:00+00:00,1,5.2,5.2,3981071705534.9854
2022-04-21 06:00:00+00:00,2,5.5,5.5,22440369086039.305
2022-04-21 07:00:00+00:00,1,6.6,6.6,501187233627271.44
2022-04-21 12:00:00+00:00,1,5.0,5.0,1995262314968.8828
2022-04-21 20:00:00+00:00,1,5.1,5.1,2818382931264.449
2022-04-22 05:00:00+00:00,1,5.2,5.2,3981071705534.9854
2022-04-22 06:00:00+00:00,1,5.3,5.3,5623413251903.491
2022-04-22 21:00:00+00:00,1,5.7,5.7,22387211385683.47
2022-04-23 18:00:00+00:00,1,5.3,5.3,5623413251903.491
2022-04-23 21:00:00+00:00,1,5.3,5.3,5623413251903.491
2022-04-23 22:00:00+00:00,3,5.266666666666667,5.4,15905425758312.824
2022-04-23 23:00:00+00:00,1,5.1,5.1,2818382931264.449
2022-04-24 01:00:00+00:00,1,5.6,5.6,15848931924611.11
2022-04-24 08:00:00+00:00,1,5.2,5.2,3981071705534.9854
2022-04-24 10:00:00+00:00,1,5.3,5.3,5623413251903.491
2022-04-24 14:00:00+00:00,1,5.0,5.0,1995262314968.8828
2022-04-24 23:00:00+00:00,1,5.1,5.1,2818382931264.449
2022-04-25 05:00:00+00:00,1,5.2,5.2,3981071705534.9854
2022-04-25 16:00:00+00:00,1,5.4,5.4,7943282347242.8545
2022-04-26 17:00:00+00:00,1,5.1,5.1,2818382931264.449
2022-04-26 19:00:00+00:00,1,5.2,5.2,3981071705534.9854
2022-04-26 20:00:00+00:00,1,5.0,5.0,1995262314968.8828
2022-04-27 01:00:00+00:00,1,5.0,5.0,1995262314968.8828
2022-04-27 09:00:00+00:00,1,5.4,5.4,7943282347242.8545
2022-04-27 23:00:00+00:00,1,5.4,5.4,7943282347242.8545
2022-04-28 03:00:00+00:00,1,5.4,5.4,7943282347242.8545
2022-04-28 11:00:00+00:00,1,5.0,5.0,1995262314968.8828
2022-04-28 13:00:00+00:00,1,6.1,6.1,89125093813374.4
2022-04-29 08:00:00+00:00,1,5.6,5.6,15848931924611.11
2022-04-30 03:00:00+00:00,1,5.0,5.0,1995262314968.8828
2022-05-01 12:00:00+00:00,1,5.5,5.5,11220184543019.652
2022-05-01 15:00:00+00:00,1,5.0,5.0,1995262314968.8828
2022-05-01 20:00:00+00:00,1,5.1,5.1,2818382931264.449
2022-05-01 21:00:00+00:00,1,5.5,5.5,11220184543019.652
2022-05-02 03:00:00+00:00,1,5.3,5.3,5623413251903.491
2022-05-02 06:00:00+00:00,2,5.35,5.6,18667314855875.56
2022-05-02 07:00:00+00:00,1,5.1,5.1,2818382931264.449
2022-05-02 12:00:00+00:00,1,5.4,5.4,7943282347242.8545
2022-05-02 16:00:00+00:00,1,5.4,5.4,7943282347242.8545
2022-05-03 21:00:00+00:00,1,5.0,5.0,1995262314968.8828
2022-05-04 05:00:00+00:00,1,5.2,5.2,3981071705534.9854
2022-05-04 06:00:00+00:00,1,5.0,5.0,1995262314968.8828
2022-05-04 11:00:00+00:00,1,5.2,5.2,3981071705534.9854
2022-05-04 12:00:00+00:00,1,5.1,5.1,2818382931264.449
2022-05-04 20:00:00+00:00,1,5.1,5.1,2818382931264.449
2022-05-04 21:00:00+00:00,1,5.6,5.6,15848931924611.11
2022-05-05 00:00:00+00:00,1,5.0,5.0,1995262314968.8828
2022-05-05 08:00:00+00:00,1,6.0,6.0,63095734448019.43
2022-05-05 09:00:00+00:00,1,5.0,5.0,1995262314968.8828
2022-05-05 10:00:00+00:00,1,5.1,5.1,2818382931264.449
2022-05-05 14:00:00+00:00,1,5.2,5.2,3981071705534.9854
2022-05-05 19:00:00+00:00,2,5.25,5.3,9604484957438.477
2022-05-05 20:00:00+00:00,1,5.6,5.6,15848931924611.11
2022-05-05 21:00:00+00:00,1,5.1,5.1,2818382931264.449
2022-05-06 00:00:00+00:00,2,5.199999999999999,5.3,8441796183167.94
2022-05-06 06:00:00+00:00,1,5.1,5.1,2818382931264.449
2022-05-06 08:00:00+00:00,1,5.0,5.0,1995262314968.8828
2022-05-06 13:00:00+00:00,1,5.4,5.4,7943282347242.8545
2022-05-06 17:00:00+00:00,1,5.4,5.4,7943282347242.8545
2022-05-07 11:00:00+00:00,1,5.5,5.5,11220184543019.652
2022-05-07 16:00:00+00:00,2,5.4,5.6,19830003630146.094
2022-05-07 18:00:00+00:00,1,5.1,5.1,2818382931264.449
2022-05-08 00:00:00+00:00,1,5.0,5.0,1995262314968.8828
2022-05-08 02:00:00+00:00,3,5.1000000000000005,5.2,8794716951768.317
2022-05-08 12:00:00+00:00,1,5.0,5.0,1995262314968.8828
2022-05-08 13:00:00+00:00,1,5.5,5.5,11220184543019.652
2022-05-08 17:00:00+00:00,1,5.0,5.0,1995262314968.8828
2022-05-08 21:00:00+00:00,2,5.35,5.6,18667314855875.56
2022-05-08 23:00:00+00:00,1,5.4,5.4,7943282347242.8545
2022-05-09 06:00:00+00:00,1,6.2,6.2,125892541179417.14
2022-05-09 07:00:00+00:00,1,5.0,5.0,1995262314968.8828
2022-05-09 08:00:00+00:00,1,5.3,5.3,5623413251903.491
2022-05-09 16:00:00+00:00,1,5.7,5.7,22387211385683.47
2022-05-09 22:00:00+00:00,1,6.3,6.3,177827941003892.28
2022-05-10 00:00:00+00:00,1,5.3,5.3,5623413251903.491
2022-05-10 01:00:00+00:00,1,5.2,5.2,3981071705534.9854
2022-05-10 02:00:00+00:00,1,5.2,5.2,3981071705534.9854
2022-05-10 03:00:00+00:00,2,5.05,5.1,4813645246233.332
2022-05-10 08:00:00+00:00,1,5.4,5.4,7943282347242.8545
2022-05-10 13:00:00+00:00,1,5.8,5.8,31622776601683.793
2022-05-10 23:00:00+00:00,2,6.1,6.8,1007943282347242.9
2022-05-11 14:00:00+00:00,2,5.1,5.2,5976334020503.868
2022-05-11 15:00:00+00:00,1,5.1,5.1,2818382931264.449
2022-05-11 16:00:00+00:00,1,5.0,5.0,1995262314968.8828
2022-05-11 17:00:00+00:00,1,5.1,5.1,2818382931264.449
2022-05-11 22:00:00+00:00,1,5.1,5.1,2818382931264.449
2022-05-12 07:00:00+00:00,1,5.1,5.1,2818382931264.449
2022-05-12 10:00:00+00:00,1,5.3,5.3,5623413251903.491
2022-05-12 21:00:00+00:00,2,5.2,5.4,9938544662211.738
2022-05-13 03:00:00+00:00,1,5.5,5.5,11220184543019.652
2022-05-14 02:00:00+00:00,1,5.1,5.1,2818382931264.449
2022-05-14 12:00:00+00:00,1,5.2,5.2,3981071705534.9854
2022-05-14 22:00:00+00:00,1,5.2,5.2,3981071705534.9854
2022-05-15 11:00:00+00:00,1,5.5,5.5,11220184543019.652
2022-05-16 05:00:00+00:00,1,5.4,5.4,7943282347242.8545
2022-05-16 18:00:00+00:00,1,5.8,5.8,31622776601683.793
2022-05-17 01:00:00+00:00,1,5.5,5.5,11220184543019.652
2022-05-17 03:00:00+00:00,1,5.0,5.0,1995262314968.8828
2022-05-17 06:00:00+00:00,1,5.5,5.5,11220184543019.652
2022-05-17 07:00:00+00:00,1,5.2,5.2,3981071705534.9854
2022-05-17 08:00:00+00:00,1,5.2,5.2,3981071705534.9854
2022-05-17 13:00:00+00:00,1,5.5,5.5,11220184543019.652
2022-05-17 21:00:00+00:00,2,5.1,5.2,5976334020503.868
2022-05-18 03:00:00+00:00,2,5.4,5.6,19830003630146.094
2022-05-18 04:00:00+00:00,1,5.0,5.0,1995262314968.8828
2022-05-18 06:00:00+00:00,1,5.7,5.7,22387211385683.47
2022-05-18 20:00:00+00:00,1,5.4,5.4,7943282347242.8545
2022-05-18 23:00:00+00:00,1,5.0,5.0,1995262314968.8828
2022-05-19 01:00:00+00:00,2,5.45,5.7,26368283091218.453
2022-05-19 02:00:00+00:00,1,5.1,5.1,2818382931264.449
2022-05-19 03:00:00+00:00,1,5.3,5.3,5623413251903.491
2022-05-19 09:00:00+00:00,1,5.8,5.8,31622776601683.793
2022-05-19 10:00:00+00:00,2,6.25,6.9,1428386476547372.2
2022-05-19 15:00:00+00:00,1,5.2,5.2,3981071705534.9854
2022-05-20 09:00:00+00:00,1,5.7,5.7,22387211385683.47
2022-05-20 12:00:00+00:00,1,5.5,5.5,11220184543019.652
2022-05-21 07:00:00+00:00,2,5.5,5.8,35603848307218.78
2022-05-21 21:00:00+00:00,1,6.1,6.1,89125093813374.4
2022-05-22 03:00:00+00:00,1,5.4,5.4,7943282347242.8545
2022-05-22 07:00:00+00:00,3,5.466666666666666,6.3,182641586250125.62
2022-05-22 15:00:00+00:00,1,6.0,6.0,63095734448019.43
2022-05-22 16:00:00+00:00,1,5.0,5.0,1995262314968.8828
2022-05-23 02:00:00+00:00,1,5.5,5.5,11220184543019.652
2022-05-23 07:00:00+00:00,1,5.3,5.3,5623413251903.491
2022-05-23 11:00:00+00:00,1,5.5,5.5,11220184543019.652
2022-05-23 13:00:00+00:00,1,5.0,5.0,1995262314968.8828
2022-05-23 14:00:00+00:00,1,5.2,5.2,3981071705534.9854
2022-05-23 18:00:00+00:00,1,5.1,5.1,2818382931264.449
2022-05-23 19:00:00+00:00,1,5.6,5.6,15848931924611.11
2022-05-23 22:00:00+00:00,2,5.300000000000001,5.4,11924354052777.84
2022-05-24 04:00:00+00:00,1,5.0,5.0,1995262314968.8828
2022-05-24 12:00:00+00:00,1,5.5,5.5,11220184543019.652
2022-05-24 18:00:00+00:00,1,5.0,5.0,1995262314968.8828
2022-05-25 15:00:00+00:00,1,5.2,5.2,3981071705534.9854
2022-05-25 18:00:00+00:00,1,5.0,5.0,1995262314968.8828
2022-05-25 21:00:00+00:00,1,5.5,5.5,11220184543019.652
2022-05-25 23:00:00+00:00,1,5.0,5.0,1995262314968.8828
2022-05-26 12:00:00+00:00,2,6.25,7.2,3986695118786889.0
2022-05-26 15:00:00+00:00,1,6.6,6.6,501187233627271.44
2022-05-26 18:00:00+00:00,1,6.2,6.2,125892541179417.14
2022-05-26 20:00:00+00:00,1,5.1,5.1,2818382931264.449
2022-05-27 01:00:00+00:00,1,5.5,5.5,11220184543019.652
2022-05-27 02:00:00+00:00,1,6.2,6.2,125892541179417.14
2022-05-27 09:00:00+00:00,1,5.2,5.2,3981071705534.9854
2022-05-27 11:00:00+00:00,1,5.1,5.1,2818382931264.449
2022-05-27 18:00:00+00:00,1,5.4,5.4,7943282347242.8545
2022-05-28 14:00:00+00:00,2,5.55,5.6,27069116467630.76
2022-05-28 15:00:00+00:00,1,5.6,5.6,15848931924611.11
2022-05-29 06:00:00+00:00,1,5.1,5.1,2818382931264.449
2022-05-29 07:00:00+00:00,1,5.3,5.3,5623413251903.491
2022-05-31 00:00:00+00:00,1,5.0,5.0,1995262314968.8828
2022-05-31 07:00:00+00:00,1,5.2,5.2,3981071705534.9854
2022-05-31 14:00:00+00:00,1,5.0,5.0,1995262314968.8828
2022-06-01 00:00:00+00:00,1,5.1,5.1,2818382931264.449
2022-06-01 09:00:00+00:00,2,5.55,5.8,37246189853587.28
2022-06-01 16:00:00+00:00,1,5.2,5.2,3981071705534.9854
2022-06-01 22:00:00+00:00,1,5.0,5.0,1995262314968.8828
2022-06-02 03:00:00+00:00,1,5.2,5.2,3981071705534.9854
2022-06-02 09:00:00+00:00,1,5.0,5.0,1995262314968.8828
2022-06-02 12:00:00+00:00,1,5.5,5.5,11220184543019.652
2022-06-02 18:00:00+00:00,1,5.5,5.5,11220184543019.652
2022-06-02 19:00:00+00:00,2,5.0,5.0,3990524629937.7656
2022-06-02 23:00:00+00:00,1,5.2,5.2,3981071705534.9854
2022-06-03 06:00:00+00:00,2,5.300000000000001,5.4,11924354052777.84
2022-06-03 07:00:00+00:00,1,5.6,5.6,15848931924611.11
2022-06-03 14:00:00+00:00,1,5.3,5.3,5623413251903.491
2022-06-04 02:00:00+00:00,1,5.6,5.6,15848931924611.11
2022-06-04 13:00:00+00:00,2,6.35,6.4,429016584154851.5
2022-06-04 23:00:00+00:00,2,5.699999999999999,6.3,180646323935156.72
2022-06-05 09:00:00+00:00,1,5.0,5.0,1995262314968.8828
2022-06-05 23:00:00+00:00,1,5.0,5.0,1995262314968.8828
2022-06-06 08:00:00+00:00,1,5.2,5.2,3981071705534.9854
2022-06-06 18:00:00+00:00,1,5.3,5.3,5623413251903.491
2022-06-06 20:00:00+00:00,1,5.4,5.4,7943282347242.8545
2022-06-06 21:00:00+00:00,1,5.3,5.3,5623413251903.491
2022-06-07 01:00:00+00:00,1,5.1,5.1,2818382931264.449
2022-06-07 13:00:00+00:00,1,5.6,5.6,15848931924611.11
2022-06-07 20:00:00+00:00,1,5.1,5.1,2818382931264.449
2022-06-08 00:00:00+00:00,2,5.95,6.5,362756671580818.94
2022-06-08 05:00:00+00:00,1,5.8,5.8,31622776601683.793
2022-06-08 12:00:00+00:00,1,5.2,5.2,3981071705534.9854
2022-06-08 20:00:00+00:00,1,5.2,5.2,3981071705534.9854
2022-06-09 16:00:00+00:00,1,5.6,5.6,15848931924611.11
2022-06-09 17:00:00+00:00,1,5.9,5.9,44668359215096.53
2022-06-10 01:00:00+00:00,1,5.0,5.0,1995262314968.8828
2022-06-10 23:00:00+00:00,1,5.6,5.6,15848931924611.11
2022-06-11 04:00:00+00:00,1,5.0,5.0,1995262314968.8828
2022-06-11 06:00:00+00:00,1,5.2,5.2,3981071705534.9854
2022-06-11 07:00:00+00:00,1,5.6,5.6,15848931924611.11
2022-06-11 09:00:00+00:00,1,5.4,5.4,7943282347242.8545
2022-06-11 14:00:00+00:00,1,5.1,5.1,2818382931264.449
2022-06-11 15:00:00+00:00,1,5.0,5.0,1995262314968.8828
2022-06-11 17:00:00+00:00,1,5.4,5.4,7943282347242.8545
2022-06-11 18:00:00+00:00,1,5.0,5.0,1995262314968.8828
2022-06-11 20:00:00+00:00,1,5.4,5.4,7943282347242.8545
2022-06-11 23:00:00+00:00,1,5.0,5.0,1995262314968.8828
2022-06-12 02:00:00+00:00,1,5.0,5.0,1995262314968.8828
2022-06-12 08:00:00+00:00,1,5.2,5.2,3981071705534.9854
2022-06-12 18:00:00+00:00,1,5.2,5.2,3981071705534.9854
2022-06-13 05:00:00+00:00,1,5.0,5.0,1995262314968.8828
2022-06-13 20:00:00+00:00,1,5.2,5.2,3981071705534.9854
2022-06-13 23:00:00+00:00,1,5.0,5.0,1995262314968.8828
2022-06-14 09:00:00+00:00,1,5.6,5.6,15848931924611.11
2022-06-15 06:00:00+00:00,1,5.5,5.5,11220184543019.652
2022-06-15 11:00:00+00:00,1,5.6,5.6,15848931924611.11
2022-06-15 22:00:00+00:00,1,5.0,5.0,1995262314968.8828
2022-06-16 06:00:00+00:00,1,5.2,5.2,3981071705534.9854
2022-06-17 09:00:00+00:00,1,5.1,5.1,2818382931264.449
2022-06-17 10:00:00+00:00,1,5.1,5.1,2818382931264.449
2022-06-17 16:00:00+00:00,1,5.0,5.0,1995262314968.8828
2022-06-18 02:00:00+00:00,1,5.2,5.2,3981071705534.9854
2022-06-18 04:00:00+00:00,1,5.2,5.2,3981071705534.9854
2022-06-18 05:00:00+00:00,3,5.2,5.4,13580048209771.754
2022-06-18 11:00:00+00:00,1,5.3,5.3,5623413251903.491
2022-06-18 18:00:00+00:00,1,5.1,5.1,2818382931264.449
2022-06-19 06:00:00+00:00,1,5.1,5.1,2818382931264.449
2022-06-19 09:00:00+00:00,1,5.5,5.5,11220184543019.652
2022-06-19 10:00:00+00:00,1,5.1,5.1,2818382931264.449
2022-06-19 11:00:00+00:00,1,5.3,5.3,5623413251903.491
2022-06-19 17:00:00+00:00,1,5.1,5.1,2818382931264.449
2022-06-19 20:00:00+00:00,1,5.0,5.0,1995262314968.8828
2022-06-20 01:00:00+00:00,2,5.5,5.9,47486742146360.984
2022-06-20 12:00:00+00:00,1,5.2,5.2,3981071705534.9854
2022-06-20 19:00:00+00:00,1,5.4,5.4,7943282347242.8545
2022-06-21 04:00:00+00:00,1,5.0,5.0,1995262314968.8828
2022-06-21 07:00:00+00:00,1,5.9,5.9,44668359215096.53
2022-06-21 19:00:00+00:00,1,5.0,5.0,1995262314968.8828
2022-06-21 20:00:00+00:00,1,6.0,6.0,63095734448019.43
2022-06-21 21:00:00+00:00,1,5.4,5.4,7943282347242.8545
2022-06-22 01:00:00+00:00,1,5.4,5.4,7943282347242.8545
2022-06-22 05:00:00+00:00,1,5.6,5.6,15848931924611.11
2022-06-23 01:00:00+00:00,1,5.1,5.1,2818382931264.449
2022-06-23 02:00:00+00:00,1,5.5,5.5,11220184543019.652
2022-06-23 07:00:00+00:00,1,5.4,5.4,7943282347242.8545
2022-06-23 22:00:00+00:00,1,5.1,5.1,2818382931264.449
2022-06-24 00:00:00+00:00,2,5.699999999999999,5.8,47471708526294.91
2022-06-24 04:00:00+00:00,2,5.199999999999999,5.3,8441796183167.94
2022-06-24 09:00:00+00:00,1,5.7,5.7,22387211385683.47
2022-06-24 17:00:00+00:00,1,5.0,5.0,1995262314968.8828
2022-06-24 18:00:00+00:00,1,5.1,5.1,2818382931264.449
2022-06-25 03:00:00+00:00,2,5.35,5.6,18667314855875.56
2022-06-25 11:00:00+00:00,1,5.0,5.0,1995262314968.8828
2022-06-26 02:00:00+00:00,1,5.7,5.7,22387211385683.47
2022-06-27 01:00:00+00:00,1,5.3,5.3,5623413251903.491
2022-06-27 19:00:00+00:00,1,5.3,5.3,5623413251903.491
2022-06-27 20:00:00+00:00,1,5.0,5.0,1995262314968.8828
2022-06-27 22:00:00+00:00,1,5.0,5.0,1995262314968.8828
2022-06-28 13:00:00+00:00,2,5.15,5.3,7618675566872.374
2022-06-28 15:00:00+00:00,1,5.0,5.0,1995262314968.8828
2022-06-29 06:00:00+00:00,1,5.0,5.0,1995262314968.8828
2022-06-29 19:00:00+00:00,1,5.3,5.3,5623413251903.491
2022-06-30 05:00:00+00:00,1,5.1,5.1,2818382931264.449
2022-06-30 18:00:00+00:00,1,6.0,6.0,63095734448019.43
2022-07-01 20:00:00+00:00,1,5.0,5.0,1995262314968.8828
2022-07-01 21:00:00+00:00,2,5.5,6.0,65090996762988.31
2022-07-01 23:00:00+00:00,2,5.85,6.0,85482945833702.9
2022-07-02 01:00:00+00:00,1,5.9,5.9,44668359215096.53
2022-07-02 22:00:00+00:00,1,5.0,5.0,1995262314968.8828
2022-07-02 23:00:00+00:00,1,5.3,5.3,5623413251903.491
2022-07-03 02:00:00+00:00,1,5.1,5.1,2818382931264.449
2022-07-04 07:00:00+00:00,1,5.2,5.2,3981071705534.9854
2022-07-04 08:00:00+00:00,1,5.1,5.1,2818382931264.449
2022-07-04 09:00:00+00:00,4,5.15,5.4,15914878682715.605
2022-07-04 11:00:00+00:00,1,5.0,5.0,1995262314968.8828
2022-07-04 18:00:00+00:00,1,5.0,5.0,1995262314968.8828
2022-07-04 19:00:00+00:00,1,5.0,5.0,1995262314968.8828
2022-07-04 22:00:00+00:00,1,5.1,5.1,2818382931264.449
2022-07-05 00:00:00+00:00,1,5.4,5.4,7943282347242.8545
2022-07-05 06:00:00+00:00,2,5.0,5.0,3990524629937.7656
2022-07-05 20:00:00+00:00,1,5.3,5.3,5623413251903.491
2022-07-06 05:00:00+00:00,1,5.2,5.2,3981071705534.9854
2022-07-06 15:00:00+00:00,1,5.5,5.5,11220184543019.652
2022-07-08 00:00:00+00:00,1,5.0,5.0,1995262314968.8828
2022-07-08 01:00:00+00:00,1,5.4,5.4,7943282347242.8545
2022-07-08 03:00:00+00:00,1,5.3,5.3,5623413251903.491
2022-07-08 09:00:00+00:00,1,5.3,5.3,5623413251903.491
2022-07-08 16:00:00+00:00,1,5.4,5.4,7943282347242.8545
2022-07-08 17:00:00+00:00,4,5.075,5.3,11609200196810.14
2022-07-08 20:00:00+00:00,3,5.166666666666667,5.3,11599747272407.36
2022-07-08 21:00:00+00:00,1,5.2,5.2,3981071705534.9854
2022-07-08 23:00:00+00:00,2,5.85,5.9,76291135816780.33
2022-07-09 02:00:00+00:00,1,5.1,5.1,2818382931264.449
2022-07-09 03:00:00+00:00,1,5.0,5.0,1995262314968.8828
2022-07-09 07:00:00+00:00,1,5.4,5.4,7943282347242.8545
2022-07-09 09:00:00+00:00,1,5.0,5.0,1995262314968.8828
2022-07-10 22:00:00+00:00,1,5.7,5.7,22387211385683.47
2022-07-11 07:00:00+00:00,1,5.0,5.0,1995262314968.8828
2022-07-11 21:00:00+00:00,3,5.566666666666666,6.0,87478208148671.78
2022-07-11 22:00:00+00:00,1,5.6,5.6,15848931924611.11
2022-07-12 00:00:00+00:00,1,5.8,5.8,31622776601683.793
2022-07-12 02:00:00+00:00,2,5.35,5.7,24382473700652.35
2022-07-12 16:00:00+00:00,1,5.2,5.2,3981071705534.9854
2022-07-12 19:00:00+00:00,2,6.199999999999999,6.8,1015848931924611.1
2022-07-12 21:00:00+00:00,1,5.6,5.6,15848931924611.11
2022-07-12 23:00:00+00:00,1,5.5,5.5,11220184543019.652
2022-07-13 09:00:00+00:00,1,5.0,5.0,1995262314968.8828
2022-07-13 15:00:00+00:00,1,5.0,5.0,1995262314968.8828
2022-07-13 17:00:00+00:00,1,5.0,5.0,1995262314968.8828
2022-07-13 21:00:00+00:00,1,5.0,5.0,1995262314968.8828
2022-07-14 02:00:00+00:00,1,5.4,5.4,7943282347242.8545
2022-07-14 12:00:00+00:00,1,5.0,5.0,1995262314968.8828
2022-07-14 17:00:00+00:00,1,5.8,5.8,31622776601683.793
2022-07-14 19:00:00+00:00,1,5.3,5.3,5623413251903.491
2022-07-14 22:00:00+00:00,1,5.7,5.7,22387211385683.47
2022-07-14 23:00:00+00:00,1,5.1,5.1,2818382931264.449
2022-07-15 19:00:00+00:00,1,6.4,6.4,251188643150959.25
2022-07-15 21:00:00+00:00,1,5.0,5.0,1995262314968.8828
2022-07-16 01:00:00+00:00,1,5.1,5.1,2818382931264.449
2022-07-16 03:00:00+00:00,1,5.4,5.4,7943282347242.8545
2022-07-16 07:00:00+00:00,1,5.3,5.3,5623413251903.491
2022-07-16 09:00:00+00:00,1,5.1,5.1,2818382931264.449
2022-07-16 18:00:00+00:00,2,5.2,5.2,7962143411069.971
2022-07-17 09:00:00+00:00,1,5.1,5.1,2818382931264.449
2022-07-17 12:00:00+00:00,1,5.2,5.2,3981071705534.9854
2022-07-17 23:00:00+00:00,1,5.6,5.6,15848931924611.11
2022-07-18 12:00:00+00:00,1,5.2,5.2,3981071705534.9854
2022-07-18 18:00:00+00:00,1,5.9,5.9,44668359215096.53
2022-07-19 23:00:00+00:00,1,5.3,5.3,5623413251903.491
2022-07-20 04:00:00+00:00,1,5.1,5.1,2818382931264.449
2022-07-21 09:00:00+00:00,1,5.1,5.1,2818382931264.449
2022-07-21 17:00:00+00:00,1,5.9,5.9,44668359215096.53
2022-07-22 02:00:00+00:00,1,5.1,5.1,2818382931264.449
2022-07-22 03:00:00+00:00,1,5.2,5.2,3981071705534.9854
2022-07-22 11:00:00+00:00,1,5.5,5.5,11220184543019.652
2022-07-23 03:00:00+00:00,1,5.1,5.1,2818382931264.449
2022-07-23 06:00:00+00:00,1,5.4,5.4,7943282347242.8545
2022-07-23 07:00:00+00:00,1,5.4,5.4,7943282347242.8545
2022-07-23 16:00:00+00:00,2,5.5,5.6,23792214271853.965
2022-07-24 06:00:00+00:00,1,5.3,5.3,5623413251903.491
2022-07-24 19:00:00+00:00,1,5.0,5.0,1995262314968.8828
2022-07-25 01:00:00+00:00,1,5.1,5.1,2818382931264.449
2022-07-25 10:00:00+00:00,1,5.2,5.2,3981071705534.9854
2022-07-25 13:00:00+00:00,1,5.7,5.7,22387211385683.47
2022-07-25 14:00:00+00:00,2,5.1,5.1,5636765862528.898
2022-07-26 09:00:00+00:00,1,5.0,5.0,1995262314968.8828
2022-07-26 10:00:00+00:00,1,5.0,5.0,1995262314968.8828
2022-07-27 00:00:00+00:00,1,7.0,7.0,1995262314968882.8
2022-07-27 01:00:00+00:00,1,5.0,5.0,1995262314968.8828
2022-07-27 07:00:00+00:00,1,5.2,5.2,3981071705534.9854
2022-07-27 09:00:00+00:00,2,5.3,5.6,17844194239579.992
2022-07-27 16:00:00+00:00,1,5.7,5.7,22387211385683.47
2022-07-27 17:00:00+00:00,1,5.5,5.5,11220184543019.652
2022-07-27 18:00:00+00:00,1,6.2,6.2,125892541179417.14
2022-07-27 20:00:00+00:00,1,5.0,5.0,1995262314968.8828
2022-07-28 04:00:00+00:00,1,6.1,6.1,89125093813374.4
2022-07-28 09:00:00+00:00,1,5.2,5.2,3981071705534.9854
2022-07-28 11:00:00+00:00,1,5.0,5.0,1995262314968.8828
2022-07-28 18:00:00+00:00,1,5.8,5.8,31622776601683.793
2022-07-28 19:00:00+00:00,1,5.4,5.4,7943282347242.8545
2022-07-29 13:00:00+00:00,1,5.5,5.5,11220184543019.652
2022-07-29 14:00:00+00:00,1,5.0,5.0,1995262314968.8828
2022-07-29 16:00:00+00:00,1,5.1,5.1,2818382931264.449
2022-07-29 18:00:00+00:00,1,5.3,5.3,5623413251903.491
2022-07-29 19:00:00+00:00,1,5.2,5.2,3981071705534.9854
2022-07-29 22:00:00+00:00,1,5.1,5.1,2818382931264.449
2022-07-29 23:00:00+00:00,1,5.6,5.6,15848931924611.11
2022-07-31 00:00:00+00:00,1,5.1,5.1,2818382931264.449
2022-07-31 02:00:00+00:00,1,5.1,5.1,2818382931264.449
2022-07-31 03:00:00+00:00,1,5.1,5.1,2818382931264.449
2022-07-31 05:00:00+00:00,1,5.0,5.0,1995262314968.8828
2022-07-31 13:00:00+00:00,2,5.35,5.6,18667314855875.56
2022-07-31 17:00:00+00:00,1,5.4,5.4,7943282347242.8545
2022-07-31 18:00:00+00:00,3,5.133333333333333,5.3,10437058498136.824
2022-07-31 22:00:00+00:00,1,5.1,5.1,2818382931264.449
2022-08-01 00:00:00+00:00,1,5.3,5.3,5623413251903.491
2022-08-01 01:00:00+00:00,1,5.4,5.4,7943282347242.8545
2022-08-01 04:00:00+00:00,1,5.1,5.1,2818382931264.449
2022-08-01 17:00:00+00:00,1,5.0,5.0,1995262314968.8828
2022-08-02 01:00:00+00:00,1,5.2,5.2,3981071705534.9854
2022-08-02 02:00:00+00:00,1,5.0,5.0,1995262314968.8828
2022-08-02 05:00:00+00:00,1,5.5,5.5,11220184543019.652
2022-08-02 12:00:00+00:00,1,5.1,5.1,2818382931264.449
2022-08-02 15:00:00+00:00,1,5.4,5.4,7943282347242.8545
2022-08-02 19:00:00+00:00,1,5.4,5.4,7943282347242.8545
2022-08-02 21:00:00+00:00,1,5.6,5.6,15848931924611.11
2022-08-03 11:00:00+00:00,1,5.3,5.3,5623413251903.491
2022-08-03 21:00:00+00:00,1,5.3,5.3,5623413251903.491
2022-08-04 00:00:00+00:00,1,5.4,5.4,7943282347242.8545
2022-08-04 03:00:00+00:00,4,5.25,5.7,32001149267524.727
2022-08-04 06:00:00+00:00,1,5.0,5.0,1995262314968.8828
2022-08-04 14:00:00+00:00,1,5.0,5.0,1995262314968.8828
2022-08-04 17:00:00+00:00,1,5.1,5.1,2818382931264.449
2022-08-04 18:00:00+00:00,2,5.05,5.1,4813645246233.332
2022-08-05 02:00:00+00:00,1,5.1,5.1,2818382931264.449
2022-08-05 04:00:00+00:00,1,5.8,5.8,31622776601683.793
2022-08-05 06:00:00+00:00,1,5.0,5.0,1995262314968.8828
2022-08-06 11:00:00+00:00,1,5.0,5.0,1995262314968.8828
2022-08-06 12:00:00+00:00,1,5.0,5.0,1995262314968.8828
2022-08-06 16:00:00+00:00,1,5.2,5.2,3981071705534.9854
2022-08-06 22:00:00+00:00,1,5.0,5.0,1995262314968.8828
2022-08-07 03:00:00+00:00,1,5.3,5.3,5623413251903.491
2022-08-07 13:00:00+00:00,1,5.9,5.9,44668359215096.53
2022-08-08 05:00:00+00:00,1,5.6,5.6,15848931924611.11
2022-08-08 13:00:00+00:00,1,5.1,5.1,2818382931264.449
2022-08-08 18:00:00+00:00,1,5.2,5.2,3981071705534.9854
2022-08-09 10:00:00+00:00,1,5.7,5.7,22387211385683.47
2022-08-09 11:00:00+00:00,1,5.1,5.1,2818382931264.449
2022-08-09 12:00:00+00:00,1,5.6,5.6,15848931924611.11
2022-08-09 17:00:00+00:00,1,5.2,5.2,3981071705534.9854
2022-08-09 18:00:00+00:00,1,5.0,5.0,1995262314968.8828
2022-08-10 06:00:00+00:00,1,5.2,5.2,3981071705534.9854
2022-08-10 10:00:00+00:00,1,5.1,5.1,2818382931264.449
2022-08-10 15:00:00+00:00,1,5.1,5.1,2818382931264.449
2022-08-11 18:00:00+00:00,1,5.0,5.0,1995262314968.8828
2022-08-12 06:00:00+00:00,1,5.4,5.4,7943282347242.8545
2022-08-12 07:00:00+00:00,1,5.0,5.0,1995262314968.8828
2022-08-12 08:00:00+00:00,1,5.2,5.2,3981071705534.9854
2022-08-12 21:00:00+00:00,1,5.2,5.2,3981071705534.9854
2022-08-13 04:00:00+00:00,1,5.1,5.1,2818382931264.449
2022-08-13 06:00:00+00:00,2,5.449999999999999,5.8,34441159532948.242
2022-08-13 13:00:00+00:00,1,5.7,5.7,22387211385683.47
2022-08-13 18:00:00+00:00,1,5.9,5.9,44668359215096.53
2022-08-13 19:00:00+00:00,1,5.3,5.3,5623413251903.491
2022-08-13 23:00:00+00:00,1,5.0,5.0,1995262314968.8828
2022-08-14 02:00:00+00:00,1,5.7,5.7,22387211385683.47
2022-08-14 03:00:00+00:00,2,5.4,5.8,33618038916652.676
2022-08-14 08:00:00+00:00,1,5.7,5.7,22387211385683.47
2022-08-14 09:00:00+00:00,1,5.3,5.3,5623413251903.491
2022-08-14 13:00:00+00:00,2,5.9,6.6,505168305332806.44
2022-08-14 14:00:00+00:00,1,5.2,5.2,3981071705534.9854
2022-08-14 21:00:00+00:00,2,5.7,6.4,253183905465928.12
2022-08-15 01:00:00+00:00,1,5.1,5.1,2818382931264.449
2022-08-15 08:00:00+00:00,1,5.4,5.4,7943282347242.8545
2022-08-15 16:00:00+00:00,1,5.4,5.4,7943282347242.8545
2022-08-16 07:00:00+00:00,1,5.5,5.5,11220184543019.652
2022-08-16 08:00:00+00:00,1,5.0,5.0,1995262314968.8828
2022-08-16 10:00:00+00:00,2,5.05,5.1,4813645246233.332
2022-08-16 17:00:00+00:00,1,5.0,5.0,1995262314968.8828
2022-08-17 04:00:00+00:00,1,5.6,5.6,15848931924611.11
2022-08-17 12:00:00+00:00,1,5.5,5.5,11220184543019.652
2022-08-18 02:00:00+00:00,1,5.3,5.3,5623413251903.491
2022-08-18 05:00:00+00:00,1,5.1,5.1,2818382931264.449
2022-08-18 07:00:00+00:00,1,5.5,5.5,11220184543019.652
2022-08-19 02:00:00+00:00,1,5.4,5.4,7943282347242.8545
2022-08-19 04:00:00+00:00,1,5.2,5.2,3981071705534.9854
2022-08-19 07:00:00+00:00,1,5.5,5.5,11220184543019.652
2022-08-19 11:00:00+00:00,1,5.3,5.3,5623413251903.491
2022-08-19 17:00:00+00:00,1,5.2,5.2,3981071705534.9854
2022-08-21 10:00:00+00:00,1,5.5,5.5,11220184543019.652
2022-08-21 15:00:00+00:00,1,5.2,5.2,3981071705534.9854
2022-08-22 02:00:00+00:00,1,5.3,5.3,5623413251903.491
2022-08-22 04:00:00+00:00,1,5.0,5.0,1995262314968.8828
2022-08-22 07:00:00+00:00,1,5.1,5.1,2818382931264.449
2022-08-22 08:00:00+00:00,1,5.4,5.4,7943282347242.8545
2022-08-23 10:00:00+00:00,1,5.4,5.4,7943282347242.8545
2022-08-23 11:00:00+00:00,1,5.4,5.4,7943282347242.8545
2022-08-23 13:00:00+00:00,1,5.0,5.0,1995262314968.8828
2022-08-23 14:00:00+00:00,1,6.2,6.2,125892541179417.14
2022-08-23 16:00:00+00:00,1,5.1,5.1,2818382931264.449
2022-08-23 18:00:00+00:00,1,5.9,5.9,44668359215096.53
2022-08-23 19:00:00+00:00,1,5.1,5.1,2818382931264.449
2022-08-24 12:00:00+00:00,1,5.4,5.4,7943282347242.8545
2022-08-24 15:00:00+00:00,1,5.0,5.0,1995262314968.8828
2022-08-24 21:00:00+00:00,1,5.0,5.0,1995262314968.8828
2022-08-24 22:00:00+00:00,1,5.0,5.0,1995262314968.8828
2022-08-25 03:00:00+00:00,1,5.0,5.0,1995262314968.8828
2022-08-25 22:00:00+00:00,1,5.1,5.1,2818382931264.449
2022-08-25 23:00:00+00:00,1,5.0,5.0,1995262314968.8828
2022-08-26 16:00:00+00:00,1,5.0,5.0,1995262314968.8828
2022-08-27 18:00:00+00:00,1,5.2,5.2,3981071705534.9854
2022-08-28 00:00:00+00:00,1,5.2,5.2,3981071705534.9854
2022-08-28 03:00:00+00:00,1,5.2,5.2,3981071705534.9854
2022-08-28 13:00:00+00:00,1,5.0,5.0,1995262314968.8828
2022-08-28 18:00:00+00:00,1,5.6,5.6,15848931924611.11
2022-08-28 22:00:00+00:00,1,5.7,5.7,22387211385683.47
2022-08-29 03:00:00+00:00,1,6.2,6.2,125892541179417.14
2022-08-29 04:00:00+00:00,1,5.1,5.1,2818382931264.449
2022-08-29 12:00:00+00:00,2,5.6,5.7,33607395928703.12
2022-08-29 18:00:00+00:00,1,5.7,5.7,22387211385683.47
2022-08-30 08:00:00+00:00,1,5.5,5.5,11220184543019.652
2022-08-30 09:00:00+00:00,1,6.3,6.3,177827941003892.28
2022-08-30 13:00:00+00:00,1,5.3,5.3,5623413251903.491
2022-08-30 23:00:00+00:00,1,5.1,5.1,2818382931264.449
2022-08-31 03:00:00+00:00,1,5.0,5.0,1995262314968.8828
2022-08-31 10:00:00+00:00,1,5.4,5.4,7943282347242.8545
2022-08-31 21:00:00+00:00,1,5.4,5.4,7943282347242.8545
2022-09-01 07:00:00+00:00,1,5.4,5.4,7943282347242.8545
2022-09-01 16:00:00+00:00,1,5.1,5.1,2818382931264.449
2022-09-02 04:00:00+00:00,1,5.0,5.0,1995262314968.8828
2022-09-02 07:00:00+00:00,1,5.0,5.0,1995262314968.8828
2022-09-02 17:00:00+00:00,1,5.0,5.0,1995262314968.8828
2022-09-02 22:00:00+00:00,1,6.1,6.1,89125093813374.4
2022-09-03 04:00:00+00:00,1,5.3,5.3,5623413251903.491
2022-09-03 06:00:00+00:00,1,5.1,5.1,2818382931264.449
2022-09-04 08:00:00+00:00,1,5.1,5.1,2818382931264.449
2022-09-04 09:00:00+00:00,1,6.9,6.9,1412537544622761.2
2022-09-04 14:00:00+00:00,1,5.2,5.2,3981071705534.9854
2022-09-04 19:00:00+00:00,1,5.2,5.2,3981071705534.9854
2022-09-04 20:00:00+00:00,1,5.4,5.4,7943282347242.8545
2022-09-04 21:00:00+00:00,1,5.1,5.1,2818382931264.449
2022-09-04 23:00:00+00:00,1,6.2,6.2,125892541179417.14
2022-09-05 04:00:00+00:00,1,6.6,6.6,501187233627271.44
2022-09-05 09:00:00+00:00,1,5.1,5.1,2818382931264.449
2022-09-05 11:00:00+00:00,1,5.3,5.3,5623413251903.491
2022-09-05 13:00:00+00:00,1,5.1,5.1,2818382931264.449
2022-09-06 07:00:00+00:00,1,5.2,5.2,3981071705534.9854
2022-09-06 08:00:00+00:00,1,5.9,5.9,44668359215096.53
2022-09-06 09:00:00+00:00,1,5.3,5.3,5623413251903.491
2022-09-06 12:00:00+00:00,1,5.7,5.7,22387211385683.47
2022-09-06 13:00:00+00:00,1,5.0,5.0,1995262314968.8828
2022-09-07 06:00:00+00:00,1,5.9,5.9,44668359215096.53
2022-09-07 18:00:00+00:00,2,5.25,5.4,10761665278507.305
2022-09-07 23:00:00+00:00,1,5.1,5.1,2818382931264.449
2022-09-08 04:00:00+00:00,1,5.2,5.2,3981071705534.9854
2022-09-08 07:00:00+00:00,3,5.266666666666667,5.5,18019639179819.086
2022-09-08 15:00:00+00:00,1,5.4,5.4,7943282347242.8545
2022-09-08 21:00:00+00:00,1,5.4,5.4,7943282347242.8545
2022-09-09 09:00:00+00:00,3,5.066666666666666,5.2,7971596335472.751
2022-09-09 12:00:00+00:00,1,5.0,5.0,1995262314968.8828
2022-09-09 13:00:00+00:00,1,5.2,5.2,3981071705534.9854
2022-09-09 17:00:00+00:00,1,5.2,5.2,3981071705534.9854
2022-09-09 18:00:00+00:00,1,5.0,5.0,1995262314968.8828
2022-09-09 23:00:00+00:00,3,5.7,6.2,172556162709482.56
2022-09-10 00:00:00+00:00,1,6.2,6.2,125892541179417.14
2022-09-10 11:00:00+00:00,1,5.4,5.4,7943282347242.8545
2022-09-10 23:00:00+00:00,3,6.433333333333334,7.6,1.593441487044481e+16
2022-09-11 00:00:00+00:00,1,5.0,5.0,1995262314968.8828
2022-09-11 04:00:00+00:00,1,5.4,5.4,7943282347242.8545
2022-09-11 09:00:00+00:00,1,5.5,5.5,11220184543019.652
2022-09-11 21:00:00+00:00,1,5.0,5.0,1995262314968.8828
2022-09-12 04:00:00+00:00,1,5.0,5.0,1995262314968.8828
2022-09-12 08:00:00+00:00,1,5.7,5.7,22387211385683.47
2022-09-12 15:00:00+00:00,1,5.0,5.0,1995262314968.8828
2022-09-13 00:00:00+00:00,1,5.2,5.2,3981071705534.9854
2022-09-13 03:00:00+00:00,1,5.0,5.0,1995262314968.8828
2022-09-13 18:00:00+00:00,2,5.15,5.2,6799454636799.435
2022-09-13 20:00:00+00:00,1,5.0,5.0,1995262314968.8828
2022-09-14 04:00:00+00:00,1,5.2,5.2,3981071705534.9854
2022-09-14 05:00:00+00:00,1,5.8,5.8,31622776601683.793
2022-09-14 08:00:00+00:00,1,5.3,5.3,5623413251903.491
2022-09-14 11:00:00+00:00,1,7.0,7.0,1995262314968882.8
2022-09-16 04:00:00+00:00,1,5.1,5.1,2818382931264.449
2022-09-16 16:00:00+00:00,1,5.1,5.1,2818382931264.449
2022-09-16 23:00:00+00:00,1,5.5,5.5,11220184543019.652
2022-09-17 00:00:00+00:00,1,5.0,5.0,1995262314968.8828
2022-09-17 05:00:00+00:00,1,5.3,5.3,5623413251903.491
2022-09-17 06:00:00+00:00,1,5.0,5.0,1995262314968.8828
2022-09-17 13:00:00+00:00,1,6.5,6.5,354813389233576.06
2022-09-17 14:00:00+00:00,2,5.3,5.5,14038567474284.102
2022-09-18 00:00:00+00:00,1,5.0,5.0,1995262314968.8828
2022-09-18 05:00:00+00:00,1,5.6,5.6,15848931924611.11
2022-09-18 06:00:00+00:00,3,5.733333333333333,6.9,1420156220189633.8
2022-09-18 08:00:00+00:00,3,5.366666666666667,5.7,30349354796753.438
2022-09-18 09:00:00+00:00,2,5.800000000000001,5.9,67055570600780.0
2022-09-18 10:00:00+00:00,1,5.0,5.0,1995262314968.8828
2022-09-19 02:00:00+00:00,1,5.5,5.5,11220184543019.652
2022-09-19 04:00:00+00:00,1,5.4,5.4,7943282347242.8545
2022-09-19 16:00:00+00:00,1,5.9,5.9,44668359215096.53
2022-09-19 17:00:00+00:00,1,5.3,5.3,5623413251903.491
2022-09-19 18:00:00+00:00,1,7.6,7.6,1.5848931924611108e+16
2022-09-19 19:00:00+00:00,1,5.3,5.3,5623413251903.491
2022-09-20 04:00:00+00:00,1,5.1,5.1,2818382931264.449
2022-09-20 07:00:00+00:00,1,5.0,5.0,1995262314968.8828
2022-09-20 08:00:00+00:00,2,5.449999999999999,5.8,34441159532948.242
2022-09-20 15:00:00+00:00,1,5.0,5.0,1995262314968.8828
2022-09-20 18:00:00+00:00,2,5.5,6.0,65090996762988.31
2022-09-20 22:00:00+00:00,1,5.0,5.0,1995262314968.8828
2022-09-21 07:00:00+00:00,1,5.0,5.0,1995262314968.8828
2022-09-21 09:00:00+00:00,1,5.7,5.7,22387211385683.47
2022-09-21 11:00:00+00:00,1,5.0,5.0,1995262314968.8828
2022-09-21 17:00:00+00:00,1,5.1,5.1,2818382931264.449
2022-09-21 22:00:00+00:00,1,5.0,5.0,1995262314968.8828
2022-09-22 01:00:00+00:00,1,5.1,5.1,2818382931264.449
2022-09-22 06:00:00+00:00,1,6.8,6.8,1000000000000000.0
2022-09-22 09:00:00+00:00,1,5.2,5.2,3981071705534.9854
2022-09-22 16:00:00+00:00,1,5.2,5.2,3981071705534.9854
2022-09-23 09:00:00+00:00,1,5.0,5.0,1995262314968.8828
2022-09-23 12:00:00+00:00,1,5.4,5.4,7943282347242.8545
2022-09-23 18:00:00+00:00,1,5.2,5.2,3981071705534.9854
2022-09-23 19:00:00+00:00,1,5.4,5.4,7943282347242.8545
2022-09-23 20:00:00+00:00,2,5.7,6.2,129873612884952.12
2022-09-23 22:00:00+00:00,1,6.1,6.1,89125093813374.4
2022-09-24 17:00:00+00:00,1,5.1,5.1,2818382931264.449
2022-09-24 19:00:00+00:00,1,5.0,5.0,1995262314968.8828
2022-09-24 21:00:00+00:00,1,5.0,5.0,1995262314968.8828
2022-09-25 11:00:00+00:00,1,5.1,5.1,2818382931264.449
2022-09-25 21:00:00+00:00,1,5.1,5.1,2818382931264.449
2022-09-26 09:00:00+00:00,1,5.8,5.8,31622776601683.793
2022-09-26 11:00:00+00:00,1,5.0,5.0,1995262314968.8828
2022-09-26 13:00:00+00:00,2,5.25,5.3,9604484957438.477
2022-09-26 16:00:00+00:00,1,5.0,5.0,1995262314968.8828
2022-09-26 20:00:00+00:00,1,5.4,5.4,7943282347242.8545
2022-09-26 21:00:00+00:00,1,5.1,5.1,2818382931264.449
2022-09-27 14:00:00+00:00,1,5.3,5.3,5623413251903.491
2022-09-28 01:00:00+00:00,2,5.300000000000001,5.4,11924354052777.84
2022-09-28 04:00:00+00:00,1,5.4,5.4,7943282347242.8545
2022-09-28 06:00:00+00:00,3,5.1000000000000005,5.2,8794716951768.317
2022-09-28 10:00:00+00:00,1,5.0,5.0,1995262314968.8828
2022-09-28 17:00:00+00:00,1,5.1,5.1,2818382931264.449
2022-09-28 19:00:00+00:00,1,5.2,5.2,3981071705534.9854
2022-09-28 21:00:00+00:00,1,5.1,5.1,2818382931264.449
2022-09-28 22:00:00+00:00,1,5.5,5.5,11220184543019.652
2022-09-29 00:00:00+00:00,1,5.0,5.0,1995262314968.8828
2022-09-29 02:00:00+00:00,1,5.2,5.2,3981071705534.9854
2022-09-29 03:00:00+00:00,1,6.5,6.5,354813389233576.06
2022-09-29 04:00:00+00:00,2,5.2,5.4,9938544662211.738
2022-09-29 09:00:00+00:00,1,5.1,5.1,2818382931264.449
2022-09-29 11:00:00+00:00,1,5.4,5.4,7943282347242.8545
2022-09-29 15:00:00+00:00,2,5.4,5.8,33618038916652.676
2022-09-29 22:00:00+00:00,2,5.65,5.7,38236143310294.58
2022-09-29 23:00:00+00:00,1,5.0,5.0,1995262314968.8828
2022-09-30 06:00:00+00:00,1,5.3,5.3,5623413251903.491
2022-09-30 11:00:00+00:00,1,5.0,5.0,1995262314968.8828
2022-09-30 17:00:00+00:00,1,5.2,5.2,3981071705534.9854
2022-09-30 19:00:00+00:00,2,5.45,5.9,46663621530065.414
2022-09-30 20:00:00+00:00,1,5.0,5.0,1995262314968.8828
2022-10-01 01:00:00+00:00,1,6.0,6.0,63095734448019.43
2022-10-01 03:00:00+00:00,1,5.1,5.1,2818382931264.449
2022-10-01 05:00:00+00:00,1,5.1,5.1,2818382931264.449
2022-10-01 15:00:00+00:00,1,5.7,5.7,22387211385683.47
2022-10-01 16:00:00+00:00,1,5.5,5.5,11220184543019.652
2022-10-02 01:00:00+00:00,1,5.0,5.0,1995262314968.8828
2022-10-02 02:00:00+00:00,1,5.4,5.4,7943282347242.8545
2022-10-02 04:00:00+00:00,1,5.4,5.4,7943282347242.8545
2022-10-02 07:00:00+00:00,1,5.7,5.7,22387211385683.47
2022-10-02 13:00:00+00:00,1,5.7,5.7,22387211385683.47
2022-10-02 19:00:00+00:00,1,5.7,5.7,22387211385683.47
2022-10-03 07:00:00+00:00,1,5.4,5.4,7943282347242.8545
2022-10-03 08:00:00+00:00,1,5.1,5.1,2818382931264.449
2022-10-03 18:00:00+00:00,1,5.0,5.0,1995262314968.8828
2022-10-04 22:00:00+00:00,1,5.1,5.1,2818382931264.449
2022-10-05 00:00:00+00:00,1,5.6,5.6,15848931924611.11
2022-10-05 08:00:00+00:00,1,5.8,5.8,31622776601683.793
2022-10-05 16:00:00+00:00,1,5.2,5.2,3981071705534.9854
2022-10-05 18:00:00+00:00,1,5.1,5.1,2818382931264.449
2022-10-06 02:00:00+00:00,1,5.1,5.1,2818382931264.449
2022-10-06 03:00:00+00:00,1,5.3,5.3,5623413251903.491
2022-10-06 16:00:00+00:00,1,5.3,5.3,5623413251903.491
2022-10-06 19:00:00+00:00,1,5.1,5.1,2818382931264.449
2022-10-07 09:00:00+00:00,1,5.5,5.5,11220184543019.652
2022-10-08 14:00:00+00:00,1,5.7,5.7,22387211385683.47
2022-10-08 17:00:00+00:00,1,5.1,5.1,2818382931264.449
2022-10-08 22:00:00+00:00,1,5.3,5.3,5623413251903.491
2022-10-09 16:00:00+00:00,1,6.2,6.2,125892541179417.14
2022-10-09 21:00:00+00:00,1,5.4,5.4,7943282347242.8545
2022-10-09 22:00:00+00:00,1,5.4,5.4,7943282347242.8545
2022-10-10 16:00:00+00:00,1,5.0,5.0,1995262314968.8828
2022-10-10 17:00:00+00:00,1,5.4,5.4,7943282347242.8545
2022-10-10 19:00:00+00:00,1,5.5,5.5,11220184543019.652
2022-10-10 23:00:00+00:00,1,5.0,5.0,1995262314968.8828
2022-10-11 11:00:00+00:00,1,5.1,5.1,2818382931264.449
2022-10-11 13:00:00+00:00,1,5.3,5.3,5623413251903.491
2022-10-11 15:00:00+00:00,1,5.0,5.0,1995262314968.8828
2022-10-12 08:00:00+00:00,1,5.1,5.1,2818382931264.449
2022-10-12 09:00:00+00:00,1,5.0,5.0,1995262314968.8828
2022-10-12 13:00:00+00:00,1,5.0,5.0,1995262314968.8828
2022-10-13 06:00:00+00:00,1,5.0,5.0,1995262314968.8828
2022-10-13 14:00:00+00:00,1,5.0,5.0,1995262314968.8828
2022-10-13 22:00:00+00:00,1,6.4,6.4,251188643150959.25
2022-10-14 10:00:00+00:00,1,5.4,5.4,7943282347242.8545
2022-10-14 19:00:00+00:00,1,5.02,5.02,2137962089502.2236
2022-10-14 20:00:00+00:00,1,5.4,5.4,7943282347242.8545
2022-10-14 21:00:00+00:00,1,5.3,5.3,5623413251903.491
2022-10-15 00:00:00+00:00,1,5.2,5.2,3981071705534.9854
2022-10-15 01:00:00+00:00,1,5.1,5.1,2818382931264.449
2022-10-15 02:00:00+00:00,1,5.2,5.2,3981071705534.9854
2022-10-15 15:00:00+00:00,1,5.0,5.0,1995262314968.8828
2022-10-15 18:00:00+00:00,2,5.15,5.2,6799454636799.435
2022-10-16 12:00:00+00:00,1,6.3,6.3,177827941003892.28
2022-10-17 08:00:00+00:00,1,5.0,5.0,1995262314968.8828
2022-10-17 13:00:00+00:00,3,5.066666666666666,5.2,7971596335472.751
2022-10-18 07:00:00+00:00,1,5.0,5.0,1995262314968.8828
2022-10-18 11:00:00+00:00,1,5.0,5.0,1995262314968.8828
2022-10-19 04:00:00+00:00,2,5.199999999999999,5.3,8441796183167.94
2022-10-19 05:00:00+00:00,1,5.2,5.2,3981071705534.9854
2022-10-19 08:00:00+00:00,1,5.5,5.5,11220184543019.652
2022-10-19 14:00:00+00:00,1,5.0,5.0,1995262314968.8828
2022-10-19 15:00:00+00:00,1,5.8,5.8,31622776601683.793
2022-10-20 05:00:00+00:00,1,5.2,5.2,3981071705534.9854
2022-10-20 06:00:00+00:00,2,5.25,5.4,10761665278507.305
2022-10-20 09:00:00+00:00,1,5.1,5.1,2818382931264.449
2022-10-20 11:00:00+00:00,1,6.7,6.7,707945784384140.2
2022-10-21 03:00:00+00:00,1,5.0,5.0,1995262314968.8828
2022-10-21 09:00:00+00:00,1,5.0,5.0,1995262314968.8828
2022-10-22 05:00:00+00:00,1,5.3,5.3,5623413251903.491
2022-10-22 12:00:00+00:00,1,5.0,5.0,1995262314968.8828
2022-10-22 19:00:00+00:00,1,5.0,5.0,1995262314968.8828
2022-10-22 21:00:00+00:00,1,5.0,5.0,1995262314968.8828
2022-10-22 23:00:00+00:00,1,5.0,5.0,1995262314968.8828
2022-10-23 02:00:00+00:00,2,5.1,5.1,5636765862528.898
2022-10-23 15:00:00+00:00,1,5.1,5.1,2818382931264.449
2022-10-24 02:00:00+00:00,1,5.3,5.3,5623413251903.491
2022-10-24 05:00:00+00:00,1,5.0,5.0,1995262314968.8828
2022-10-24 07:00:00+00:00,1,5.7,5.7,22387211385683.47
2022-10-24 15:00:00+00:00,2,5.1,5.2,5976334020503.868
2022-10-24 16:00:00+00:00,1,5.3,5.3,5623413251903.491
2022-10-25 00:00:00+00:00,1,6.3,6.3,177827941003892.28
2022-10-25 13:00:00+00:00,1,5.1,5.1,2818382931264.449
2022-10-25 14:00:00+00:00,1,6.4,6.4,251188643150959.25
2022-10-25 18:00:00+00:00,1,5.06,5.06,2454708915685.0337
2022-10-26 07:00:00+00:00,2,5.199999999999999,5.3,8441796183167.94
2022-10-26 23:00:00+00:00,1,5.2,5.2,3981071705534.9854
2022-10-27 01:00:00+00:00,1,5.2,5.2,3981071705534.9854
2022-10-27 04:00:00+00:00,1,5.0,5.0,1995262314968.8828
2022-10-27 08:00:00+00:00,1,5.0,5.0,1995262314968.8828
2022-10-27 10:00:00+00:00,1,5.2,5.2,3981071705534.9854
2022-10-27 13:00:00+00:00,1,5.0,5.0,1995262314968.8828
2022-10-27 15:00:00+00:00,1,5.1,5.1,2818382931264.449
2022-10-28 03:00:00+00:00,1,5.5,5.5,11220184543019.652
2022-10-28 20:00:00+00:00,1,5.9,5.9,44668359215096.53
2022-10-28 22:00:00+00:00,1,5.2,5.2,3981071705534.9854
2022-10-28 23:00:00+00:00,1,5.2,5.2,3981071705534.9854
2022-10-29 00:00:00+00:00,1,5.8,5.8,31622776601683.793
2022-10-29 11:00:00+00:00,1,5.1,5.1,2818382931264.449
2022-10-29 17:00:00+00:00,1,5.4,5.4,7943282347242.8545
2022-10-29 18:00:00+00:00,1,5.0,5.0,1995262314968.8828
2022-10-29 19:00:00+00:00,1,5.1,5.1,2818382931264.449
2022-10-29 20:00:00+00:00,2,5.25,5.4,10761665278507.305
2022-10-30 18:00:00+00:00,1,5.2,5.2,3981071705534.9854
2022-10-30 22:00:00+00:00,1,5.2,5.2,3981071705534.9854
2022-10-31 08:00:00+00:00,1,5.8,5.8,31622776601683.793
2022-10-31 13:00:00+00:00,3,5.233333333333333,5.6,20662577170844.44
2022-10-31 14:00:00+00:00,1,5.0,5.0,1995262314968.8828
2022-10-31 21:00:00+00:00,1,5.5,5.5,11220184543019.652
2022-11-01 08:00:00+00:00,1,5.0,5.0,1995262314968.8828
2022-11-01 13:00:00+00:00,1,5.0,5.0,1995262314968.8828
2022-11-01 22:00:00+00:00,1,5.0,5.0,1995262314968.8828
2022-11-01 23:00:00+00:00,1,5.1,5.1,2818382931264.449
2022-11-02 02:00:00+00:00,1,5.3,5.3,5623413251903.491
2022-11-02 04:00:00+00:00,1,6.0,6.0,63095734448019.43
2022-11-02 13:00:00+00:00,1,5.0,5.0,1995262314968.8828
2022-11-02 14:00:00+00:00,1,6.1,6.1,89125093813374.4
2022-11-03 04:00:00+00:00,1,5.1,5.1,2818382931264.449
2022-11-03 18:00:00+00:00,1,5.3,5.3,5623413251903.491
2022-11-03 20:00:00+00:00,2,5.45,5.5,19163466890262.508
2022-11-04 04:00:00+00:00,1,5.7,5.7,22387211385683.47
2022-11-04 10:00:00+00:00,1,6.1,6.1,89125093813374.4
2022-11-04 14:00:00+00:00,1,5.0,5.0,1995262314968.8828
2022-11-05 00:00:00+00:00,1,5.3,5.3,5623413251903.491
2022-11-05 07:00:00+00:00,2,5.0,5.0,3990524629937.7656
2022-11-05 08:00:00+00:00,1,5.0,5.0,1995262314968.8828
2022-11-05 12:00:00+00:00,1,5.1,5.1,2818382931264.449
2022-11-05 15:00:00+00:00,1,5.1,5.1,2818382931264.449
2022-11-05 18:00:00+00:00,1,5.1,5.1,2818382931264.449
2022-11-06 00:00:00+00:00,1,5.6,5.6,15848931924611.11
2022-11-06 02:00:00+00:00,1,5.0,5.0,1995262314968.8828
2022-11-06 03:00:00+00:00,1,5.2,5.2,3981071705534.9854
2022-11-06 04:00:00+00:00,1,5.2,5.2,3981071705534.9854
2022-11-06 07:00:00+00:00,1,5.0,5.0,1995262314968.8828
2022-11-06 10:00:00+00:00,1,5.1,5.1,2818382931264.449
2022-11-06 19:00:00+00:00,1,5.1,5.1,2818382931264.449
2022-11-07 03:00:00+00:00,1,5.1,5.1,2818382931264.449
2022-11-07 05:00:00+00:00,1,5.2,5.2,3981071705534.9854
2022-11-07 10:00:00+00:00,1,5.0,5.0,1995262314968.8828
2022-11-08 01:00:00+00:00,1,5.2,5.2,3981071705534.9854
2022-11-08 08:00:00+00:00,1,5.0,5.0,1995262314968.8828
2022-11-08 11:00:00+00:00,1,5.0,5.0,1995262314968.8828
2022-11-08 14:00:00+00:00,1,5.2,5.2,3981071705534.9854
2022-11-08 20:00:00+00:00,1,5.7,5.7,22387211385683.47
2022-11-09 01:00:00+00:00,1,5.1,5.1,2818382931264.449
2022-11-09 03:00:00+00:00,1,5.0,5.0,1995262314968.8828
2022-11-09 06:00:00+00:00,1,5.6,5.6,15848931924611.11
2022-11-09 09:00:00+00:00,2,6.9,7.0,2995262314968883.0
2022-11-09 10:00:00+00:00,1,6.6,6.6,501187233627271.44
2022-11-09 17:00:00+00:00,1,5.1,5.1,2818382931264.449
2022-11-10 05:00:00+00:00,1,5.5,5.5,11220184543019.652
2022-11-10 10:00:00+00:00,1,5.2,5.2,3981071705534.9854
2022-11-11 10:00:00+00:00,1,7.3,7.3,5623413251903491.0
2022-11-11 11:00:00+00:00,2,5.05,5.1,4813645246233.332
2022-11-11 14:00:00+00:00,1,5.3,5.3,5623413251903.491
2022-11-11 15:00:00+00:00,1,5.0,5.0,1995262314968.8828
2022-11-11 17:00:00+00:00,1,5.3,5.3,5623413251903.491
2022-11-12 04:00:00+00:00,1,5.8,5.8,31622776601683.793
2022-11-12 07:00:00+00:00,2,6.05,7.0,1998080697900147.2
2022-11-12 10:00:00+00:00,1,5.1,5.1,2818382931264.449
2022-11-12 13:00:00+00:00,1,5.2,5.2,3981071705534.9854
2022-11-12 14:00:00+00:00,1,5.2,5.2,3981071705534.9854
2022-11-13 01:00:00+00:00,1,5.2,5.2,3981071705534.9854
2022-11-13 02:00:00+00:00,2,5.95,6.2,148279752565100.62
2022-11-13 08:00:00+00:00,1,5.1,5.1,2818382931264.449
2022-11-13 15:00:00+00:00,1,5.2,5.2,3981071705534.9854
2022-11-13 22:00:00+00:00,1,5.0,5.0,1995262314968.8828
2022-11-14 01:00:00+00:00,1,5.1,5.1,2818382931264.449
2022-11-14 05:00:00+00:00,1,6.1,6.1,89125093813374.4
2022-11-14 08:00:00+00:00,1,6.1,6.1,89125093813374.4
2022-11-14 15:00:00+00:00,1,5.6,5.6,15848931924611.11
2022-11-15 07:00:00+00:00,1,5.0,5.0,1995262314968.8828
2022-11-15 21:00:00+00:00,2,5.2,5.2,7962143411069.971
2022-11-16 06:00:00+00:00,1,5.5,5.5,11220184543019.652
2022-11-16 09:00:00+00:00,1,5.1,5.1,2818382931264.449
2022-11-16 21:00:00+00:00,1,5.4,5.4,7943282347242.8545
2022-11-16 22:00:00+00:00,1,5.8,5.8,31622776601683.793
2022-11-17 04:00:00+00:00,2,5.0,5.0,3990524629937.7656
2022-11-17 06:00:00+00:00,1,5.1,5.1,2818382931264.449
2022-11-17 11:00:00+00:00,2,5.25,5.5,13215446857988.535
2022-11-17 13:00:00+00:00,1,5.0,5.0,1995262314968.8828
2022-11-18 06:00:00+00:00,1,5.1,5.1,2818382931264.449
2022-11-18 11:00:00+00:00,1,5.0,5.0,1995262314968.8828
2022-11-18 13:00:00+00:00,1,6.9,6.9,1412537544622761.2
2022-11-18 14:00:00+00:00,1,5.4,5.4,7943282347242.8545
2022-11-19 00:00:00+00:00,1,5.5,5.5,11220184543019.652
2022-11-19 02:00:00+00:00,1,5.0,5.0,1995262314968.8828
2022-11-19 14:00:00+00:00,1,5.0,5.0,1995262314968.8828
2022-11-19 17:00:00+00:00,1,5.3,5.3,5623413251903.491
2022-11-19 18:00:00+00:00,1,5.0,5.0,1995262314968.8828
2022-11-19 20:00:00+00:00,1,5.1,5.1,2818382931264.449
2022-11-20 06:00:00+00:00,1,5.0,5.0,1995262314968.8828
2022-11-20 13:00:00+00:00,1,5.1,5.1,2818382931264.449
2022-11-20 23:00:00+00:00,1,5.5,5.5,11220184543019.652
2022-11-21 04:00:00+00:00,1,5.3,5.3,5623413251903.491
2022-11-21 06:00:00+00:00,1,5.6,5.6,15848931924611.11
2022-11-21 10:00:00+00:00,1,5.2,5.2,3981071705534.9854
2022-11-21 15:00:00+00:00,2,5.35,5.5,15201256248554.637
2022-11-21 21:00:00+00:00,1,5.2,5.2,3981071705534.9854
2022-11-21 22:00:00+00:00,1,5.1,5.1,2818382931264.449
2022-11-22 02:00:00+00:00,8,5.6125,7.0,2105304255208956.5
2022-11-22 04:00:00+00:00,1,5.0,5.0,1995262314968.8828
2022-11-22 06:00:00+00:00,2,5.1,5.1,5636765862528.898
2022-11-22 08:00:00+00:00,1,5.1,5.1,2818382931264.449
2022-11-22 12:00:00+00:00,2,5.25,5.3,9604484957438.477
2022-11-22 16:00:00+00:00,2,5.7,6.2,129873612884952.12
2022-11-22 21:00:00+00:00,1,5.5,5.5,11220184543019.652
2022-11-23 01:00:00+00:00,1,6.1,6.1,89125093813374.4
2022-11-23 07:00:00+00:00,2,5.0,5.0,3990524629937.7656
2022-11-23 16:00:00+00:00,1,5.2,5.2,3981071705534.9854
2022-11-23 17:00:00+00:00,1,5.2,5.2,3981071705534.9854
2022-11-23 20:00:00+00:00,1,5.1,5.1,2818382931264.449
2022-11-24 02:00:00+00:00,1,5.1,5.1,2818382931264.449
2022-11-24 09:00:00+00:00,1,5.3,5.3,5623413251903.491
2022-11-24 13:00:00+00:00,1,5.0,5.0,1995262314968.8828
2022-11-24 15:00:00+00:00,3,5.1,5.1,8455148793793.348
2022-11-24 22:00:00+00:00,1,5.0,5.0,1995262314968.8828
2022-11-25 03:00:00+00:00,1,5.0,5.0,1995262314968.8828
2022-11-25 11:00:00+00:00,1,5.0,5.0,1995262314968.8828
2022-11-25 13:00:00+00:00,2,5.4,5.7,25205594316947.918
2022-11-25 23:00:00+00:00,1,5.0,5.0,1995262314968.8828
2022-11-26 06:00:00+00:00,2,5.35,5.6,18667314855875.56
2022-11-26 18:00:00+00:00,1,5.0,5.0,1995262314968.8828
2022-11-26 22:00:00+00:00,1,5.1,5.1,2818382931264.449
2022-11-27 01:00:00+00:00,1,5.0,5.0,1995262314968.8828
2022-11-27 02:00:00+00:00,1,5.5,5.5,11220184543019.652
2022-11-27 04:00:00+00:00,3,5.133333333333334,5.4,11933806977180.621
2022-11-27 10:00:00+00:00,1,5.1,5.1,2818382931264.449
2022-11-27 14:00:00+00:00,1,5.5,5.5,11220184543019.652
2022-11-27 20:00:00+00:00,1,5.0,5.0,1995262314968.8828
2022-11-28 02:00:00+00:00,2,5.45,5.9,46663621530065.414
2022-11-28 09:00:00+00:00,1,5.4,5.4,7943282347242.8545
2022-11-28 22:00:00+00:00,1,5.0,5.0,1995262314968.8828
2022-11-29 05:00:00+00:00,1,5.1,5.1,2818382931264.449
2022-11-29 07:00:00+00:00,1,5.2,5.2,3981071705534.9854
2022-11-29 13:00:00+00:00,1,5.1,5.1,2818382931264.449
2022-11-29 15:00:00+00:00,2,5.3,5.5,14038567474284.102
2022-11-29 16:00:00+00:00,1,5.0,5.0,1995262314968.8828
2022-11-29 19:00:00+00:00,1,5.0,5.0,1995262314968.8828
2022-11-29 23:00:00+00:00,1,5.5,5.5,11220184543019.652
2022-11-30 00:00:00+00:00,1,5.3,5.3,5623413251903.491
2022-11-30 01:00:00+00:00,1,5.2,5.2,3981071705534.9854
2022-11-30 03:00:00+00:00,1,5.0,5.0,1995262314968.8828
2022-11-30 10:00:00+00:00,1,5.3,5.3,5623413251903.491
2022-11-30 15:00:00+00:00,1,5.7,5.7,22387211385683.47
2022-12-01 08:00:00+00:00,1,5.1,5.1,2818382931264.449
2022-12-01 11:00:00+00:00,1,5.4,5.4,7943282347242.8545
2022-12-01 13:00:00+00:00,1,5.1,5.1,2818382931264.449
2022-12-02 05:00:00+00:00,1,5.1,5.1,2818382931264.449
2022-12-02 08:00:00+00:00,1,5.0,5.0,1995262314968.8828
2022-12-02 12:00:00+00:00,1,5.6,5.6,15848931924611.11
2022-12-03 03:00:00+00:00,1,5.0,5.0,1995262314968.8828
2022-12-03 09:00:00+00:00,1,5.6,5.6,15848931924611.11
2022-12-03 11:00:00+00:00,1,5.0,5.0,1995262314968.8828
2022-12-04 03:00:00+00:00,1,5.0,5.0,1995262314968.8828
2022-12-04 09:00:00+00:00,1,5.5,5.5,11220184543019.652
2022-12-04 11:00:00+00:00,1,5.4,5.4,7943282347242.8545
2022-12-04 19:00:00+00:00,2,6.15,6.8,1011220184543019.6
2022-12-04 20:00:00+00:00,1,5.0,5.0,1995262314968.8828
2022-12-04 21:00:00+00:00,1,5.0,5.0,1995262314968.8828
2022-12-04 23:00:00+00:00,1,5.0,5.0,1995262314968.8828
2022-12-05 02:00:00+00:00,1,5.1,5.1,2818382931264.449
2022-12-05 05:00:00+00:00,1,5.8,5.8,31622776601683.793
2022-12-05 14:00:00+00:00,1,5.4,5.4,7943282347242.8545
2022-12-05 16:00:00+00:00,2,5.35,5.6,18667314855875.56
2022-12-05 18:00:00+00:00,1,5.5,5.5,11220184543019.652
2022-12-06 05:00:00+00:00,1,5.5,5.5,11220184543019.652
2022-12-06 06:00:00+00:00,1,5.9,5.9,44668359215096.53
2022-12-06 08:00:00+00:00,1,5.0,5.0,1995262314968.8828
2022-12-06 09:00:00+00:00,1,5.5,5.5,11220184543019.652
2022-12-06 10:00:00+00:00,1,5.3,5.3,5623413251903.491
2022-12-07 04:00:00+00:00,1,5.0,5.0,1995262314968.8828
2022-12-07 05:00:00+00:00,1,5.2,5.2,3981071705534.9854
2022-12-07 06:00:00+00:00,1,5.0,5.0,1995262314968.8828
2022-12-07 08:00:00+00:00,1,5.0,5.0,1995262314968.8828
2022-12-07 16:00:00+00:00,1,5.2,5.2,3981071705534.9854
2022-12-07 20:00:00+00:00,1,5.4,5.4,7943282347242.8545
2022-12-08 00:00:00+00:00,1,5.8,5.8,31622776601683.793
2022-12-08 04:00:00+00:00,1,5.0,5.0,1995262314968.8828
2022-12-08 06:00:00+00:00,1,5.5,5.5,11220184543019.652
2022-12-08 10:00:00+00:00,1,5.5,5.5,11220184543019.652
2022-12-08 12:00:00+00:00,1,5.4,5.4,7943282347242.8545
2022-12-08 14:00:00+00:00,1,5.6,5.6,15848931924611.11
2022-12-08 23:00:00+00:00,1,5.0,5.0,1995262314968.8828
2022-12-09 04:00:00+00:00,1,5.2,5.2,3981071705534.9854
2022-12-09 06:00:00+00:00,1,5.8,5.8,31622776601683.793
2022-12-09 08:00:00+00:00,1,5.1,5.1,2818382931264.449
2022-12-09 17:00:00+00:00,1,5.3,5.3,5623413251903.491
2022-12-09 20:00:00+00:00,1,5.6,5.6,15848931924611.11
2022-12-10 06:00:00+00:00,1,5.6,5.6,15848931924611.11
2022-12-10 07:00:00+00:00,1,5.4,5.4,7943282347242.8545
2022-12-10 12:00:00+00:00,1,5.0,5.0,1995262314968.8828
2022-12-10 22:00:00+00:00,2,5.15,5.2,6799454636799.435
2022-12-11 06:00:00+00:00,1,5.6,5.6,15848931924611.11
2022-12-11 14:00:00+00:00,1,6.0,6.0,63095734448019.43
2022-12-11 15:00:00+00:00,1,5.0,5.0,1995262314968.8828
2022-12-11 18:00:00+00:00,1,5.0,5.0,1995262314968.8828
2022-12-12 01:00:00+00:00,1,5.0,5.0,1995262314968.8828
2022-12-12 18:00:00+00:00,1,5.5,5.5,11220184543019.652
2022-12-13 10:00:00+00:00,1,5.2,5.2,3981071705534.9854
2022-12-13 12:00:00+00:00,1,5.4,5.4,7943282347242.8545
2022-12-13 14:00:00+00:00,2,5.35,5.6,18667314855875.56
2022-12-14 06:00:00+00:00,1,5.6,5.6,15848931924611.11
2022-12-14 18:00:00+00:00,1,6.3,6.3,177827941003892.28
2022-12-15 04:00:00+00:00,1,5.9,5.9,44668359215096.53
2022-12-15 06:00:00+00:00,1,5.1,5.1,2818382931264.449
2022-12-15 09:00:00+00:00,1,5.2,5.2,3981071705534.9854
2022-12-15 14:00:00+00:00,2,5.4,5.6,19830003630146.094
2022-12-15 15:00:00+00:00,1,5.0,5.0,1995262314968.8828
2022-12-16 10:00:00+00:00,2,5.1,5.2,5976334020503.868
2022-12-16 11:00:00+00:00,1,5.0,5.0,1995262314968.8828
2022-12-16 23:00:00+00:00,1,5.2,5.2,3981071705534.9854
2022-12-17 09:00:00+00:00,1,5.3,5.3,5623413251903.491
2022-12-17 12:00:00+00:00,1,5.1,5.1,2818382931264.449
2022-12-17 18:00:00+00:00,1,5.6,5.6,15848931924611.11
2022-12-17 21:00:00+00:00,1,5.0,5.0,1995262314968.8828
2022-12-18 07:00:00+00:00,1,5.1,5.1,2818382931264.449
2022-12-18 13:00:00+00:00,1,5.2,5.2,3981071705534.9854
2022-12-19 04:00:00+00:00,1,5.0,5.0,1995262314968.8828
2022-12-19 05:00:00+00:00,1,5.1,5.1,2818382931264.449
2022-12-19 09:00:00+00:00,1,5.0,5.0,1995262314968.8828
2022-12-20 02:00:00+00:00,1,5.3,5.3,5623413251903.491
2022-12-20 06:00:00+00:00,1,5.2,5.2,3981071705534.9854
2022-12-20 10:00:00+00:00,1,6.4,6.4,251188643150959.25
2022-12-20 12:00:00+00:00,2,5.2,5.2,7962143411069.971
2022-12-20 16:00:00+00:00,1,5.6,5.6,15848931924611.11
2022-12-20 23:00:00+00:00,1,5.3,5.3,5623413251903.491
2022-12-21 04:00:00+00:00,1,5.4,5.4,7943282347242.8545
2022-12-21 05:00:00+00:00,1,5.1,5.1,2818382931264.449
2022-12-21 11:00:00+00:00,1,5.3,5.3,5623413251903.491
2022-12-21 16:00:00+00:00,1,5.3,5.3,5623413251903.491
2022-12-21 21:00:00+00:00,1,5.1,5.1,2818382931264.449
2022-12-22 08:00:00+00:00,1,5.1,5.1,2818382931264.449
2022-12-22 13:00:00+00:00,1,5.5,5.5,11220184543019.652
2022-12-22 16:00:00+00:00,1,5.0,5.0,1995262314968.8828
2022-12-23 08:00:00+00:00,1,5.8,5.8,31622776601683.793
2022-12-23 20:00:00+00:00,1,5.2,5.2,3981071705534.9854
2022-12-24 04:00:00+00:00,2,5.0,5.0,3990524629937.7656
2022-12-24 08:00:00+00:00,1,5.5,5.5,11220184543019.652
2022-12-24 13:00:00+00:00,1,5.3,5.3,5623413251903.491
2022-12-24 20:00:00+00:00,2,5.0,5.0,3990524629937.7656
2022-12-25 05:00:00+00:00,1,5.1,5.1,2818382931264.449
2022-12-25 10:00:00+00:00,1,5.2,5.2,3981071705534.9854
2022-12-25 11:00:00+00:00,1,5.1,5.1,2818382931264.449
2022-12-25 19:00:00+00:00,2,5.2,5.4,9938544662211.738
2022-12-26 03:00:00+00:00,1,5.0,5.0,1995262314968.8828
2022-12-26 05:00:00+00:00,1,5.5,5.5,11220184543019.652
2022-12-26 09:00:00+00:00,1,5.1,5.1,2818382931264.449
2022-12-26 12:00:00+00:00,2,5.25,5.5,13215446857988.535
2022-12-26 23:00:00+00:00,1,5.0,5.0,1995262314968.8828
2022-12-27 01:00:00+00:00,1,5.5,5.5,11220184543019.652
2022-12-28 03:00:00+00:00,1,5.0,5.0,1995262314968.8828
2022-12-28 07:00:00+00:00,1,5.2,5.2,3981071705534.9854
2022-12-28 12:00:00+00:00,1,5.0,5.0,1995262314968.8828
2022-12-28 16:00:00+00:00,2,5.6,6.1,91943476744638.86
2022-12-28 17:00:00+00:00,1,5.1,5.1,2818382931264.449
2022-12-28 21:00:00+00:00,1,5.3,5.3,5623413251903.491
2022-12-29 00:00:00+00:00,1,5.1,5.1,2818382931264.449
2022-12-29 06:00:00+00:00,1,5.0,5.0,1995262314968.8828
2022-12-29 13:00:00+00:00,1,5.2,5.2,3981071705534.9854
2022-12-29 23:00:00+00:00,1,5.3,5.3,5623413251903.491
2022-12-30 04:00:00+00:00,2,5.0,5.0,3990524629937.7656
2022-12-30 05:00:00+00:00,1,5.3,5.3,5623413251903.491
2022-12-30 09:00:00+00:00,1,5.4,5.4,7943282347242.8545
2022-12-30 12:00:00+00:00,1,5.0,5.0,1995262314968.8828
2022-12-30 21:00:00+00:00,2,5.2,5.2,7962143411069.971
2022-12-31 03:00:00+00:00,1,5.1,5.1,2818382931264.449
2023-01-01 03:00:00+00:00,1,5.4,5.4,7943282347242.8545
2023-01-01 07:00:00+00:00,1,5.2,5.2,3981071705534.9854
2023-01-01 16:00:00+00:00,1,5.1,5.1,2818382931264.449
2023-01-01 18:00:00+00:00,3,5.55,5.8,49526400320389.58
2023-01-02 07:00:00+00:00,1,5.3,5.3,5623413251903.491
2023-01-02 10:00:00+00:00,1,5.0,5.0,1995262314968.8828
2023-01-02 18:00:00+00:00,1,5.3,5.3,5623413251903.491
2023-01-02 19:00:00+00:00,1,5.2,5.2,3981071705534.9854
2023-01-02 23:00:00+00:00,1,5.2,5.2,3981071705534.9854
2023-01-03 07:00:00+00:00,1,5.1,5.1,2818382931264.449
2023-01-03 11:00:00+00:00,1,5.1,5.1,2818382931264.449
2023-01-03 12:00:00+00:00,1,5.1,5.1,2818382931264.449
2023-01-03 13:00:00+00:00,1,5.5,5.5,11220184543019.652
2023-01-03 14:00:00+00:00,1,5.6,5.6,15848931924611.11
2023-01-03 16:00:00+00:00,1,5.0,5.0,1995262314968.8828
2023-01-03 18:00:00+00:00,1,5.5,5.5,11220184543019.652
2023-01-03 21:00:00+00:00,1,5.3,5.3,5623413251903.491
2023-01-03 23:00:00+00:00,1,5.0,5.0,1995262314968.8828
2023-01-04 02:00:00+00:00,2,5.2,5.4,9938544662211.738
2023-01-04 12:00:00+00:00,1,5.1,5.1,2818382931264.449
2023-01-04 23:00:00+00:00,1,5.1,5.1,2818382931264.449
2023-01-05 07:00:00+00:00,1,5.3,5.3,5623413251903.491
2023-01-05 14:00:00+00:00,1,6.0,6.0,63095734448019.43
2023-01-05 15:00:00+00:00,1,5.2,5.2,3981071705534.9854
2023-01-06 05:00:00+00:00,1,5.4,5.4,7943282347242.8545
2023-01-06 11:00:00+00:00,1,5.9,5.9,44668359215096.53
2023-01-07 15:00:00+00:00,1,5.1,5.1,2818382931264.449
2023-01-08 12:00:00+00:00,1,7.0,7.0,1995262314968882.8
2023-01-08 17:00:00+00:00,1,5.0,5.0,1995262314968.8828
2023-01-09 01:00:00+00:00,2,5.1,5.2,5976334020503.868
2023-01-09 06:00:00+00:00,1,5.0,5.0,1995262314968.8828
2023-01-09 12:00:00+00:00,1,5.3,5.3,5623413251903.491
2023-01-09 17:00:00+00:00,1,7.6,7.6,1.5848931924611108e+16
2023-01-09 18:00:00+00:00,1,5.4,5.4,7943282347242.8545
2023-01-09 21:00:00+00:00,1,5.0,5.0,1995262314968.8828
2023-01-10 05:00:00+00:00,1,5.7,5.7,22387211385683.47
2023-01-10 08:00:00+00:00,1,5.0,5.0,1995262314968.8828
2023-01-10 19:00:00+00:00,2,5.05,5.1,4813645246233.332
2023-01-11 08:00:00+00:00,1,5.8,5.8,31622776601683.793
2023-01-11 10:00:00+00:00,1,5.0,5.0,1995262314968.8828
2023-01-11 11:00:00+00:00,2,5.3,5.6,17844194239579.992
2023-01-11 16:00:00+00:00,2,5.4,5.8,33618038916652.676
2023-01-12 05:00:00+00:00,1,5.1,5.1,2818382931264.449
2023-01-12 06:00:00+00:00,1,5.5,5.5,11220184543019.652
2023-01-12 10:00:00+00:00,1,5.1,5.1,2818382931264.449
2023-01-12 11:00:00+00:00,1,5.3,5.3,5623413251903.491
2023-01-12 12:00:00+00:00,1,5.2,5.2,3981071705534.9854
2023-01-12 16:00:00+00:00,1,5.5,5.5,11220184543019.652
2023-01-13 01:00:00+00:00,1,5.0,5.0,1995262314968.8828
2023-01-13 22:00:00+00:00,1,5.3,5.3,5623413251903.491
2023-01-14 14:00:00+00:00,1,5.1,5.1,2818382931264.449
2023-01-15 04:00:00+00:00,1,5.2,5.2,3981071705534.9854
2023-01-15 05:00:00+00:00,1,5.2,5.2,3981071705534.9854
2023-01-15 11:00:00+00:00,1,5.0,5.0,1995262314968.8828
2023-01-15 12:00:00+00:00,1,5.6,5.6,15848931924611.11
2023-01-15 17:00:00+00:00,1,5.0,5.0,1995262314968.8828
2023-01-15 22:00:00+00:00,1,6.1,6.1,89125093813374.4
2023-01-15 23:00:00+00:00,1,5.2,5.2,3981071705534.9854
2023-01-16 04:00:00+00:00,2,5.65,6.3,179823203318861.16
2023-01-16 21:00:00+00:00,1,5.1,5.1,2818382931264.449
2023-01-16 23:00:00+00:00,1,5.0,5.0,1995262314968.8828
2023-01-17 04:00:00+00:00,1,5.0,5.0,1995262314968.8828
2023-01-17 17:00:00+00:00,1,5.1,5.1,2818382931264.449
2023-01-17 20:00:00+00:00,1,5.0,5.0,1995262314968.8828
2023-01-17 21:00:00+00:00,1,5.1,5.1,2818382931264.449
2023-01-18 00:00:00+00:00,1,6.0,6.0,63095734448019.43
2023-01-18 04:00:00+00:00,1,5.0,5.0,1995262314968.8828
2023-01-18 06:00:00+00:00,2,6.05,7.0,1998080697900147.2
2023-01-18 08:00:00+00:00,1,5.5,5.5,11220184543019.652
2023-01-18 10:00:00+00:00,1,5.7,5.7,22387211385683.47
2023-01-18 11:00:00+00:00,1,5.0,5.0,1995262314968.8828
2023-01-18 15:00:00+00:00,1,5.1,5.1,2818382931264.449
2023-01-18 16:00:00+00:00,1,5.1,5.1,2818382931264.449
2023-01-19 11:00:00+00:00,1,5.1,5.1,2818382931264.449
2023-01-19 17:00:00+00:00,1,5.0,5.0,1995262314968.8828
2023-01-20 05:00:00+00:00,1,5.0,5.0,1995262314968.8828
2023-01-20 11:00:00+00:00,1,6.1,6.1,89125093813374.4
2023-01-20 12:00:00+00:00,1,5.4,5.4,7943282347242.8545
2023-01-20 17:00:00+00:00,1,5.0,5.0,1995262314968.8828
2023-01-20 22:00:00+00:00,1,6.8,6.8,1000000000000000.0
2023-01-21 03:00:00+00:00,1,5.1,5.1,2818382931264.449
2023-01-21 19:00:00+00:00,2,5.5,5.7,28010624637586.96
2023-01-21 20:00:00+00:00,1,5.1,5.1,2818382931264.449
2023-01-21 22:00:00+00:00,1,5.3,5.3,5623413251903.491
2023-01-22 02:00:00+00:00,1,5.0,5.0,1995262314968.8828
2023-01-22 20:00:00+00:00,1,5.0,5.0,1995262314968.8828
2023-01-23 02:00:00+00:00,1,5.2,5.2,3981071705534.9854
2023-01-23 03:00:00+00:00,1,5.1,5.1,2818382931264.449
2023-01-23 10:00:00+00:00,1,5.1,5.1,2818382931264.449
2023-01-23 13:00:00+00:00,1,5.1,5.1,2818382931264.449
2023-01-23 17:00:00+00:00,1,5.0,5.0,1995262314968.8828
2023-01-23 18:00:00+00:00,1,5.5,5.5,11220184543019.652
2023-01-24 01:00:00+00:00,1,5.1,5.1,2818382931264.449
2023-01-24 02:00:00+00:00,2,5.6,5.8,39566058948926.65
2023-01-24 08:00:00+00:00,1,5.4,5.4,7943282347242.8545
2023-01-24 13:00:00+00:00,1,5.0,5.0,1995262314968.8828
2023-01-24 16:00:00+00:00,1,5.2,5.2,3981071705534.9854
2023-01-24 18:00:00+00:00,1,6.4,6.4,251188643150959.25
2023-01-24 20:00:00+00:00,2,5.3,5.3,11246826503806.982
2023-01-25 12:00:00+00:00,1,5.9,5.9,44668359215096.53
2023-01-25 15:00:00+00:00,1,5.2,5.2,3981071705534.9854
2023-01-25 16:00:00+00:00,1,5.0,5.0,1995262314968.8828
2023-01-25 19:00:00+00:00,1,5.4,5.4,7943282347242.8545
2023-01-25 20:00:00+00:00,1,5.1,5.1,2818382931264.449
2023-01-26 04:00:00+00:00,2,5.5,5.7,28010624637586.96
2023-01-26 10:00:00+00:00,1,6.0,6.0,63095734448019.43
2023-01-26 16:00:00+00:00,1,5.1,5.1,2818382931264.449
2023-01-26 19:00:00+00:00,2,5.199999999999999,5.3,8441796183167.94
2023-01-27 05:00:00+00:00,1,5.0,5.0,1995262314968.8828
2023-01-27 20:00:00+00:00,1,5.4,5.4,7943282347242.8545
2023-01-28 05:00:00+00:00,1,5.0,5.0,1995262314968.8828
2023-01-28 09:00:00+00:00,1,5.1,5.1,2818382931264.449
2023-01-28 18:00:00+00:00,2,5.5,5.9,47486742146360.984
2023-01-28 19:00:00+00:00,1,5.3,5.3,5623413251903.491
2023-01-29 17:00:00+00:00,1,5.0,5.0,1995262314968.8828
2023-01-29 19:00:00+00:00,1,5.0,5.0,1995262314968.8828
2023-01-29 23:00:00+00:00,1,5.7,5.7,22387211385683.47
2023-01-30 10:00:00+00:00,1,5.1,5.1,2818382931264.449
2023-01-30 17:00:00+00:00,1,5.0,5.0,1995262314968.8828
2023-01-30 18:00:00+00:00,1,5.0,5.0,1995262314968.8828
2023-01-30 19:00:00+00:00,1,5.3,5.3,5623413251903.491
2023-01-31 19:00:00+00:00,1,5.0,5.0,1995262314968.8828
2023-02-01 00:00:00+00:00,1,5.0,5.0,1995262314968.8828
2023-02-01 10:00:00+00:00,1,6.0,6.0,63095734448019.43
2023-02-01 11:00:00+00:00,1,5.0,5.0,1995262314968.8828
2023-02-01 21:00:00+00:00,1,5.1,5.1,2818382931264.449
2023-02-02 14:00:00+00:00,1,5.0,5.0,1995262314968.8828
2023-02-02 23:00:00+00:00,1,5.0,5.0,1995262314968.8828
2023-02-03 00:00:00+00:00,1,5.0,5.0,1995262314968.8828
2023-02-03 12:00:00+00:00,2,5.0,5.0,3990524629937.7656
2023-02-03 17:00:00+00:00,1,5.2,5.2,3981071705534.9854
2023-02-03 23:00:00+00:00,1,5.0,5.0,1995262314968.8828
2023-02-04 05:00:00+00:00,1,5.3,5.3,5623413251903.491
2023-02-04 12:00:00+00:00,1,5.8,5.8,31622776601683.793
2023-02-05 00:00:00+00:00,1,5.8,5.8,31622776601683.793
2023-02-05 01:00:00+00:00,1,5.5,5.5,11220184543019.652
2023-02-06 01:00:00+00:00,5,6.18,7.8,3.2371776912309492e+16
2023-02-06 02:00:00+00:00,3,5.2,5.3,13242088818775.865
2023-02-06 04:00:00+00:00,1,5.0,5.0,1995262314968.8828
2023-02-06 10:00:00+00:00,5,6.08,7.5,1.1345233547802282e+16
2023-02-06 11:00:00+00:00,1,5.1,5.1,2818382931264.449
2023-02-06 12:00:00+00:00,1,6.0,6.0,63095734448019.43
2023-02-06 13:00:00+00:00,3,5.1000000000000005,5.3,9613937881841.258
2023-02-06 15:00:00+00:00,1,5.4,5.4,7943282347242.8545
2023-02-06 16:00:00+00:00,1,5.0,5.0,1995262314968.8828
2023-02-06 18:00:00+00:00,1,5.2,5.2,3981071705534.9854
2023-02-06 20:00:00+00:00,1,5.3,5.3,5623413251903.491
2023-02-06 22:00:00+00:00,1,5.0,5.0,1995262314968.8828
2023-02-07 00:00:00+00:00,1,5.4,5.4,7943282347242.8545
2023-02-07 02:00:00+00:00,1,5.0,5.0,1995262314968.8828
2023-02-07 03:00:00+00:00,1,5.5,5.5,11220184543019.652
2023-02-07 06:00:00+00:00,1,5.3,5.3,5623413251903.491
2023-02-07 07:00:00+00:00,1,5.4,5.4,7943282347242.8545
2023-02-07 08:00:00+00:00,1,5.1,5.1,2818382931264.449
2023-02-07 10:00:00+00:00,1,5.3,5.3,5623413251903.491
2023-02-07 14:00:00+00:00,1,5.2,5.2,3981071705534.9854
2023-02-07 15:00:00+00:00,1,5.0,5.0,1995262314968.8828
2023-02-07 16:00:00+00:00,1,5.1,5.1,2818382931264.449
2023-02-07 18:00:00+00:00,1,5.3,5.3,5623413251903.491
2023-02-07 21:00:00+00:00,2,5.15,5.3,7618675566872.374
2023-02-08 07:00:00+00:00,1,5.0,5.0,1995262314968.8828
2023-02-08 11:00:00+00:00,2,5.2,5.4,9938544662211.738
2023-02-08 14:00:00+00:00,1,5.1,5.1,2818382931264.449
2023-02-08 15:00:00+00:00,2,5.25,5.5,13215446857988.535
2023-02-09 00:00:00+00:00,1,5.1,5.1,2818382931264.449
2023-02-09 06:00:00+00:00,1,5.1,5.1,2818382931264.449
2023-02-09 09:00:00+00:00,1,5.4,5.4,7943282347242.8545
2023-02-09 10:00:00+00:00,1,5.5,5.5,11220184543019.652
2023-02-09 21:00:00+00:00,2,5.25,5.5,13215446857988.535
2023-02-10 16:00:00+00:00,1,5.0,5.0,1995262314968.8828
2023-02-10 17:00:00+00:00,1,5.3,5.3,5623413251903.491
2023-02-10 18:00:00+00:00,1,5.0,5.0,1995262314968.8828
2023-02-10 20:00:00+00:00,1,5.2,5.2,3981071705534.9854
2023-02-11 08:00:00+00:00,1,5.9,5.9,44668359215096.53
2023-02-11 15:00:00+00:00,1,5.6,5.6,15848931924611.11
2023-02-12 07:00:00+00:00,1,5.1,5.1,2818382931264.449
2023-02-12 11:00:00+00:00,1,5.0,5.0,1995262314968.8828
2023-02-12 16:00:00+00:00,1,5.0,5.0,1995262314968.8828
2023-02-12 17:00:00+00:00,1,5.1,5.1,2818382931264.449
2023-02-13 05:00:00+00:00,1,5.2,5.2,3981071705534.9854
2023-02-13 09:00:00+00:00,1,6.1,6.1,89125093813374.4
2023-02-13 14:00:00+00:00,1,5.0,5.0,1995262314968.8828
2023-02-13 18:00:00+00:00,1,5.1,5.1,2818382931264.449
2023-02-14 02:00:00+00:00,1,5.2,5.2,3981071705534.9854
2023-02-14 13:00:00+00:00,1,5.6,5.6,15848931924611.11
2023-02-14 22:00:00+00:00,1,5.2,5.2,3981071705534.9854
2023-02-15 01:00:00+00:00,1,5.0,5.0,1995262314968.8828
2023-02-15 02:00:00+00:00,2,5.199999999999999,5.3,8441796183167.94
2023-02-15 06:00:00+00:00,1,5.7,5.7,22387211385683.47
2023-02-15 07:00:00+00:00,1,5.3,5.3,5623413251903.491
2023-02-15 13:00:00+00:00,1,5.2,5.2,3981071705534.9854
2023-02-15 14:00:00+00:00,1,5.0,5.0,1995262314968.8828
2023-02-15 18:00:00+00:00,2,5.6,6.1,91943476744638.86
2023-02-15 22:00:00+00:00,1,5.0,5.0,1995262314968.8828
2023-02-16 05:00:00+00:00,1,5.6,5.6,15848931924611.11
2023-02-16 06:00:00+00:00,1,5.4,5.4,7943282347242.8545
2023-02-16 10:00:00+00:00,1,5.1,5.1,2818382931264.449
2023-02-16 12:00:00+00:00,1,5.1,5.1,2818382931264.449
2023-02-16 15:00:00+00:00,1,5.4,5.4,7943282347242.8545
2023-02-16 19:00:00+00:00,1,5.2,5.2,3981071705534.9854
2023-02-17 01:00:00+00:00,1,5.2,5.2,3981071705534.9854
2023-02-17 02:00:00+00:00,1,5.3,5.3,5623413251903.491
2023-02-17 09:00:00+00:00,2,5.55,6.1,91120356128343.28
2023-02-18 03:00:00+00:00,1,5.4,5.4,7943282347242.8545
2023-02-18 09:00:00+00:00,1,5.3,5.3,5623413251903.491
2023-02-18 19:00:00+00:00,1,5.0,5.0,1995262314968.8828
2023-02-18 21:00:00+00:00,1,5.7,5.7,22387211385683.47
2023-02-18 23:00:00+00:00,1,5.2,5.2,3981071705534.9854
2023-02-19 02:00:00+00:00,1,5.3,5.3,5623413251903.491
2023-02-19 07:00:00+00:00,1,5.0,5.0,1995262314968.8828
2023-02-19 13:00:00+00:00,1,5.0,5.0,1995262314968.8828
2023-02-19 16:00:00+00:00,1,5.3,5.3,5623413251903.491
2023-02-19 18:00:00+00:00,1,5.0,5.0,1995262314968.8828
2023-02-20 01:00:00+00:00,1,5.0,5.0,1995262314968.8828
2023-02-20 03:00:00+00:00,1,5.0,5.0,1995262314968.8828
2023-02-20 04:00:00+00:00,1,5.2,5.2,3981071705534.9854
2023-02-20 17:00:00+00:00,3,5.633333333333333,6.3,191866508478176.38
2023-02-21 05:00:00+00:00,1,5.4,5.4,7943282347242.8545
2023-02-21 06:00:00+00:00,1,5.1,5.1,2818382931264.449
2023-02-21 08:00:00+00:00,1,5.2,5.2,3981071705534.9854
2023-02-21 18:00:00+00:00,1,5.1,5.1,2818382931264.449
2023-02-21 19:00:00+00:00,1,5.0,5.0,1995262314968.8828
2023-02-22 01:00:00+00:00,1,5.0,5.0,1995262314968.8828
2023-02-22 09:00:00+00:00,1,5.6,5.6,15848931924611.11
2023-02-23 00:00:00+00:00,2,6.0,6.9,1415355927554025.8
2023-02-23 01:00:00+00:00,1,5.0,5.0,1995262314968.8828
2023-02-23 10:00:00+00:00,1,5.5,5.5,11220184543019.652
2023-02-23 11:00:00+00:00,1,5.0,5.0,1995262314968.8828
2023-02-23 13:00:00+00:00,1,5.3,5.3,5623413251903.491
2023-02-23 17:00:00+00:00,1,5.4,5.4,7943282347242.8545
2023-02-23 20:00:00+00:00,1,6.3,6.3,177827941003892.28
2023-02-24 15:00:00+00:00,1,5.0,5.0,1995262314968.8828
2023-02-25 05:00:00+00:00,1,5.1,5.1,2818382931264.449
2023-02-25 10:00:00+00:00,2,5.1,5.2,5976334020503.868
2023-02-25 13:00:00+00:00,1,6.0,6.0,63095734448019.43
2023-02-25 18:00:00+00:00,1,5.0,5.0,1995262314968.8828
2023-02-25 21:00:00+00:00,1,6.2,6.2,125892541179417.14
2023-02-25 22:00:00+00:00,1,5.0,5.0,1995262314968.8828
2023-02-26 11:00:00+00:00,1,5.0,5.0,1995262314968.8828
2023-02-26 13:00:00+00:00,1,5.0,5.0,1995262314968.8828
2023-02-26 23:00:00+00:00,1,5.1,5.1,2818382931264.449
2023-02-27 01:00:00+00:00,2,5.3,5.5,14038567474284.102
2023-02-27 06:00:00+00:00,1,5.6,5.6,15848931924611.11
2023-02-27 09:00:00+00:00,2,5.1,5.2,5976334020503.868
2023-02-27 18:00:00+00:00,1,5.2,5.2,3981071705534.9854
2023-02-28 04:00:00+00:00,2,5.0,5.0,3990524629937.7656
2023-02-28 11:00:00+00:00,1,5.2,5.2,3981071705534.9854
2023-02-28 12:00:00+00:00,1,5.4,5.4,7943282347242.8545
2023-02-28 14:00:00+00:00,2,5.15,5.2,6799454636799.435
2023-02-28 19:00:00+00:00,1,5.2,5.2,3981071705534.9854
2023-03-01 05:00:00+00:00,1,6.6,6.6,501187233627271.44
2023-03-01 12:00:00+00:00,1,5.1,5.1,2818382931264.449
2023-03-01 13:00:00+00:00,1,5.0,5.0,1995262314968.8828
2023-03-01 19:00:00+00:00,2,5.25,5.5,13215446857988.535
2023-03-01 23:00:00+00:00,1,5.0,5.0,1995262314968.8828
2023-03-02 04:00:00+00:00,1,5.7,5.7,22387211385683.47
2023-03-02 05:00:00+00:00,1,5.2,5.2,3981071705534.9854
2023-03-02 06:00:00+00:00,1,5.0,5.0,1995262314968.8828
2023-03-02 18:00:00+00:00,4,5.65,6.5,385162744030329.5
2023-03-02 20:00:00+00:00,1,5.1,5.1,2818382931264.449
2023-03-03 00:00:00+00:00,3,5.166666666666667,5.3,11599747272407.36
2023-03-03 01:00:00+00:00,1,5.3,5.3,5623413251903.491
2023-03-03 02:00:00+00:00,1,5.0,5.0,1995262314968.8828
2023-03-03 04:00:00+00:00,1,5.9,5.9,44668359215096.53
2023-03-03 09:00:00+00:00,1,5.0,5.0,1995262314968.8828
2023-03-03 19:00:00+00:00,1,5.4,5.4,7943282347242.8545
2023-03-04 01:00:00+00:00,1,5.0,5.0,1995262314968.8828
2023-03-04 06:00:00+00:00,1,6.9,6.9,1412537544622761.2
2023-03-04 19:00:00+00:00,1,5.0,5.0,1995262314968.8828
2023-03-04 20:00:00+00:00,1,5.2,5.2,3981071705534.9854
2023-03-05 19:00:00+00:00,1,5.1,5.1,2818382931264.449
2023-03-05 20:00:00+00:00,1,5.4,5.4,7943282347242.8545
2023-03-05 22:00:00+00:00,1,5.8,5.8,31622776601683.793
2023-03-05 23:00:00+00:00,1,5.1,5.1,2818382931264.449
2023-03-06 07:00:00+00:00,1,5.0,5.0,1995262314968.8828
2023-03-06 09:00:00+00:00,1,5.0,5.0,1995262314968.8828
2023-03-06 21:00:00+00:00,1,5.8,5.8,31622776601683.793
2023-03-06 22:00:00+00:00,1,5.2,5.2,3981071705534.9854
2023-03-07 01:00:00+00:00,1,5.0,5.0,1995262314968.8828
2023-03-07 03:00:00+00:00,1,5.0,5.0,1995262314968.8828
2023-03-07 06:00:00+00:00,1,5.9,5.9,44668359215096.53
2023-03-07 07:00:00+00:00,1,5.3,5.3,5623413251903.491
2023-03-07 08:00:00+00:00,1,5.6,5.6,15848931924611.11
2023-03-07 13:00:00+00:00,2,5.65,5.9,52611641562339.38
2023-03-07 20:00:00+00:00,2,5.3,5.3,11246826503806.982
2023-03-08 06:00:00+00:00,1,5.6,5.6,15848931924611.11
2023-03-08 07:00:00+00:00,1,5.8,5.8,31622776601683.793
2023-03-08 13:00:00+00:00,1,5.4,5.4,7943282347242.8545
2023-03-09 17:00:00+00:00,1,5.1,5.1,2818382931264.449
2023-03-10 00:00:00+00:00,1,5.0,5.0,1995262314968.8828
2023-03-10 09:00:00+00:00,1,5.4,5.4,7943282347242.8545
2023-03-10 11:00:00+00:00,1,5.0,5.0,1995262314968.8828
2023-03-10 20:00:00+00:00,1,5.1,5.1,2818382931264.449
2023-03-11 02:00:00+00:00,1,5.2,5.2,3981071705534.9854
2023-03-11 04:00:00+00:00,1,5.3,5.3,5623413251903.491
2023-03-11 13:00:00+00:00,1,5.5,5.5,11220184543019.652
2023-03-11 18:00:00+00:00,1,5.2,5.2,3981071705534.9854
2023-03-12 01:00:00+00:00,1,5.1,5.1,2818382931264.449
2023-03-12 07:00:00+00:00,1,5.6,5.6,15848931924611.11
2023-03-12 20:00:00+00:00,1,5.1,5.1,2818382931264.449
2023-03-13 22:00:00+00:00,1,5.2,5.2,3981071705534.9854
2023-03-14 00:00:00+00:00,1,6.3,6.3,177827941003892.28
2023-03-14 04:00:00+00:00,1,5.5,5.5,11220184543019.652
2023-03-14 16:00:00+00:00,1,5.4,5.4,7943282347242.8545
2023-03-14 19:00:00+00:00,1,5.5,5.5,11220184543019.652
2023-03-15 21:00:00+00:00,1,5.4,5.4,7943282347242.8545
2023-03-16 00:00:00+00:00,1,7.0,7.0,1995262314968882.8
2023-03-16 01:00:00+00:00,2,5.15,5.2,6799454636799.435
2023-03-16 05:00:00+00:00,1,5.2,5.2,3981071705534.9854
2023-03-16 11:00:00+00:00,1,5.2,5.2,3981071705534.9854
2023-03-16 17:00:00+00:00,1,5.0,5.0,1995262314968.8828
2023-03-16 18:00:00+00:00,1,5.1,5.1,2818382931264.449
2023-03-17 10:00:00+00:00,1,5.0,5.0,1995262314968.8828
2023-03-17 12:00:00+00:00,1,5.0,5.0,1995262314968.8828
2023-03-17 15:00:00+00:00,1,5.3,5.3,5623413251903.491
2023-03-17 16:00:00+00:00,1,5.0,5.0,1995262314968.8828
2023-03-18 03:00:00+00:00,1,5.0,5.0,1995262314968.8828
2023-03-18 17:00:00+00:00,1,6.8,6.8,1000000000000000.0
2023-03-19 15:00:00+00:00,1,5.4,5.4,7943282347242.8545
2023-03-19 19:00:00+00:00,1,5.0,5.0,1995262314968.8828
2023-03-20 11:00:00+00:00,1,5.1,5.1,2818382931264.449
2023-03-21 01:00:00+00:00,2,5.35,5.5,15201256248554.637
2023-03-21 16:00:00+00:00,1,6.5,6.5,354813389233576.06
2023-03-21 17:00:00+00:00,1,5.6,5.6,15848931924611.11
2023-03-21 20:00:00+00:00,2,5.25,5.5,13215446857988.535
2023-03-22 02:00:00+00:00,1,5.3,5.3,5623413251903.491
2023-03-22 07:00:00+00:00,1,5.6,5.6,15848931924611.11
2023-03-22 10:00:00+00:00,1,5.0,5.0,1995262314968.8828
2023-03-22 14:00:00+00:00,1,5.2,5.2,3981071705534.9854
2023-03-22 15:00:00+00:00,1,5.3,5.3,5623413251903.491
2023-03-22 16:00:00+00:00,1,6.4,6.4,251188643150959.25
2023-03-22 20:00:00+00:00,2,5.449999999999999,5.8,34441159532948.242
2023-03-22 23:00:00+00:00,1,5.6,5.6,15848931924611.11
2023-03-23 00:00:00+00:00,1,5.7,5.7,22387211385683.47
2023-03-23 02:00:00+00:00,1,5.1,5.1,2818382931264.449
2023-03-23 05:00:00+00:00,1,5.2,5.2,3981071705534.9854
2023-03-23 09:00:00+00:00,1,5.3,5.3,5623413251903.491
2023-03-24 03:00:00+00:00,1,5.6,5.6,15848931924611.11
2023-03-24 04:00:00+00:00,2,5.15,5.3,7618675566872.374
2023-03-24 13:00:00+00:00,1,5.7,5.7,22387211385683.47
2023-03-25 09:00:00+00:00,1,5.0,5.0,1995262314968.8828
2023-03-26 00:00:00+00:00,1,5.4,5.4,7943282347242.8545
2023-03-26 11:00:00+00:00,1,5.1,5.1,2818382931264.449
2023-03-26 12:00:00+00:00,1,5.1,5.1,2818382931264.449
2023-03-27 02:00:00+00:00,2,5.25,5.5,13215446857988.535
2023-03-27 22:00:00+00:00,1,6.2,6.2,125892541179417.14
2023-03-28 04:00:00+00:00,1,5.0,5.0,1995262314968.8828
2023-03-28 05:00:00+00:00,1,5.1,5.1,2818382931264.449
2023-03-28 09:00:00+00:00,1,6.0,6.0,63095734448019.43
2023-03-28 12:00:00+00:00,1,5.0,5.0,1995262314968.8828
2023-03-28 13:00:00+00:00,1,5.2,5.2,3981071705534.9854
2023-03-29 18:00:00+00:00,1,5.3,5.3,5623413251903.491
2023-03-30 17:00:00+00:00,1,6.3,6.3,177827941003892.28
2023-03-31 05:00:00+00:00,1,5.3,5.3,5623413251903.491
2023-03-31 10:00:00+00:00,1,5.2,5.2,3981071705534.9854
2023-03-31 22:00:00+00:00,1,5.6,5.6,15848931924611.11
2023-04-01 15:00:00+00:00,1,5.1,5.1,2818382931264.449
2023-04-02 08:00:00+00:00,1,5.6,5.6,15848931924611.11
2023-04-02 18:00:00+00:00,1,7.0,7.0,1995262314968882.8
2023-04-02 19:00:00+00:00,1,5.5,5.5,11220184543019.652
2023-04-03 03:00:00+00:00,1,6.5,6.5,354813389233576.06
2023-04-03 04:00:00+00:00,1,5.2,5.2,3981071705534.9854
2023-04-03 12:00:00+00:00,1,5.0,5.0,1995262314968.8828
2023-04-03 14:00:00+00:00,1,6.1,6.1,89125093813374.4
2023-04-03 20:00:00+00:00,1,5.0,5.0,1995262314968.8828
2023-04-03 21:00:00+00:00,3,5.366666666666667,5.5,25258752017303.754
2023-04-03 22:00:00+00:00,1,5.3,5.3,5623413251903.491
2023-04-04 02:00:00+00:00,1,5.4,5.4,7943282347242.8545
2023-04-04 07:00:00+00:00,1,5.0,5.0,1995262314968.8828
2023-04-04 12:00:00+00:00,1,6.2,6.2,125892541179417.14
2023-04-04 16:00:00+00:00,1,5.0,5.0,1995262314968.8828
2023-04-04 17:00:00+00:00,1,5.0,5.0,1995262314968.8828
2023-04-04 19:00:00+00:00,1,5.9,5.9,44668359215096.53
2023-04-04 22:00:00+00:00,1,6.3,6.3,177827941003892.28
2023-04-05 06:00:00+00:00,1,5.1,5.1,2818382931264.449
2023-04-06 00:00:00+00:00,1,5.2,5.2,3981071705534.9854
2023-04-06 03:00:00+00:00,1,5.1,5.1,2818382931264.449
2023-04-06 06:00:00+00:00,1,5.1,5.1,2818382931264.449
2023-04-07 02:00:00+00:00,1,5.8,5.8,31622776601683.793
2023-04-07 12:00:00+00:00,1,5.0,5.0,1995262314968.8828
2023-04-08 14:00:00+00:00,1,5.3,5.3,5623413251903.491
2023-04-08 16:00:00+00:00,1,5.3,5.3,5623413251903.491
2023-04-09 01:00:00+00:00,1,5.1,5.1,2818382931264.449
2023-04-09 07:00:00+00:00,1,5.3,5.3,5623413251903.491
2023-04-09 10:00:00+00:00,1,5.5,5.5,11220184543019.652
2023-04-09 12:00:00+00:00,1,5.7,5.7,22387211385683.47
2023-04-09 15:00:00+00:00,1,5.3,5.3,5623413251903.491
2023-04-09 20:00:00+00:00,1,5.2,5.2,3981071705534.9854
2023-04-09 22:00:00+00:00,1,5.7,5.7,22387211385683.47
2023-04-09 23:00:00+00:00,1,5.8,5.8,31622776601683.793
2023-04-10 00:00:00+00:00,2,5.05,5.1,4813645246233.332
2023-04-10 01:00:00+00:00,2,5.449999999999999,5.8,34441159532948.242
2023-04-10 07:00:00+00:00,1,5.3,5.3,5623413251903.491
2023-04-10 15:00:00+00:00,1,5.0,5.0,1995262314968.8828
2023-04-10 21:00:00+00:00,1,5.0,5.0,1995262314968.8828
2023-04-10 23:00:00+00:00,1,5.1,5.1,2818382931264.449
2023-04-11 09:00:00+00:00,1,5.0,5.0,1995262314968.8828
2023-04-11 12:00:00+00:00,1,5.6,5.6,15848931924611.11
2023-04-12 00:00:00+00:00,1,5.0,5.0,1995262314968.8828
2023-04-12 02:00:00+00:00,1,5.3,5.3,5623413251903.491
2023-04-12 13:00:00+00:00,1,5.0,5.0,1995262314968.8828
2023-04-12 23:00:00+00:00,1,5.0,5.0,1995262314968.8828
2023-04-13 03:00:00+00:00,1,5.2,5.2,3981071705534.9854
2023-04-13 15:00:00+00:00,1,6.0,6.0,63095734448019.43
2023-04-13 16:00:00+00:00,1,5.1,5.1,2818382931264.449
2023-04-13 17:00:00+00:00,1,5.3,5.3,5623413251903.491
2023-04-14 03:00:00+00:00,1,5.0,5.0,1995262314968.8828
2023-04-14 09:00:00+00:00,1,7.0,7.0,1995262314968882.8
2023-04-14 10:00:00+00:00,1,5.4,5.4,7943282347242.8545
2023-04-14 14:00:00+00:00,1,5.4,5.4,7943282347242.8545
2023-04-14 18:00:00+00:00,1,5.1,5.1,2818382931264.449
2023-04-15 15:00:00+00:00,2,5.7,5.9,55888543758116.19
2023-04-15 21:00:00+00:00,1,5.0,5.0,1995262314968.8828
2023-04-16 09:00:00+00:00,1,5.2,5.2,3981071705534.9854
2023-04-17 11:00:00+00:00,2,5.15,5.2,6799454636799.435
2023-04-17 13:00:00+00:00,1,5.1,5.1,2818382931264.449
2023-04-17 19:00:00+00:00,1,5.4,5.4,7943282347242.8545
2023-04-18 01:00:00+00:00,1,5.0,5.0,1995262314968.8828
2023-04-18 02:00:00+00:00,1,5.6,5.6,15848931924611.11
2023-04-18 04:00:00+00:00,1,6.7,6.7,707945784384140.2
2023-04-19 04:00:00+00:00,1,5.2,5.2,3981071705534.9854
2023-04-19 09:00:00+00:00,1,6.3,6.3,177827941003892.28
2023-04-19 19:00:00+00:00,1,5.1,5.1,2818382931264.449
2023-04-20 10:00:00+00:00,1,5.4,5.4,7943282347242.8545
2023-04-21 06:00:00+00:00,1,5.2,5.2,3981071705534.9854
2023-04-21 09:00:00+00:00,1,5.7,5.7,22387211385683.47
2023-04-21 10:00:00+00:00,1,5.9,5.9,44668359215096.53
2023-04-21 15:00:00+00:00,1,5.0,5.0,1995262314968.8828
2023-04-21 22:00:00+00:00,1,5.5,5.5,11220184543019.652
2023-04-21 23:00:00+00:00,1,5.0,5.0,1995262314968.8828
2023-04-22 08:00:00+00:00,2,5.6,6.2,127887803494386.03
2023-04-22 09:00:00+00:00,1,5.5,5.5,11220184543019.652
2023-04-22 16:00:00+00:00,1,5.5,5.5,11220184543019.652
2023-04-22 17:00:00+00:00,1,5.8,5.8,31622776601683.793
2023-04-22 21:00:00+00:00,3,5.3,5.7,28363545406187.336
2023-04-22 23:00:00+00:00,1,5.2,5.2,3981071705534.9854
2023-04-23 02:00:00+00:00,1,5.1,5.1,2818382931264.449
2023-04-23 03:00:00+00:00,1,5.1,5.1,2818382931264.449
2023-04-23 09:00:00+00:00,1,5.3,5.3,5623413251903.491
2023-04-23 16:00:00+00:00,2,5.15,5.3,7618675566872.374
2023-04-23 23:00:00+00:00,1,5.4,5.4,7943282347242.8545
2023-04-24 00:00:00+00:00,1,7.1,7.1,2818382931264449.0
2023-04-24 01:00:00+00:00,2,5.35,5.5,15201256248554.637
2023-04-24 02:00:00+00:00,1,5.6,5.6,15848931924611.11
2023-04-24 09:00:00+00:00,2,5.1,5.2,5976334020503.868
2023-04-24 10:00:00+00:00,1,5.0,5.0,1995262314968.8828
2023-04-24 16:00:00+00:00,1,5.0,5.0,1995262314968.8828
2023-04-24 20:00:00+00:00,1,7.1,7.1,2818382931264449.0
2023-04-24 22:00:00+00:00,1,5.0,5.0,1995262314968.8828
2023-04-25 05:00:00+00:00,1,5.2,5.2,3981071705534.9854
2023-04-25 11:00:00+00:00,1,5.6,5.6,15848931924611.11
2023-04-25 22:00:00+00:00,2,5.35,5.4,13566695599146.346
2023-04-26 00:00:00+00:00,1,5.7,5.7,22387211385683.47
2023-04-26 15:00:00+00:00,1,5.1,5.1,2818382931264.449
2023-04-26 20:00:00+00:00,2,5.1,5.1,5636765862528.898
2023-04-27 01:00:00+00:00,1,5.1,5.1,2818382931264.449
2023-04-27 06:00:00+00:00,1,5.0,5.0,1995262314968.8828
2023-04-27 07:00:00+00:00,1,5.3,5.3,5623413251903.491
2023-04-27 19:00:00+00:00,1,5.1,5.1,2818382931264.449
2023-04-28 01:00:00+00:00,1,5.7,5.7,22387211385683.47
2023-04-28 03:00:00+00:00,5,5.8,6.6,596975497794825.1
2023-04-28 09:00:00+00:00,1,5.7,5.7,22387211385683.47
2023-04-28 16:00:00+00:00,1,5.2,5.2,3981071705534.9854
2023-04-28 18:00:00+00:00,1,5.5,5.5,11220184543019.652
2023-04-29 04:00:00+00:00,1,5.2,5.2,3981071705534.9854
2023-04-29 07:00:00+00:00,1,5.0,5.0,1995262314968.8828
2023-04-29 22:00:00+00:00,1,5.1,5.1,2818382931264.449
2023-04-30 16:00:00+00:00,1,5.2,5.2,3981071705534.9854
2023-05-01 00:00:00+00:00,1,5.1,5.1,2818382931264.449
2023-05-01 02:00:00+00:00,3,5.2,5.3,12422867888702.926
2023-05-01 03:00:00+00:00,1,5.9,5.9,44668359215096.53
2023-05-01 04:00:00+00:00,1,5.0,5.0,1995262314968.8828
2023-05-01 07:00:00+00:00,1,5.3,5.3,5623413251903.491
2023-05-01 10:00:00+00:00,1,5.6,5.6,15848931924611.11
2023-05-01 11:00:00+00:00,1,5.1,5.1,2818382931264.449
2023-05-02 14:00:00+00:00,1,5.5,5.5,11220184543019.652
2023-05-02 15:00:00+00:00,2,5.199999999999999,5.3,8441796183167.94
2023-05-02 20:00:00+00:00,1,5.5,5.5,11220184543019.652
2023-05-03 01:00:00+00:00,1,5.2,5.2,3981071705534.9854
2023-05-03 02:00:00+00:00,2,5.0,5.0,3990524629937.7656
2023-05-03 09:00:00+00:00,1,5.3,5.3,5623413251903.491
2023-05-03 23:00:00+00:00,1,5.4,5.4,7943282347242.8545
2023-05-04 00:00:00+00:00,1,5.4,5.4,7943282347242.8545
2023-05-04 06:00:00+00:00,1,5.0,5.0,1995262314968.8828
2023-05-04 22:00:00+00:00,1,5.1,5.1,2818382931264.449
2023-05-05 05:00:00+00:00,1,6.2,6.2,125892541179417.14
2023-05-05 11:00:00+00:00,2,5.3,5.6,17844194239579.992
2023-05-05 12:00:00+00:00,1,5.6,5.6,15848931924611.11
2023-05-05 17:00:00+00:00,1,5.9,5.9,44668359215096.53
2023-05-05 21:00:00+00:00,1,5.1,5.1,2818382931264.449
2023-05-06 04:00:00+00:00,1,5.0,5.0,1995262314968.8828
2023-05-06 15:00:00+00:00,1,5.1,5.1,2818382931264.449
2023-05-06 16:00:00+00:00,1,5.1,5.1,2818382931264.449
2023-05-07 06:00:00+00:00,1,5.2,5.2,3981071705534.9854
2023-05-07 11:00:00+00:00,1,5.2,5.2,3981071705534.9854
2023-05-08 00:00:00+00:00,1,5.2,5.2,3981071705534.9854
2023-05-08 06:00:00+00:00,1,5.9,5.9,44668359215096.53
2023-05-08 14:00:00+00:00,1,5.1,5.1,2818382931264.449
2023-05-09 13:00:00+00:00,1,5.1,5.1,2818382931264.449
2023-05-09 22:00:00+00:00,1,5.0,5.0,1995262314968.8828
2023-05-10 04:00:00+00:00,1,5.1,5.1,2818382931264.449
2023-05-10 16:00:00+00:00,2,6.3,7.6,1.5850927186926076e+16
2023-05-10 19:00:00+00:00,1,5.2,5.2,3981071705534.9854
2023-05-10 21:00:00+00:00,1,5.0,5.0,1995262314968.8828
2023-05-11 09:00:00+00:00,1,5.2,5.2,3981071705534.9854
2023-05-11 12:00:00+00:00,1,5.0,5.0,1995262314968.8828
2023-05-11 13:00:00+00:00,1,5.8,5.8,31622776601683.793
2023-05-11 14:00:00+00:00,1,5.0,5.0,1995262314968.8828
2023-05-11 23:00:00+00:00,1,5.48,5.48,10471285480508.984
2023-05-12 00:00:00+00:00,1,5.0,5.0,1995262314968.8828
2023-05-12 08:00:00+00:00,1,5.5,5.5,11220184543019.652
2023-05-12 10:00:00+00:00,1,5.16,5.16,3467368504525.3096
2023-05-12 15:00:00+00:00,1,5.0,5.0,1995262314968.8828
2023-05-12 21:00:00+00:00,1,5.2,5.2,3981071705534.9854
2023-05-13 07:00:00+00:00,1,5.2,5.2,3981071705534.9854
2023-05-13 14:00:00+00:00,1,5.0,5.0,1995262314968.8828
2023-05-13 20:00:00+00:00,1,5.4,5.4,7943282347242.8545
2023-05-14 06:00:00+00:00,1,5.2,5.2,3981071705534.9854
2023-05-14 08:00:00+00:00,3,5.3999999999999995,5.8,41561321263895.53
2023-05-14 09:00:00+00:00,1,5.1,5.1,2818382931264.449
2023-05-14 10:00:00+00:00,1,5.6,5.6,15848931924611.11
2023-05-14 12:00:00+00:00,1,5.0,5.0,1995262314968.8828
2023-05-14 13:00:00+00:00,1,5.0,5.0,1995262314968.8828
2023-05-14 14:00:00+00:00,1,5.2,5.2,3981071705534.9854
2023-05-14 15:00:00+00:00,1,5.0,5.0,1995262314968.8828
2023-05-14 16:00:00+00:00,1,5.1,5.1,2818382931264.449
2023-05-14 17:00:00+00:00,1,5.0,5.0,1995262314968.8828
2023-05-14 22:00:00+00:00,1,5.0,5.0,1995262314968.8828
2023-05-15 07:00:00+00:00,1,5.3,5.3,5623413251903.491
2023-05-16 03:00:00+00:00,1,5.3,5.3,5623413251903.491
2023-05-16 18:00:00+00:00,1,5.0,5.0,1995262314968.8828
2023-05-17 23:00:00+00:00,1,6.4,6.4,251188643150959.25
2023-05-18 11:00:00+00:00,1,5.2,5.2,3981071705534.9854
2023-05-18 18:00:00+00:00,1,5.1,5.1,2818382931264.449
2023-05-19 02:00:00+00:00,1,7.7,7.7,2.2387211385683468e+16
2023-05-19 03:00:00+00:00,6,5.433333333333334,5.9,82670686215251.06
2023-05-19 04:00:00+00:00,7,5.257142857142857,5.6,40694667702016.96
2023-05-19 05:00:00+00:00,3,5.2,5.2,11943215116604.957
2023-05-19 06:00:00+00:00,1,5.0,5.0,1995262314968.8828
2023-05-19 07:00:00+00:00,2,5.2,5.4,9938544662211.738
2023-05-19 08:00:00+00:00,1,5.3,5.3,5623413251903.491
2023-05-19 10:00:00+00:00,3,5.1000000000000005,5.2,8794716951768.317
2023-05-19 15:00:00+00:00,2,5.4,5.8,33618038916652.676
2023-05-19 17:00:00+00:00,1,5.0,5.0,1995262314968.8828
2023-05-19 22:00:00+00:00,1,5.1,5.1,2818382931264.449
2023-05-20 01:00:00+00:00,1,7.1,7.1,2818382931264449.0
2023-05-20 02:00:00+00:00,7,5.3999999999999995,6.5,382318562264296.25
2023-05-20 03:00:00+00:00,1,5.1,5.1,2818382931264.449
2023-05-20 04:00:00+00:00,2,5.15,5.2,6799454636799.435
2023-05-20 07:00:00+00:00,1,5.0,5.0,1995262314968.8828
2023-05-20 11:00:00+00:00,1,5.3,5.3,5623413251903.491
2023-05-20 13:00:00+00:00,2,5.15,5.2,6799454636799.435
2023-05-20 18:00:00+00:00,1,5.0,5.0,1995262314968.8828
2023-05-20 22:00:00+00:00,1,5.1,5.1,2818382931264.449
2023-05-20 23:00:00+00:00,1,5.1,5.1,2818382931264.449
2023-05-21 05:00:00+00:00,1,5.7,5.7,22387211385683.47
2023-05-21 11:00:00+00:00,1,5.2,5.2,3981071705534.9854
2023-05-21 14:00:00+00:00,1,6.8,6.8,1000000000000000.0
2023-05-21 15:00:00+00:00,1,6.1,6.1,89125093813374.4
2023-05-21 17:00:00+00:00,1,5.1,5.1,2818382931264.449
2023-05-21 18:00:00+00:00,2,5.29,5.58,16786346196651.016
2023-05-21 21:00:00+00:00,1,5.4,5.4,7943282347242.8545
2023-05-21 22:00:00+00:00,1,5.5,5.5,11220184543019.652
2023-05-22 02:00:00+00:00,1,5.0,5.0,1995262314968.8828
2023-05-22 04:00:00+00:00,1,5.2,5.2,3981071705534.9854
2023-05-22 06:00:00+00:00,1,5.4,5.4,7943282347242.8545
2023-05-22 07:00:00+00:00,1,5.1,5.1,2818382931264.449
2023-05-22 13:00:00+00:00,2,5.1,5.2,5976334020503.868
2023-05-22 21:00:00+00:00,1,5.0,5.0,1995262314968.8828
2023-05-22 22:00:00+00:00,1,5.0,5.0,1995262314968.8828
2023-05-23 06:00:00+00:00,2,5.6,6.1,91943476744638.86
2023-05-23 09:00:00+00:00,1,5.0,5.0,1995262314968.8828
2023-05-23 13:00:00+00:00,1,5.0,5.0,1995262314968.8828
2023-05-23 15:00:00+00:00,1,5.1,5.1,2818382931264.449
2023-05-24 00:00:00+00:00,1,5.2,5.2,3981071705534.9854
2023-05-24 10:00:00+00:00,1,5.5,5.5,11220184543019.652
2023-05-24 13:00:00+00:00,1,5.0,5.0,1995262314968.8828
2023-05-24 15:00:00+00:00,1,6.2,6.2,125892541179417.14
2023-05-25 03:00:00+00:00,2,5.75,6.5,356808651548544.94
2023-05-25 10:00:00+00:00,1,5.5,5.5,11220184543019.652
2023-05-25 13:00:00+00:00,1,5.1,5.1,2818382931264.449
2023-05-25 16:00:00+00:00,1,5.0,5.0,1995262314968.8828
2023-05-26 02:00:00+00:00,1,5.2,5.2,3981071705534.9854
2023-05-26 10:00:00+00:00,1,6.1,6.1,89125093813374.4
2023-05-26 21:00:00+00:00,1,5.0,5.0,1995262314968.8828
2023-05-26 22:00:00+00:00,1,6.0,6.0,63095734448019.43
2023-05-27 00:00:00+00:00,1,6.0,6.0,63095734448019.43
2023-05-27 15:00:00+00:00,1,5.5,5.5,11220184543019.652
2023-05-28 03:00:00+00:00,1,5.6,5.6,15848931924611.11
2023-05-28 05:00:00+00:00,1,5.3,5.3,5623413251903.491
2023-05-28 12:00:00+00:00,1,5.1,5.1,2818382931264.449
2023-05-28 15:00:00+00:00,1,5.2,5.2,3981071705534.9854
2023-05-28 18:00:00+00:00,1,5.1,5.1,2818382931264.449
2023-05-29 04:00:00+00:00,1,5.1,5.1,2818382931264.449
2023-05-29 10:00:00+00:00,1,5.2,5.2,3981071705534.9854
2023-05-29 21:00:00+00:00,1,5.5,5.5,11220184543019.652
2023-05-30 00:00:00+00:00,1,5.8,5.8,31622776601683.793
2023-05-30 16:00:00+00:00,1,5.5,5.5,11220184543019.652
2023-05-31 00:00:00+00:00,1,5.1,5.1,2818382931264.449
2023-05-31 02:00:00+00:00,1,6.3,6.3,177827941003892.28
2023-05-31 04:00:00+00:00,1,5.0,5.0,1995262314968.8828
2023-05-31 10:00:00+00:00,1,5.3,5.3,5623413251903.491
2023-05-31 11:00:00+00:00,1,5.9,5.9,44668359215096.53
2023-05-31 14:00:00+00:00,1,5.5,5.5,11220184543019.652
2023-05-31 21:00:00+00:00,1,5.2,5.2,3981071705534.9854
2023-06-01 00:00:00+00:00,1,5.1,5.1,2818382931264.449
2023-06-01 22:00:00+00:00,1,5.4,5.4,7943282347242.8545
2023-06-02 04:00:00+00:00,1,5.1,5.1,2818382931264.449
2023-06-02 05:00:00+00:00,1,5.1,5.1,2818382931264.449
2023-06-02 15:00:00+00:00,1,5.3,5.3,5623413251903.491
2023-06-02 17:00:00+00:00,1,5.1,5.1,2818382931264.449
2023-06-03 00:00:00+00:00,1,5.0,5.0,1995262314968.8828
2023-06-03 01:00:00+00:00,2,5.2,5.4,9938544662211.738
2023-06-03 02:00:00+00:00,2,5.05,5.1,4813645246233.332
2023-06-03 06:00:00+00:00,1,5.2,5.2,3981071705534.9854
2023-06-03 07:00:00+00:00,1,5.8,5.8,31622776601683.793
2023-06-03 10:00:00+00:00,3,5.2,5.6,19839456554548.875
2023-06-03 13:00:00+00:00,1,5.5,5.5,11220184543019.652
2023-06-04 00:00:00+00:00,1,5.2,5.2,3981071705534.9854
2023-06-04 03:00:00+00:00,1,5.3,5.3,5623413251903.491
2023-06-04 05:00:00+00:00,1,5.1,5.1,2818382931264.449
2023-06-04 22:00:00+00:00,1,5.0,5.0,1995262314968.8828
2023-06-05 00:00:00+00:00,1,5.3,5.3,5623413251903.491
2023-06-05 02:00:00+00:00,1,5.8,5.8,31622776601683.793
2023-06-05 11:00:00+00:00,1,5.0,5.0,1995262314968.8828
2023-06-05 15:00:00+00:00,1,5.2,5.2,3981071705534.9854
2023-06-06 21:00:00+00:00,1,5.1,5.1,2818382931264.449
2023-06-06 23:00:00+00:00,1,5.2,5.2,3981071705534.9854
2023-06-07 00:00:00+00:00,1,5.1,5.1,2818382931264.449
2023-06-07 17:00:00+00:00,2,5.35,5.6,18667314855875.56
2023-06-08 04:00:00+00:00,1,5.2,5.2,3981071705534.9854
2023-06-08 07:00:00+00:00,1,5.0,5.0,1995262314968.8828
2023-06-08 09:00:00+00:00,1,5.7,5.7,22387211385683.47
2023-06-08 20:00:00+00:00,1,5.7,5.7,22387211385683.47
2023-06-09 11:00:00+00:00,1,5.3,5.3,5623413251903.491
2023-06-09 20:00:00+00:00,1,5.7,5.7,22387211385683.47
2023-06-09 21:00:00+00:00,1,5.9,5.9,44668359215096.53
2023-06-10 09:00:00+00:00,1,5.7,5.7,22387211385683.47
2023-06-11 02:00:00+00:00,1,5.2,5.2,3981071705534.9854
2023-06-11 06:00:00+00:00,1,5.2,5.2,3981071705534.9854
2023-06-11 09:00:00+00:00,1,6.2,6.2,125892541179417.14
2023-06-11 11:00:00+00:00,1,5.2,5.2,3981071705534.9854
2023-06-11 13:00:00+00:00,1,5.8,5.8,31622776601683.793
2023-06-12 01:00:00+00:00,1,5.0,5.0,1995262314968.8828
2023-06-13 08:00:00+00:00,1,5.2,5.2,3981071705534.9854
2023-06-13 12:00:00+00:00,1,5.1,5.1,2818382931264.449
2023-06-13 16:00:00+00:00,1,5.3,5.3,5623413251903.491
2023-06-13 17:00:00+00:00,4,5.25,5.4,19886497463847.812
2023-06-13 18:00:00+00:00,1,5.3,5.3,5623413251903.491
2023-06-14 16:00:00+00:00,1,5.5,5.5,11220184543019.652
2023-06-15 00:00:00+00:00,1,5.2,5.2,3981071705534.9854
2023-06-15 01:00:00+00:00,1,5.3,5.3,5623413251903.491
2023-06-15 02:00:00+00:00,1,6.2,6.2,125892541179417.14
2023-06-15 18:00:00+00:00,1,7.2,7.2,3981071705534985.5
2023-06-15 19:00:00+00:00,1,5.4,5.4,7943282347242.8545
2023-06-16 04:00:00+00:00,1,5.0,5.0,1995262314968.8828
2023-06-16 08:00:00+00:00,2,5.55,6.0,65914117379283.875
2023-06-16 10:00:00+00:00,1,5.8,5.8,31622776601683.793
2023-06-16 17:00:00+00:00,1,5.0,5.0,1995262314968.8828
2023-06-16 19:00:00+00:00,1,6.2,6.2,125892541179417.14
2023-06-16 20:00:00+00:00,1,5.5,5.5,11220184543019.652
2023-06-17 00:00:00+00:00,1,5.6,5.6,15848931924611.11
2023-06-17 04:00:00+00:00,1,5.3,5.3,5623413251903.491
2023-06-17 10:00:00+00:00,1,5.5,5.5,11220184543019.652
2023-06-17 11:00:00+00:00,4,5.425,6.1,108964550367923.28
2023-06-17 18:00:00+00:00,1,5.7,5.7,22387211385683.47
2023-06-17 23:00:00+00:00,2,5.25,5.4,10761665278507.305
2023-06-18 09:00:00+00:00,3,5.133333333333333,5.3,10437058498136.824
2023-06-18 14:00:00+00:00,3,5.3,5.7,28023977248212.367
2023-06-18 15:00:00+00:00,2,5.45,5.9,46663621530065.414
2023-06-18 17:00:00+00:00,2,5.15,5.2,6799454636799.435
2023-06-18 20:00:00+00:00,1,6.4,6.4,251188643150959.25
2023-06-18 21:00:00+00:00,1,6.0,6.0,63095734448019.43
2023-06-19 01:00:00+00:00,1,5.6,5.6,15848931924611.11
2023-06-19 04:00:00+00:00,1,5.0,5.0,1995262314968.8828
2023-06-19 05:00:00+00:00,2,5.25,5.3,9604484957438.477
2023-06-19 08:00:00+00:00,1,5.2,5.2,3981071705534.9854
2023-06-19 11:00:00+00:00,1,6.2,6.2,125892541179417.14
2023-06-19 22:00:00+00:00,1,5.1,5.1,2818382931264.449
2023-06-20 03:00:00+00:00,1,5.1,5.1,2818382931264.449
2023-06-20 08:00:00+00:00,1,5.5,5.5,11220184543019.652
2023-06-20 15:00:00+00:00,1,5.2,5.2,3981071705534.9854
2023-06-20 17:00:00+00:00,2,5.15,5.3,7618675566872.374
2023-06-20 19:00:00+00:00,1,5.7,5.7,22387211385683.47
2023-06-20 23:00:00+00:00,1,5.0,5.0,1995262314968.8828
2023-06-21 04:00:00+00:00,1,5.5,5.5,11220184543019.652
2023-06-21 15:00:00+00:00,1,5.2,5.2,3981071705534.9854
2023-06-22 01:00:00+00:00,1,5.0,5.0,1995262314968.8828
2023-06-22 07:00:00+00:00,1,5.2,5.2,3981071705534.9854
2023-06-22 19:00:00+00:00,1,5.1,5.1,2818382931264.449
2023-06-23 07:00:00+00:00,1,5.1,5.1,2818382931264.449
2023-06-23 13:00:00+00:00,1,5.2,5.2,3981071705534.9854
2023-06-23 15:00:00+00:00,1,5.3,5.3,5623413251903.491
2023-06-23 17:00:00+00:00,1,5.6,5.6,15848931924611.11
2023-06-23 19:00:00+00:00,2,5.4,5.4,15886564694485.709
2023-06-23 21:00:00+00:00,1,5.6,5.6,15848931924611.11
2023-06-23 23:00:00+00:00,1,5.6,5.6,15848931924611.11
2023-06-25 00:00:00+00:00,1,5.4,5.4,7943282347242.8545
2023-06-25 01:00:00+00:00,1,5.2,5.2,3981071705534.9854
2023-06-25 07:00:00+00:00,1,6.2,6.2,125892541179417.14
2023-06-25 08:00:00+00:00,1,5.4,5.4,7943282347242.8545
2023-06-25 15:00:00+00:00,1,5.0,5.0,1995262314968.8828
2023-06-26 10:00:00+00:00,1,5.2,5.2,3981071705534.9854
2023-06-26 12:00:00+00:00,1,5.2,5.2,3981071705534.9854
2023-06-27 14:00:00+00:00,1,5.0,5.0,1995262314968.8828
2023-06-27 23:00:00+00:00,1,5.8,5.8,31622776601683.793
2023-06-28 04:00:00+00:00,1,5.5,5.5,11220184543019.652
2023-06-28 10:00:00+00:00,1,5.4,5.4,7943282347242.8545
2023-06-28 22:00:00+00:00,1,5.1,5.1,2818382931264.449
2023-06-29 04:00:00+00:00,1,5.0,5.0,1995262314968.8828
2023-06-29 11:00:00+00:00,1,5.2,5.2,3981071705534.9854
2023-06-30 12:00:00+00:00,1,5.9,5.9,44668359215096.53
2023-06-30 18:00:00+00:00,1,5.0,5.0,1995262314968.8828
2023-06-30 23:00:00+00:00,1,5.0,5.0,1995262314968.8828
2023-07-01 07:00:00+00:00,1,5.9,5.9,44668359215096.53
2023-07-01 09:00:00+00:00,1,5.3,5.3,5623413251903.491
2023-07-01 22:00:00+00:00,1,5.0,5.0,1995262314968.8828
2023-07-02 01:00:00+00:00,1,5.0,5.0,1995262314968.8828
2023-07-02 02:00:00+00:00,1,5.6,5.6,15848931924611.11
2023-07-02 10:00:00+00:00,1,6.9,6.9,1412537544622761.2
2023-07-02 18:00:00+00:00,1,5.1,5.1,2818382931264.449
2023-07-02 19:00:00+00:00,1,5.2,5.2,3981071705534.9854
2023-07-03 02:00:00+00:00,1,5.4,5.4,7943282347242.8545
2023-07-03 11:00:00+00:00,1,5.3,5.3,5623413251903.491
2023-07-03 13:00:00+00:00,1,5.3,5.3,5623413251903.491
2023-07-03 17:00:00+00:00,1,5.1,5.1,2818382931264.449
2023-07-03 20:00:00+00:00,2,5.5,5.7,28010624637586.96
2023-07-04 00:00:00+00:00,1,5.3,5.3,5623413251903.491
2023-07-04 12:00:00+00:00,1,5.9,5.9,44668359215096.53
2023-07-04 16:00:00+00:00,1,5.3,5.3,5623413251903.491
2023-07-05 12:00:00+00:00,1,5.1,5.1,2818382931264.449
2023-07-06 00:00:00+00:00,1,5.8,5.8,31622776601683.793
2023-07-06 01:00:00+00:00,1,5.1,5.1,2818382931264.449
2023-07-06 10:00:00+00:00,1,5.9,5.9,44668359215096.53
2023-07-06 17:00:00+00:00,1,5.3,5.3,5623413251903.491
2023-07-06 20:00:00+00:00,1,5.0,5.0,1995262314968.8828
2023-07-07 03:00:00+00:00,1,5.0,5.0,1995262314968.8828
2023-07-07 13:00:00+00:00,1,5.1,5.1,2818382931264.449
2023-07-08 19:00:00+00:00,1,5.6,5.6,15848931924611.11
2023-07-08 21:00:00+00:00,1,5.1,5.1,2818382931264.449
2023-07-09 00:00:00+00:00,1,5.5,5.5,11220184543019.652
2023-07-09 13:00:00+00:00,1,5.4,5.4,7943282347242.8545
2023-07-09 14:00:00+00:00,1,5.2,5.2,3981071705534.9854
2023-07-09 17:00:00+00:00,1,5.7,5.7,22387211385683.47
2023-07-09 18:00:00+00:00,2,5.199999999999999,5.3,8441796183167.94
2023-07-09 22:00:00+00:00,1,5.2,5.2,3981071705534.9854
2023-07-09 23:00:00+00:00,1,5.0,5.0,1995262314968.8828
2023-07-10 13:00:00+00:00,1,5.0,5.0,1995262314968.8828
2023-07-10 20:00:00+00:00,1,6.6,6.6,501187233627271.44
2023-07-10 21:00:00+00:00,1,5.6,5.6,15848931924611.11
2023-07-11 14:00:00+00:00,1,5.1,5.1,2818382931264.449
2023-07-11 17:00:00+00:00,1,5.0,5.0,1995262314968.8828
2023-07-11 19:00:00+00:00,1,5.3,5.3,5623413251903.491
2023-07-12 08:00:00+00:00,1,5.0,5.0,1995262314968.8828
2023-07-13 03:00:00+00:00,1,5.3,5.3,5623413251903.491
2023-07-13 04:00:00+00:00,1,5.0,5.0,1995262314968.8828
2023-07-13 13:00:00+00:00,1,5.1,5.1,2818382931264.449
2023-07-13 15:00:00+00:00,1,5.2,5.2,3981071705534.9854
2023-07-14 02:00:00+00:00,2,5.15,5.3,7618675566872.374
2023-07-14 09:00:00+00:00,1,6.3,6.3,177827941003892.28
2023-07-14 16:00:00+00:00,1,5.0,5.0,1995262314968.8828
2023-07-15 21:00:00+00:00,1,5.0,5.0,1995262314968.8828
2023-07-16 06:00:00+00:00,2,6.5,7.2,4012694482136669.5
2023-07-16 13:00:00+00:00,1,5.1,5.1,2818382931264.449
2023-07-16 16:00:00+00:00,1,5.2,5.2,3981071705534.9854
2023-07-17 03:00:00+00:00,1,6.6,6.6,501187233627271.44
2023-07-17 04:00:00+00:00,1,5.6,5.6,15848931924611.11
2023-07-17 09:00:00+00:00,1,5.0,5.0,1995262314968.8828
2023-07-17 15:00:00+00:00,1,5.4,5.4,7943282347242.8545
2023-07-18 10:00:00+00:00,1,5.6,5.6,15848931924611.11
2023-07-19 00:00:00+00:00,1,6.5,6.5,354813389233576.06
2023-07-19 02:00:00+00:00,2,5.1,5.2,5976334020503.868
2023-07-19 07:00:00+00:00,1,5.1,5.1,2818382931264.449
2023-07-19 10:00:00+00:00,1,5.0,5.0,1995262314968.8828
2023-07-19 15:00:00+00:00,1,5.2,5.2,3981071705534.9854
2023-07-19 16:00:00+00:00,1,5.2,5.2,3981071705534.9854
2023-07-20 03:00:00+00:00,2,5.1,5.2,5976334020503.868
2023-07-21 19:00:00+00:00,1,5.7,5.7,22387211385683.47
2023-07-23 12:00:00+00:00,1,5.1,5.1,2818382931264.449
2023-07-24 02:00:00+00:00,1,6.0,6.0,63095734448019.43
2023-07-24 05:00:00+00:00,2,5.2,5.4,9938544662211.738
2023-07-25 00:00:00+00:00,1,5.6,5.6,15848931924611.11
2023-07-25 01:00:00+00:00,1,5.1,5.1,2818382931264.449
2023-07-25 05:00:00+00:00,1,5.5,5.5,11220184543019.652
2023-07-25 10:00:00+00:00,1,5.6,5.6,15848931924611.11
2023-07-25 15:00:00+00:00,1,5.1,5.1,2818382931264.449
2023-07-25 19:00:00+00:00,1,5.0,5.0,1995262314968.8828
2023-07-26 10:00:00+00:00,1,5.3,5.3,5623413251903.491
2023-07-26 12:00:00+00:00,1,6.4,6.4,251188643150959.25
2023-07-26 13:00:00+00:00,2,5.1,5.2,5976334020503.868
2023-07-26 16:00:00+00:00,1,5.0,5.0,1995262314968.8828
2023-07-26 17:00:00+00:00,1,5.1,5.1,2818382931264.449
2023-07-26 23:00:00+00:00,1,5.1,5.1,2818382931264.449
2023-07-27 00:00:00+00:00,1,5.5,5.5,11220184543019.652
2023-07-27 01:00:00+00:00,1,5.4,5.4,7943282347242.8545
2023-07-27 07:00:00+00:00,1,5.3,5.3,5623413251903.491
2023-07-27 11:00:00+00:00,2,5.35,5.4,13566695599146.346
2023-07-27 20:00:00+00:00,1,5.1,5.1,2818382931264.449
2023-07-27 22:00:00+00:00,2,5.0,5.0,3990524629937.7656
2023-07-28 07:00:00+00:00,3,5.6000000000000005,5.9,63831826105359.04
2023-07-28 17:00:00+00:00,1,5.0,5.0,1995262314968.8828
2023-07-28 19:00:00+00:00,3,5.466666666666666,5.9,57883806073085.07
2023-07-29 06:00:00+00:00,1,5.4,5.4,7943282347242.8545
2023-07-29 11:00:00+00:00,1,5.0,5.0,1995262314968.8828
2023-07-30 01:00:00+00:00,2,5.35,5.7,24382473700652.35
2023-07-30 02:00:00+00:00,1,5.2,5.2,3981071705534.9854
2023-07-30 08:00:00+00:00,1,5.2,5.2,3981071705534.9854
2023-08-01 08:00:00+00:00,1,5.4,5.4,7943282347242.8545
2023-08-01 09:00:00+00:00,1,5.0,5.0,1995262314968.8828
2023-08-01 16:00:00+00:00,1,5.7,5.7,22387211385683.47
2023-08-01 17:00:00+00:00,1,5.6,5.6,15848931924611.11
2023-08-01 20:00:00+00:00,1,5.0,5.0,1995262314968.8828
2023-08-02 00:00:00+00:00,1,5.3,5.3,5623413251903.491
2023-08-02 01:00:00+00:00,2,5.5,5.8,35603848307218.78
2023-08-03 01:00:00+00:00,1,5.9,5.9,44668359215096.53
2023-08-03 19:00:00+00:00,1,5.6,5.6,15848931924611.11
2023-08-03 22:00:00+00:00,1,5.1,5.1,2818382931264.449
2023-08-04 00:00:00+00:00,1,5.5,5.5,11220184543019.652
2023-08-04 11:00:00+00:00,1,5.6,5.6,15848931924611.11
2023-08-05 03:00:00+00:00,1,5.0,5.0,1995262314968.8828
2023-08-05 07:00:00+00:00,1,6.2,6.2,125892541179417.14
2023-08-05 14:00:00+00:00,1,5.3,5.3,5623413251903.491
2023-08-05 16:00:00+00:00,1,5.8,5.8,31622776601683.793
2023-08-05 17:00:00+00:00,1,5.1,5.1,2818382931264.449
2023-08-05 18:00:00+00:00,1,5.4,5.4,7943282347242.8545
2023-08-05 21:00:00+00:00,1,5.2,5.2,3981071705534.9854
2023-08-06 00:00:00+00:00,1,5.3,5.3,5623413251903.491
2023-08-06 01:00:00+00:00,1,5.2,5.2,3981071705534.9854
2023-08-06 04:00:00+00:00,1,5.5,5.5,11220184543019.652
2023-08-06 10:00:00+00:00,1,5.3,5.3,5623413251903.491
2023-08-06 13:00:00+00:00,1,5.1,5.1,2818382931264.449
2023-08-06 14:00:00+00:00,2,5.45,5.7,26368283091218.453
2023-08-06 18:00:00+00:00,1,5.5,5.5,11220184543019.652
2023-08-06 23:00:00+00:00,1,5.4,5.4,7943282347242.8545
2023-08-07 07:00:00+00:00,1,5.0,5.0,1995262314968.8828
2023-08-07 23:00:00+00:00,2,5.3,5.6,17844194239579.992
2023-08-08 15:00:00+00:00,1,5.5,5.5,11220184543019.652
2023-08-08 18:00:00+00:00,1,6.1,6.1,89125093813374.4
2023-08-09 00:00:00+00:00,1,5.3,5.3,5623413251903.491
2023-08-09 09:00:00+00:00,2,5.75,5.8,54009987987367.266
2023-08-10 02:00:00+00:00,1,5.2,5.2,3981071705534.9854
2023-08-10 06:00:00+00:00,1,5.1,5.1,2818382931264.449
2023-08-10 09:00:00+00:00,1,5.0,5.0,1995262314968.8828
2023-08-10 17:00:00+00:00,1,5.2,5.2,3981071705534.9854
2023-08-10 23:00:00+00:00,1,5.1,5.1,2818382931264.449
2023-08-11 00:00:00+00:00,1,5.9,5.9,44668359215096.53
2023-08-12 13:00:00+00:00,1,5.0,5.0,1995262314968.8828
2023-08-13 01:00:00+00:00,1,5.4,5.4,7943282347242.8545
2023-08-13 04:00:00+00:00,1,5.7,5.7,22387211385683.47
2023-08-13 07:00:00+00:00,1,5.1,5.1,2818382931264.449
2023-08-14 10:00:00+00:00,1,6.0,6.0,63095734448019.43
2023-08-14 13:00:00+00:00,1,6.1,6.1,89125093813374.4
2023-08-14 14:00:00+00:00,1,5.3,5.3,5623413251903.491
2023-08-14 22:00:00+00:00,1,5.0,5.0,1995262314968.8828
2023-08-15 03:00:00+00:00,1,5.5,5.5,11220184543019.652
2023-08-15 17:00:00+00:00,1,5.0,5.0,1995262314968.8828
2023-08-16 01:00:00+00:00,1,5.1,5.1,2818382931264.449
2023-08-16 04:00:00+00:00,1,5.0,5.0,1995262314968.8828
2023-08-16 12:00:00+00:00,1,6.5,6.5,354813389233576.06
2023-08-16 15:00:00+00:00,1,5.3,5.3,5623413251903.491
2023-08-16 16:00:00+00:00,1,5.5,5.5,11220184543019.652
2023-08-17 04:00:00+00:00,1,5.4,5.4,7943282347242.8545
2023-08-17 16:00:00+00:00,2,5.55,6.0,65914117379283.875
2023-08-17 17:00:00+00:00,2,5.85,6.1,104974025737985.52
2023-08-18 01:00:00+00:00,1,5.0,5.0,1995262314968.8828
2023-08-18 07:00:00+00:00,1,5.7,5.7,22387211385683.47
2023-08-18 10:00:00+00:00,1,5.4,5.4,7943282347242.8545
2023-08-18 20:00:00+00:00,1,5.4,5.4,7943282347242.8545
2023-08-19 14:00:00+00:00,1,5.0,5.0,1995262314968.8828
2023-08-19 23:00:00+00:00,1,5.4,5.4,7943282347242.8545
2023-08-20 01:00:00+00:00,1,5.2,5.2,3981071705534.9854
2023-08-20 19:00:00+00:00,1,5.7,5.7,22387211385683.47
2023-08-20 21:00:00+00:00,1,5.08,5.08,2630267991895.3813
2023-08-21 05:00:00+00:00,1,5.4,5.4,7943282347242.8545
2023-08-21 10:00:00+00:00,1,5.2,5.2,3981071705534.9854
2023-08-23 14:00:00+00:00,2,5.7,6.2,129873612884952.12
2023-08-23 17:00:00+00:00,1,5.1,5.1,2818382931264.449
2023-08-24 00:00:00+00:00,1,5.0,5.0,1995262314968.8828
2023-08-24 20:00:00+00:00,1,5.0,5.0,1995262314968.8828
2023-08-24 22:00:00+00:00,1,5.8,5.8,31622776601683.793
2023-08-25 10:00:00+00:00,1,5.0,5.0,1995262314968.8828
2023-08-25 17:00:00+00:00,1,5.2,5.2,3981071705534.9854
2023-08-25 19:00:00+00:00,2,5.05,5.1,4813645246233.332
2023-08-25 20:00:00+00:00,1,5.5,5.5,11220184543019.652
2023-08-26 09:00:00+00:00,1,5.1,5.1,2818382931264.449
2023-08-26 17:00:00+00:00,1,5.1,5.1,2818382931264.449
2023-08-27 17:00:00+00:00,1,5.0,5.0,1995262314968.8828
2023-08-27 21:00:00+00:00,1,5.7,5.7,22387211385683.47
2023-08-28 17:00:00+00:00,1,5.3,5.3,5623413251903.491
2023-08-28 19:00:00+00:00,1,7.1,7.1,2818382931264449.0
2023-08-28 20:00:00+00:00,2,5.6,5.7,33607395928703.12
2023-08-28 23:00:00+00:00,1,5.0,5.0,1995262314968.8828
2023-08-29 04:00:00+00:00,2,5.7,5.9,55888543758116.19
2023-08-29 10:00:00+00:00,1,5.2,5.2,3981071705534.9854
2023-08-30 02:00:00+00:00,1,5.0,5.0,1995262314968.8828
2023-08-30 07:00:00+00:00,1,5.1,5.1,2818382931264.449
2023-08-30 13:00:00+00:00,2,5.199999999999999,5.3,8441796183167.94
2023-08-30 14:00:00+00:00,1,5.3,5.3,5623413251903.491
2023-08-30 18:00:00+00:00,1,5.1,5.1,2818382931264.449
2023-08-30 21:00:00+00:00,1,5.0,5.0,1995262314968.8828
2023-08-31 10:00:00+00:00,1,5.4,5.4,7943282347242.8545
2023-08-31 19:00:00+00:00,1,5.1,5.1,2818382931264.449
2023-09-01 10:00:00+00:00,1,5.0,5.0,1995262314968.8828
2023-09-01 19:00:00+00:00,1,5.3,5.3,5623413251903.491
2023-09-01 20:00:00+00:00,1,6.1,6.1,89125093813374.4
2023-09-02 11:00:00+00:00,1,5.3,5.3,5623413251903.491
2023-09-03 03:00:00+00:00,1,5.0,5.0,1995262314968.8828
2023-09-03 10:00:00+00:00,1,5.1,5.1,2818382931264.449
2023-09-03 21:00:00+00:00,1,5.5,5.5,11220184543019.652
2023-09-04 09:00:00+00:00,1,5.0,5.0,1995262314968.8828
2023-09-04 13:00:00+00:00,1,5.0,5.0,1995262314968.8828
2023-09-04 14:00:00+00:00,1,5.1,5.1,2818382931264.449
2023-09-05 00:00:00+00:00,1,5.7,5.7,22387211385683.47
2023-09-05 14:00:00+00:00,1,5.1,5.1,2818382931264.449
2023-09-05 15:00:00+00:00,2,5.449999999999999,5.8,34441159532948.242
2023-09-05 17:00:00+00:00,1,5.0,5.0,1995262314968.8828
2023-09-06 23:00:00+00:00,1,6.3,6.3,177827941003892.28
2023-09-07 04:00:00+00:00,1,5.3,5.3,5623413251903.491
2023-09-07 05:00:00+00:00,1,5.1,5.1,2818382931264.449
2023-09-07 19:00:00+00:00,1,5.1,5.1,2818382931264.449
2023-09-08 09:00:00+00:00,2,5.9,6.6,505168305332806.44
2023-09-08 10:00:00+00:00,1,5.2,5.2,3981071705534.9854
2023-09-08 15:00:00+00:00,1,5.6,5.6,15848931924611.11
2023-09-08 16:00:00+00:00,2,5.5,5.8,35603848307218.78
2023-09-08 17:00:00+00:00,1,5.0,5.0,1995262314968.8828
2023-09-08 18:00:00+00:00,1,5.1,5.1,2818382931264.449
2023-09-08 20:00:00+00:00,1,5.0,5.0,1995262314968.8828
2023-09-08 22:00:00+00:00,1,6.8,6.8,1000000000000000.0
2023-09-09 00:00:00+00:00,2,5.3,5.6,17844194239579.992
2023-09-09 03:00:00+00:00,1,5.8,5.8,31622776601683.793
2023-09-09 14:00:00+00:00,1,6.0,6.0,63095734448019.43
2023-09-10 13:00:00+00:00,1,5.0,5.0,1995262314968.8828
2023-09-10 15:00:00+00:00,2,5.3,5.3,11246826503806.982
2023-09-11 05:00:00+00:00,1,5.0,5.0,1995262314968.8828
2023-09-11 09:00:00+00:00,1,5.9,5.9,44668359215096.53
2023-09-11 12:00:00+00:00,1,6.0,6.0,63095734448019.43
2023-09-11 13:00:00+00:00,1,5.5,5.5,11220184543019.652
2023-09-11 17:00:00+00:00,1,5.0,5.0,1995262314968.8828
2023-09-11 22:00:00+00:00,1,5.3,5.3,5623413251903.491
2023-09-12 01:00:00+00:00,2,5.05,5.1,4813645246233.332
2023-09-12 02:00:00+00:00,1,5.1,5.1,2818382931264.449
2023-09-12 04:00:00+00:00,1,5.3,5.3,5623413251903.491
2023-09-12 11:00:00+00:00,1,6.2,6.2,125892541179417.14
2023-09-12 23:00:00+00:00,1,5.0,5.0,1995262314968.8828
2023-09-13 02:00:00+00:00,1,5.1,5.1,2818382931264.449
2023-09-13 05:00:00+00:00,1,5.0,5.0,1995262314968.8828
2023-09-13 11:00:00+00:00,2,5.65,6.1,93106165518909.39
2023-09-13 16:00:00+00:00,1,5.0,5.0,1995262314968.8828
2023-09-13 17:00:00+00:00,1,5.0,5.0,1995262314968.8828
2023-09-14 07:00:00+00:00,1,5.1,5.1,2818382931264.449
2023-09-14 14:00:00+00:00,1,5.2,5.2,3981071705534.9854
2023-09-14 19:00:00+00:00,1,5.6,5.6,15848931924611.11
2023-09-14 22:00:00+00:00,1,5.6,5.6,15848931924611.11
2023-09-14 23:00:00+00:00,2,5.05,5.1,4813645246233.332
2023-09-15 02:00:00+00:00,1,5.1,5.1,2818382931264.449
2023-09-15 09:00:00+00:00,1,5.0,5.0,1995262314968.8828
2023-09-15 13:00:00+00:00,1,5.1,5.1,2818382931264.449
2023-09-15 18:00:00+00:00,2,5.35,5.7,24382473700652.35
2023-09-15 23:00:00+00:00,1,5.0,5.0,1995262314968.8828
2023-09-16 02:00:00+00:00,1,5.0,5.0,1995262314968.8828
2023-09-16 13:00:00+00:00,1,5.5,5.5,11220184543019.652
2023-09-16 17:00:00+00:00,1,5.0,5.0,1995262314968.8828
2023-09-16 21:00:00+00:00,1,5.0,5.0,1995262314968.8828
2023-09-17 04:00:00+00:00,1,5.1,5.1,2818382931264.449
2023-09-17 11:00:00+00:00,1,5.5,5.5,11220184543019.652
2023-09-17 22:00:00+00:00,1,5.1,5.1,2818382931264.449
2023-09-18 03:00:00+00:00,1,5.1,5.1,2818382931264.449
2023-09-18 13:00:00+00:00,1,6.3,6.3,177827941003892.28
2023-09-18 16:00:00+00:00,1,5.0,5.0,1995262314968.8828
2023-09-18 19:00:00+00:00,1,5.5,5.5,11220184543019.652
2023-09-19 06:00:00+00:00,1,5.8,5.8,31622776601683.793
2023-09-19 21:00:00+00:00,1,5.5,5.5,11220184543019.652
2023-09-19 22:00:00+00:00,1,5.2,5.2,3981071705534.9854
2023-09-20 02:00:00+00:00,1,5.1,5.1,2818382931264.449
2023-09-20 09:00:00+00:00,1,5.0,5.0,1995262314968.8828
2023-09-20 14:00:00+00:00,2,5.550000000000001,5.9,48649430920631.516
2023-09-20 15:00:00+00:00,1,5.8,5.8,31622776601683.793
2023-09-20 19:00:00+00:00,1,5.7,5.7,22387211385683.47
2023-09-21 01:00:00+00:00,1,5.4,5.4,7943282347242.8545
2023-09-21 09:00:00+00:00,1,5.0,5.0,1995262314968.8828
2023-09-21 15:00:00+00:00,1,5.6,5.6,15848931924611.11
2023-09-21 21:00:00+00:00,2,5.9,6.1,111512305199057.88
2023-09-22 01:00:00+00:00,1,5.1,5.1,2818382931264.449
2023-09-22 09:00:00+00:00,1,5.0,5.0,1995262314968.8828
2023-09-22 14:00:00+00:00,1,5.8,5.8,31622776601683.793
2023-09-22 16:00:00+00:00,2,5.2,5.4,9938544662211.738
2023-09-23 15:00:00+00:00,1,5.3,5.3,5623413251903.491
2023-09-24 01:00:00+00:00,1,5.2,5.2,3981071705534.9854
2023-09-24 15:00:00+00:00,1,5.0,5.0,1995262314968.8828
2023-09-26 01:00:00+00:00,1,5.9,5.9,44668359215096.53
2023-09-26 06:00:00+00:00,1,5.4,5.4,7943282347242.8545
2023-09-26 14:00:00+00:00,1,5.2,5.2,3981071705534.9854
2023-09-27 02:00:00+00:00,1,5.0,5.0,1995262314968.8828
2023-09-27 16:00:00+00:00,1,5.0,5.0,1995262314968.8828
2023-09-27 17:00:00+00:00,2,5.55,5.6,27069116467630.76
2023-09-28 01:00:00+00:00,1,5.0,5.0,1995262314968.8828
2023-09-28 14:00:00+00:00,1,6.1,6.1,89125093813374.4
2023-09-28 17:00:00+00:00,1,5.8,5.8,31622776601683.793
2023-09-28 19:00:00+00:00,2,5.35,5.7,24382473700652.35
2023-09-29 01:00:00+00:00,2,5.3,5.6,17844194239579.992
2023-09-29 16:00:00+00:00,1,5.1,5.1,2818382931264.449
2023-09-29 19:00:00+00:00,1,5.0,5.0,1995262314968.8828
2023-09-29 22:00:00+00:00,1,5.2,5.2,3981071705534.9854
2023-09-30 00:00:00+00:00,1,5.8,5.8,31622776601683.793
2023-10-01 04:00:00+00:00,1,5.3,5.3,5623413251903.491
2023-10-02 02:00:00+00:00,2,5.1,5.2,5976334020503.868
2023-10-02 08:00:00+00:00,1,5.3,5.3,5623413251903.491
2023-10-02 14:00:00+00:00,2,5.15,5.3,7618675566872.374
2023-10-03 01:00:00+00:00,1,5.7,5.7,22387211385683.47
2023-10-03 08:00:00+00:00,1,5.0,5.0,1995262314968.8828
2023-10-03 09:00:00+00:00,1,5.7,5.7,22387211385683.47
2023-10-03 11:00:00+00:00,1,6.0,6.0,63095734448019.43
2023-10-03 13:00:00+00:00,1,5.1,5.1,2818382931264.449
2023-10-03 15:00:00+00:00,2,5.4,5.8,33618038916652.676
2023-10-03 19:00:00+00:00,2,5.15,5.3,7618675566872.374
2023-10-03 20:00:00+00:00,1,5.2,5.2,3981071705534.9854
2023-10-04 00:00:00+00:00,1,5.5,5.5,11220184543019.652
2023-10-04 02:00:00+00:00,1,5.6,5.6,15848931924611.11
2023-10-04 03:00:00+00:00,1,5.7,5.7,22387211385683.47
2023-10-04 04:00:00+00:00,1,5.6,5.6,15848931924611.11
2023-10-04 05:00:00+00:00,1,5.5,5.5,11220184543019.652
2023-10-04 11:00:00+00:00,3,5.566666666666666,6.4,258807318717831.62
2023-10-04 16:00:00+00:00,1,5.0,5.0,1995262314968.8828
2023-10-04 17:00:00+00:00,1,5.2,5.2,3981071705534.9854
2023-10-04 18:00:00+00:00,1,5.0,5.0,1995262314968.8828
2023-10-04 21:00:00+00:00,1,5.3,5.3,5623413251903.491
2023-10-04 22:00:00+00:00,1,5.3,5.3,5623413251903.491
2023-10-04 23:00:00+00:00,3,5.166666666666667,5.3,11260179114432.39
2023-10-05 01:00:00+00:00,3,5.566666666666666,6.1,101049447866152.25
2023-10-05 02:00:00+00:00,3,5.466666666666666,5.7,35953906984829.81
2023-10-05 04:00:00+00:00,2,5.1,5.2,5976334020503.868
2023-10-05 05:00:00+00:00,1,5.0,5.0,1995262314968.8828
2023-10-05 06:00:00+00:00,2,5.45,5.7,26368283091218.453
2023-10-05 13:00:00+00:00,1,5.0,5.0,1995262314968.8828
2023-10-05 21:00:00+00:00,1,5.2,5.2,3981071705534.9854
2023-10-06 01:00:00+00:00,1,6.1,6.1,89125093813374.4
2023-10-06 03:00:00+00:00,2,5.25,5.4,10761665278507.305
2023-10-06 04:00:00+00:00,2,5.05,5.1,4813645246233.332
2023-10-06 05:00:00+00:00,1,5.5,5.5,11220184543019.652
2023-10-06 13:00:00+00:00,1,5.0,5.0,1995262314968.8828
2023-10-07 05:00:00+00:00,1,5.9,5.9,44668359215096.53
2023-10-07 06:00:00+00:00,3,5.566666666666666,6.3,187766485666104.0
2023-10-07 07:00:00+00:00,3,5.8,6.3,226477371924523.8
2023-10-07 08:00:00+00:00,2,6.800000000000001,6.9,2120483329006901.5
2023-10-07 09:00:00+00:00,1,5.5,5.5,11220184543019.652
2023-10-07 10:00:00+00:00,1,5.0,5.0,1995262314968.8828
2023-10-07 13:00:00+00:00,1,5.6,5.6,15848931924611.11
2023-10-07 14:00:00+00:00,3,5.2,5.3,12422867888702.926
2023-10-07 16:00:00+00:00,1,5.7,5.7,22387211385683.47
2023-10-07 22:00:00+00:00,1,5.1,5.1,2818382931264.449
2023-10-08 05:00:00+00:00,1,5.2,5.2,3981071705534.9854
2023-10-08 18:00:00+00:00,1,5.9,5.9,44668359215096.53
2023-10-08 21:00:00+00:00,4,5.175,5.4,17557220229084.111
2023-10-09 03:00:00+00:00,1,5.0,5.0,1995262314968.8828
2023-10-09 05:00:00+00:00,1,5.3,5.3,5623413251903.491
2023-10-09 13:00:00+00:00,1,5.1,5.1,2818382931264.449
2023-10-09 18:00:00+00:00,1,5.0,5.0,1995262314968.8828
2023-10-10 00:00:00+00:00,1,5.6,5.6,15848931924611.11
2023-10-10 07:00:00+00:00,1,5.5,5.5,11220184543019.652
2023-10-10 10:00:00+00:00,1,6.0,6.0,63095734448019.43
2023-10-11 00:00:00+00:00,2,5.65,6.3,179823203318861.16
2023-10-11 01:00:00+00:00,1,5.0,5.0,1995262314968.8828
2023-10-11 03:00:00+00:00,1,5.7,5.7,22387211385683.47
2023-10-11 04:00:00+00:00,1,5.0,5.0,1995262314968.8828
2023-10-11 10:00:00+00:00,1,5.2,5.2,3981071705534.9854
2023-10-11 20:00:00+00:00,1,6.3,6.3,177827941003892.28
2023-10-12 02:00:00+00:00,1,5.6,5.6,15848931924611.11
2023-10-12 06:00:00+00:00,1,5.2,5.2,3981071705534.9854
2023-10-12 10:00:00+00:00,1,5.1,5.1,2818382931264.449
2023-10-12 22:00:00+00:00,1,5.1,5.1,2818382931264.449
2023-10-13 00:00:00+00:00,1,5.0,5.0,1995262314968.8828
2023-10-13 02:00:00+00:00,1,5.4,5.4,7943282347242.8545
2023-10-13 03:00:00+00:00,1,5.9,5.9,44668359215096.53
2023-10-13 08:00:00+00:00,1,5.1,5.1,2818382931264.449
2023-10-13 09:00:00+00:00,1,5.1,5.1,2818382931264.449
2023-10-14 06:00:00+00:00,1,5.7,5.7,22387211385683.47
2023-10-14 08:00:00+00:00,1,5.5,5.5,11220184543019.652
2023-10-14 22:00:00+00:00,1,5.1,5.1,2818382931264.449
2023-10-15 03:00:00+00:00,2,5.85,6.3,185771223351135.12
2023-10-15 09:00:00+00:00,1,5.2,5.2,3981071705534.9854
2023-10-15 11:00:00+00:00,1,5.3,5.3,5623413251903.491
2023-10-16 06:00:00+00:00,1,5.2,5.2,3981071705534.9854
2023-10-16 08:00:00+00:00,1,5.2,5.2,3981071705534.9854
2023-10-16 10:00:00+00:00,1,5.7,5.7,22387211385683.47
2023-10-16 11:00:00+00:00,1,6.4,6.4,251188643150959.25
2023-10-16 18:00:00+00:00,1,5.0,5.0,1995262314968.8828
2023-10-17 04:00:00+00:00,1,5.1,5.1,2818382931264.449
2023-10-17 05:00:00+00:00,1,5.5,5.5,11220184543019.652
2023-10-17 08:00:00+00:00,1,5.0,5.0,1995262314968.8828
2023-10-17 13:00:00+00:00,1,5.6,5.6,15848931924611.11
2023-10-17 16:00:00+00:00,1,5.3,5.3,5623413251903.491
2023-10-17 21:00:00+00:00,1,5.2,5.2,3981071705534.9854
2023-10-18 08:00:00+00:00,1,5.2,5.2,3981071705534.9854
2023-10-18 10:00:00+00:00,1,5.5,5.5,11220184543019.652
2023-10-18 22:00:00+00:00,1,5.1,5.1,2818382931264.449
2023-10-19 00:00:00+00:00,1,5.3,5.3,5623413251903.491
2023-10-19 03:00:00+00:00,1,5.0,5.0,1995262314968.8828
2023-10-19 14:00:00+00:00,1,5.1,5.1,2818382931264.449
2023-10-19 18:00:00+00:00,1,5.9,5.9,44668359215096.53
2023-10-20 00:00:00+00:00,1,5.7,5.7,22387211385683.47
2023-10-20 19:00:00+00:00,2,5.05,5.1,4813645246233.332
2023-10-21 10:00:00+00:00,1,5.2,5.2,3981071705534.9854
2023-10-21 17:00:00+00:00,1,5.1,5.1,2818382931264.449
2023-10-22 01:00:00+00:00,1,5.2,5.2,3981071705534.9854
2023-10-22 03:00:00+00:00,1,5.0,5.0,1995262314968.8828
2023-10-22 04:00:00+00:00,1,5.1,5.1,2818382931264.449
2023-10-22 15:00:00+00:00,1,5.0,5.0,1995262314968.8828
2023-10-22 19:00:00+00:00,1,5.5,5.5,11220184543019.652
2023-10-23 10:00:00+00:00,2,5.6,6.0,67076806153554.414
2023-10-23 15:00:00+00:00,1,5.0,5.0,1995262314968.8828
2023-10-23 23:00:00+00:00,3,5.466666666666666,5.9,55430024493603.83
2023-10-24 10:00:00+00:00,1,5.0,5.0,1995262314968.8828
2023-10-24 11:00:00+00:00,1,5.4,5.4,7943282347242.8545
2023-10-24 22:00:00+00:00,1,5.2,5.2,3981071705534.9854
2023-10-25 03:00:00+00:00,1,5.2,5.2,3981071705534.9854
2023-10-25 13:00:00+00:00,1,5.2,5.2,3981071705534.9854
2023-10-25 14:00:00+00:00,1,5.1,5.1,2818382931264.449
2023-10-25 15:00:00+00:00,1,5.2,5.2,3981071705534.9854
2023-10-26 02:00:00+00:00,1,5.4,5.4,7943282347242.8545
2023-10-26 05:00:00+00:00,1,5.5,5.5,11220184543019.652
2023-10-26 07:00:00+00:00,1,5.9,5.9,44668359215096.53
2023-10-26 16:00:00+00:00,1,5.9,5.9,44668359215096.53
2023-10-26 19:00:00+00:00,2,5.4,5.6,19830003630146.094
2023-10-26 20:00:00+00:00,1,5.1,5.1,2818382931264.449
2023-10-26 21:00:00+00:00,1,5.4,5.4,7943282347242.8545
2023-10-26 23:00:00+00:00,1,5.2,5.2,3981071705534.9854
2023-10-27 03:00:00+00:00,1,5.6,5.6,15848931924611.11
2023-10-27 07:00:00+00:00,1,5.0,5.0,1995262314968.8828
2023-10-28 03:00:00+00:00,2,5.199999999999999,5.3,8441796183167.94
2023-10-28 04:00:00+00:00,1,5.5,5.5,11220184543019.652
2023-10-28 05:00:00+00:00,1,5.5,5.5,11220184543019.652
2023-10-28 08:00:00+00:00,1,5.3,5.3,5623413251903.491
2023-10-28 09:00:00+00:00,1,5.6,5.6,15848931924611.11
2023-10-28 13:00:00+00:00,1,5.5,5.5,11220184543019.652
2023-10-28 15:00:00+00:00,1,5.4,5.4,7943282347242.8545
2023-10-28 19:00:00+00:00,1,5.0,5.0,1995262314968.8828
2023-10-29 00:00:00+00:00,1,5.1,5.1,2818382931264.449
2023-10-29 04:00:00+00:00,1,6.0,6.0,63095734448019.43
2023-10-29 12:00:00+00:00,1,5.0,5.0,1995262314968.8828
2023-10-29 13:00:00+00:00,1,5.1,5.1,2818382931264.449
2023-10-30 08:00:00+00:00,1,5.1,5.1,2818382931264.449
2023-10-30 15:00:00+00:00,1,5.4,5.4,7943282347242.8545
2023-10-30 22:00:00+00:00,1,5.0,5.0,1995262314968.8828
2023-10-31 00:00:00+00:00,1,5.0,5.0,1995262314968.8828
2023-10-31 01:00:00+00:00,1,5.1,5.1,2818382931264.449
2023-10-31 09:00:00+00:00,1,5.1,5.1,2818382931264.449
2023-10-31 11:00:00+00:00,1,6.5,6.5,354813389233576.06
2023-10-31 12:00:00+00:00,1,6.6,6.6,501187233627271.44
2023-10-31 22:00:00+00:00,1,5.1,5.1,2818382931264.449
2023-11-01 06:00:00+00:00,1,5.2,5.2,3981071705534.9854
2023-11-01 10:00:00+00:00,1,5.0,5.0,1995262314968.8828
2023-11-01 14:00:00+00:00,1,5.0,5.0,1995262314968.8828
2023-11-01 21:00:00+00:00,2,5.699999999999999,6.1,94748507065277.89
2023-11-01 23:00:00+00:00,1,5.1,5.1,2818382931264.449
2023-11-02 06:00:00+00:00,1,5.7,5.7,22387211385683.47
2023-11-02 23:00:00+00:00,1,5.1,5.1,2818382931264.449
2023-11-03 06:00:00+00:00,2,5.05,5.1,4813645246233.332
2023-11-03 07:00:00+00:00,1,5.7,5.7,22387211385683.47
2023-11-03 11:00:00+00:00,1,5.3,5.3,5623413251903.491
2023-11-03 18:00:00+00:00,2,5.35,5.7,24382473700652.35
2023-11-05 13:00:00+00:00,1,5.1,5.1,2818382931264.449
2023-11-05 15:00:00+00:00,1,5.7,5.7,22387211385683.47
2023-11-06 05:00:00+00:00,1,5.0,5.0,1995262314968.8828
2023-11-06 10:00:00+00:00,1,5.3,5.3,5623413251903.491
2023-11-06 12:00:00+00:00,1,5.5,5.5,11220184543019.652
2023-11-06 13:00:00+00:00,1,5.1,5.1,2818382931264.449
2023-11-06 15:00:00+00:00,1,5.2,5.2,3981071705534.9854
2023-11-06 21:00:00+00:00,1,5.3,5.3,5623413251903.491
2023-11-07 00:00:00+00:00,1,5.3,5.3,5623413251903.491
2023-11-07 03:00:00+00:00,1,5.0,5.0,1995262314968.8828
2023-11-07 07:00:00+00:00,2,5.45,5.5,19163466890262.508
2023-11-07 18:00:00+00:00,2,5.35,5.4,13566695599146.346
2023-11-08 04:00:00+00:00,2,6.9,7.1,3526328715648589.0
2023-11-08 05:00:00+00:00,1,5.2,5.2,3981071705534.9854
2023-11-08 06:00:00+00:00,1,5.1,5.1,2818382931264.449
2023-11-08 08:00:00+00:00,1,5.6,5.6,15848931924611.11
2023-11-08 10:00:00+00:00,1,5.2,5.2,3981071705534.9854
2023-11-08 13:00:00+00:00,2,5.9,6.7,710764167315404.8
2023-11-08 14:00:00+00:00,1,5.0,5.0,1995262314968.8828
2023-11-08 17:00:00+00:00,1,5.3,5.3,5623413251903.491
2023-11-09 09:00:00+00:00,1,5.1,5.1,2818382931264.449
2023-11-09 14:00:00+00:00,1,5.1,5.1,2818382931264.449
2023-11-09 17:00:00+00:00,1,5.1,5.1,2818382931264.449
2023-11-09 20:00:00+00:00,1,5.4,5.4,7943282347242.8545
2023-11-10 01:00:00+00:00,1,5.0,5.0,1995262314968.8828
2023-11-10 03:00:00+00:00,1,5.9,5.9,44668359215096.53
2023-11-10 06:00:00+00:00,1,5.2,5.2,3981071705534.9854
2023-11-10 10:00:00+00:00,1,5.8,5.8,31622776601683.793
2023-11-10 17:00:00+00:00,1,5.0,5.0,1995262314968.8828
2023-11-10 18:00:00+00:00,2,5.25,5.3,9604484957438.477
2023-11-10 20:00:00+00:00,3,5.466666666666666,6.1,96743769380246.78
2023-11-10 21:00:00+00:00,3,5.3,5.6,23467607491483.484
2023-11-11 06:00:00+00:00,1,5.7,5.7,22387211385683.47
2023-11-11 12:00:00+00:00,1,5.6,5.6,15848931924611.11
2023-11-12 02:00:00+00:00,1,5.2,5.2,3981071705534.9854
2023-11-12 04:00:00+00:00,1,5.9,5.9,44668359215096.53
2023-11-12 05:00:00+00:00,1,5.5,5.5,11220184543019.652
2023-11-12 06:00:00+00:00,1,5.1,5.1,2818382931264.449
2023-11-12 09:00:00+00:00,1,5.2,5.2,3981071705534.9854
2023-11-12 20:00:00+00:00,1,5.3,5.3,5623413251903.491
2023-11-13 07:00:00+00:00,1,6.1,6.1,89125093813374.4
2023-11-13 12:00:00+00:00,1,5.3,5.3,5623413251903.491
2023-11-13 14:00:00+00:00,1,5.7,5.7,22387211385683.47
2023-11-14 05:00:00+00:00,1,5.5,5.5,11220184543019.652
2023-11-14 06:00:00+00:00,1,5.2,5.2,3981071705534.9854
2023-11-14 07:00:00+00:00,2,5.8,6.1,100345278356394.06
2023-11-14 12:00:00+00:00,1,5.9,5.9,44668359215096.53
2023-11-14 13:00:00+00:00,2,5.1,5.1,5636765862528.898
2023-11-14 18:00:00+00:00,1,5.1,5.1,2818382931264.449
2023-11-15 23:00:00+00:00,2,5.4,5.8,33618038916652.676
2023-11-16 02:00:00+00:00,1,5.1,5.1,2818382931264.449
2023-11-16 09:00:00+00:00,1,5.0,5.0,1995262314968.8828
2023-11-17 01:00:00+00:00,1,5.7,5.7,22387211385683.47
2023-11-17 03:00:00+00:00,1,5.2,5.2,3981071705534.9854
2023-11-17 08:00:00+00:00,1,6.7,6.7,707945784384140.2
2023-11-18 03:00:00+00:00,1,5.5,5.5,11220184543019.652
2023-11-19 04:00:00+00:00,1,5.9,5.9,44668359215096.53
2023-11-19 17:00:00+00:00,1,5.3,5.3,5623413251903.491
2023-11-19 20:00:00+00:00,1,5.0,5.0,1995262314968.8828
2023-11-19 21:00:00+00:00,1,5.8,5.8,31622776601683.793
2023-11-19 23:00:00+00:00,1,5.5,5.5,11220184543019.652
2023-11-20 04:00:00+00:00,1,5.1,5.1,2818382931264.449
2023-11-20 19:00:00+00:00,1,5.0,5.0,1995262314968.8828
2023-11-21 05:00:00+00:00,1,5.5,5.5,11220184543019.652
2023-11-21 07:00:00+00:00,2,5.35,5.5,15201256248554.637
2023-11-21 15:00:00+00:00,1,5.2,5.2,3981071705534.9854
2023-11-21 21:00:00+00:00,1,5.0,5.0,1995262314968.8828
2023-11-22 02:00:00+00:00,1,6.0,6.0,63095734448019.43
2023-11-22 04:00:00+00:00,1,6.7,6.7,707945784384140.2
2023-11-22 11:00:00+00:00,1,5.0,5.0,1995262314968.8828
2023-11-23 14:00:00+00:00,1,5.3,5.3,5623413251903.491
2023-11-23 15:00:00+00:00,1,5.2,5.2,3981071705534.9854
2023-11-23 20:00:00+00:00,1,5.0,5.0,1995262314968.8828
2023-11-24 09:00:00+00:00,4,5.65,6.9,1427280281606803.5
2023-11-24 10:00:00+00:00,3,5.1,5.1,8455148793793.348
2023-11-24 11:00:00+00:00,1,5.0,5.0,1995262314968.8828
2023-11-24 14:00:00+00:00,1,5.1,5.1,2818382931264.449
2023-11-24 16:00:00+00:00,1,5.1,5.1,2818382931264.449
2023-11-24 18:00:00+00:00,1,5.0,5.0,1995262314968.8828
2023-11-24 19:00:00+00:00,1,5.5,5.5,11220184543019.652
2023-11-24 21:00:00+00:00,1,5.3,5.3,5623413251903.491
2023-11-25 00:00:00+00:00,1,5.1,5.1,2818382931264.449
2023-11-25 04:00:00+00:00,1,5.0,5.0,1995262314968.8828
2023-11-25 06:00:00+00:00,1,5.0,5.0,1995262314968.8828
2023-11-25 12:00:00+00:00,1,5.1,5.1,2818382931264.449
2023-11-25 15:00:00+00:00,1,5.6,5.6,15848931924611.11
2023-11-25 17:00:00+00:00,1,5.6,5.6,15848931924611.11
2023-11-26 08:00:00+00:00,1,5.1,5.1,2818382931264.449
2023-11-26 09:00:00+00:00,1,5.3,5.3,5623413251903.491
2023-11-26 11:00:00+00:00,1,5.4,5.4,7943282347242.8545
2023-11-27 02:00:00+00:00,1,5.6,5.6,15848931924611.11
2023-11-27 03:00:00+00:00,2,5.45,5.5,19163466890262.508
2023-11-27 04:00:00+00:00,1,5.2,5.2,3981071705534.9854
2023-11-27 05:00:00+00:00,1,5.0,5.0,1995262314968.8828
2023-11-27 06:00:00+00:00,1,5.0,5.0,1995262314968.8828
2023-11-27 10:00:00+00:00,1,5.0,5.0,1995262314968.8828
2023-11-27 21:00:00+00:00,2,5.8,6.5,357631772164840.5
2023-11-28 02:00:00+00:00,1,5.0,5.0,1995262314968.8828
2023-11-28 03:00:00+00:00,1,5.0,5.0,1995262314968.8828
2023-11-28 06:00:00+00:00,1,5.6,5.6,15848931924611.11
2023-11-28 07:00:00+00:00,1,5.8,5.8,31622776601683.793
2023-11-28 13:00:00+00:00,1,5.1,5.1,2818382931264.449
2023-11-28 15:00:00+00:00,1,5.1,5.1,2818382931264.449
2023-11-28 16:00:00+00:00,1,5.0,5.0,1995262314968.8828
2023-11-30 07:00:00+00:00,1,5.8,5.8,31622776601683.793
2023-11-30 16:00:00+00:00,1,5.0,5.0,1995262314968.8828
2023-11-30 23:00:00+00:00,1,5.0,5.0,1995262314968.8828
2023-12-01 05:00:00+00:00,1,5.1,5.1,2818382931264.449
2023-12-01 08:00:00+00:00,1,5.0,5.0,1995262314968.8828
2023-12-01 14:00:00+00:00,1,5.2,5.2,3981071705534.9854
2023-12-01 17:00:00+00:00,2,5.0,5.0,3990524629937.7656
2023-12-02 03:00:00+00:00,2,5.25,5.5,13215446857988.535
2023-12-02 05:00:00+00:00,2,5.1,5.2,5976334020503.868
2023-12-02 07:00:00+00:00,1,5.8,5.8,31622776601683.793
2023-12-02 08:00:00+00:00,1,5.3,5.3,5623413251903.491
2023-12-02 11:00:00+00:00,1,5.2,5.2,3981071705534.9854
2023-12-02 12:00:00+00:00,1,5.5,5.5,11220184543019.652
2023-12-02 14:00:00+00:00,5,5.84,7.6,1.5881662087100518e+16
2023-12-02 15:00:00+00:00,11,5.290909090909091,5.8,85566624245341.27
2023-12-02 16:00:00+00:00,11,5.427272727272728,6.4,341312433192626.4
2023-12-02 17:00:00+00:00,11,5.309090909090909,6.1,152309247183830.25
2023-12-02 18:00:00+00:00,7,5.314285714285715,6.3,200202706165432.34
2023-12-02 19:00:00+00:00,4,5.275,5.3,20851311461245.46
2023-12-02 20:00:00+00:00,2,5.7,6.0,71039016795262.28
2023-12-02 21:00:00+00:00,2,5.1,5.1,5636765862528.898
2023-12-02 22:00:00+00:00,1,5.5,5.5,11220184543019.652
2023-12-03 02:00:00+00:00,2,5.25,5.3,9604484957438.477
2023-12-03 03:00:00+00:00,2,5.15,5.2,6799454636799.435
2023-12-03 04:00:00+00:00,2,5.15,5.2,6799454636799.435
2023-12-03 05:00:00+00:00,1,5.4,5.4,7943282347242.8545
2023-12-03 09:00:00+00:00,2,5.05,5.1,4813645246233.332
2023-12-03 10:00:00+00:00,5,5.76,6.6,558586843827828.5
2023-12-03 11:00:00+00:00,1,5.0,5.0,1995262314968.8828
2023-12-03 12:00:00+00:00,2,5.300000000000001,5.4,11924354052777.84
2023-12-03 14:00:00+00:00,3,5.3999999999999995,6.0,68732500310548.33
2023-12-03 17:00:00+00:00,1,5.0,5.0,1995262314968.8828
2023-12-03 18:00:00+00:00,1,5.1,5.1,2818382931264.449
2023-12-03 19:00:00+00:00,2,6.050000000000001,6.9,1416518616328296.2
2023-12-03 20:00:00+00:00,2,5.15,5.3,7618675566872.374
2023-12-03 21:00:00+00:00,1,5.4,5.4,7943282347242.8545
2023-12-03 22:00:00+00:00,1,5.1,5.1,2818382931264.449
2023-12-03 23:00:00+00:00,1,5.1,5.1,2818382931264.449
2023-12-04 01:00:00+00:00,1,5.5,5.5,11220184543019.652
2023-12-04 02:00:00+00:00,2,5.1,5.2,5976334020503.868
2023-12-04 04:00:00+00:00,3,5.233333333333333,5.3,14065209435071.432
2023-12-04 05:00:00+00:00,2,5.5,5.7,28010624637586.96
2023-12-04 06:00:00+00:00,1,5.0,5.0,1995262314968.8828
2023-12-04 07:00:00+00:00,1,5.1,5.1,2818382931264.449
2023-12-04 12:00:00+00:00,1,5.2,5.2,3981071705534.9854
2023-12-05 00:00:00+00:00,2,5.15,5.2,6799454636799.435
2023-12-05 03:00:00+00:00,1,5.06,5.06,2454708915685.0337
2023-12-05 05:00:00+00:00,1,5.1,5.1,2818382931264.449
2023-12-05 07:00:00+00:00,1,5.6,5.6,15848931924611.11
2023-12-05 08:00:00+00:00,1,5.7,5.7,22387211385683.47
2023-12-05 09:00:00+00:00,2,5.6,5.7,33607395928703.12
2023-12-05 12:00:00+00:00,2,5.05,5.1,4813645246233.332
2023-12-05 13:00:00+00:00,1,5.8,5.8,31622776601683.793
2023-12-05 17:00:00+00:00,1,5.5,5.5,11220184543019.652
2023-12-05 19:00:00+00:00,1,5.4,5.4,7943282347242.8545
2023-12-05 20:00:00+00:00,1,5.4,5.4,7943282347242.8545
2023-12-06 01:00:00+00:00,2,5.15,5.3,7618675566872.374
2023-12-06 06:00:00+00:00,1,5.0,5.0,1995262314968.8828
2023-12-06 10:00:00+00:00,1,5.1,5.1,2818382931264.449
2023-12-06 11:00:00+00:00,1,5.1,5.1,2818382931264.449
2023-12-06 15:00:00+00:00,1,5.3,5.3,5623413251903.491
2023-12-06 21:00:00+00:00,1,5.1,5.1,2818382931264.449
2023-12-07 00:00:00+00:00,1,5.4,5.4,7943282347242.8545
2023-12-07 01:00:00+00:00,1,5.7,5.7,22387211385683.47
2023-12-07 02:00:00+00:00,1,5.0,5.0,1995262314968.8828
2023-12-07 04:00:00+00:00,2,5.25,5.4,10761665278507.305
2023-12-07 06:00:00+00:00,1,5.2,5.2,3981071705534.9854
2023-12-07 12:00:00+00:00,1,7.1,7.1,2818382931264449.0
2023-12-07 14:00:00+00:00,1,5.1,5.1,2818382931264.449
2023-12-07 15:00:00+00:00,1,5.0,5.0,1995262314968.8828
2023-12-07 19:00:00+00:00,1,5.2,5.2,3981071705534.9854
2023-12-07 20:00:00+00:00,1,5.7,5.7,22387211385683.47
2023-12-08 00:00:00+00:00,1,5.8,5.8,31622776601683.793
2023-12-08 02:00:00+00:00,2,5.2,5.4,9938544662211.738
2023-12-08 03:00:00+00:00,1,5.1,5.1,2818382931264.449
2023-12-08 06:00:00+00:00,2,5.1,5.2,5976334020503.868
2023-12-08 07:00:00+00:00,1,5.6,5.6,15848931924611.11
2023-12-08 09:00:00+00:00,1,5.1,5.1,2818382931264.449
2023-12-08 10:00:00+00:00,1,5.2,5.2,3981071705534.9854
2023-12-08 15:00:00+00:00,1,5.5,5.5,11220184543019.652
2023-12-08 16:00:00+00:00,1,5.2,5.2,3981071705534.9854
2023-12-08 19:00:00+00:00,1,5.2,5.2,3981071705534.9854
2023-12-09 04:00:00+00:00,1,5.2,5.2,3981071705534.9854
2023-12-09 08:00:00+00:00,1,5.0,5.0,1995262314968.8828
2023-12-09 09:00:00+00:00,1,5.2,5.2,3981071705534.9854
2023-12-09 10:00:00+00:00,1,5.2,5.2,3981071705534.9854
2023-12-09 12:00:00+00:00,1,5.2,5.2,3981071705534.9854
2023-12-09 14:00:00+00:00,1,5.7,5.7,22387211385683.47
2023-12-09 17:00:00+00:00,1,5.0,5.0,1995262314968.8828
2023-12-09 18:00:00+00:00,1,5.1,5.1,2818382931264.449
2023-12-09 19:00:00+00:00,1,5.0,5.0,1995262314968.8828
2023-12-09 23:00:00+00:00,1,5.0,5.0,1995262314968.8828
2023-12-10 01:00:00+00:00,1,5.2,5.2,3981071705534.9854
2023-12-10 02:00:00+00:00,1,5.1,5.1,2818382931264.449
2023-12-10 04:00:00+00:00,1,5.1,5.1,2818382931264.449
2023-12-10 09:00:00+00:00,1,5.2,5.2,3981071705534.9854
2023-12-10 11:00:00+00:00,2,5.4,5.7,25205594316947.918
2023-12-10 13:00:00+00:00,1,5.5,5.5,11220184543019.652
2023-12-10 14:00:00+00:00,1,5.6,5.6,15848931924611.11
2023-12-10 18:00:00+00:00,1,5.3,5.3,5623413251903.491
2023-12-10 19:00:00+00:00,1,5.0,5.0,1995262314968.8828
2023-12-10 22:00:00+00:00,1,5.1,5.1,2818382931264.449
2023-12-11 02:00:00+00:00,1,5.3,5.3,5623413251903.491
2023-12-11 03:00:00+00:00,1,5.0,5.0,1995262314968.8828
2023-12-11 06:00:00+00:00,1,6.2,6.2,125892541179417.14
2023-12-11 10:00:00+00:00,1,5.0,5.0,1995262314968.8828
2023-12-11 13:00:00+00:00,1,5.7,5.7,22387211385683.47
2023-12-11 17:00:00+00:00,1,5.0,5.0,1995262314968.8828
2023-12-11 18:00:00+00:00,1,5.5,5.5,11220184543019.652
2023-12-11 23:00:00+00:00,2,5.05,5.1,4813645246233.332
2023-12-12 00:00:00+00:00,2,5.05,5.1,4813645246233.332
2023-12-12 03:00:00+00:00,1,5.0,5.0,1995262314968.8828
2023-12-12 04:00:00+00:00,1,5.8,5.8,31622776601683.793
2023-12-12 05:00:00+00:00,1,5.5,5.5,11220184543019.652
2023-12-12 07:00:00+00:00,1,5.3,5.3,5623413251903.491
2023-12-12 12:00:00+00:00,1,5.7,5.7,22387211385683.47
2023-12-12 13:00:00+00:00,2,5.1,5.1,5636765862528.898
2023-12-13 03:00:00+00:00,2,5.25,5.4,10761665278507.305
2023-12-13 19:00:00+00:00,1,5.3,5.3,5623413251903.491
2023-12-13 20:00:00+00:00,1,5.5,5.5,11220184543019.652
2023-12-14 01:00:00+00:00,1,5.0,5.0,1995262314968.8828
2023-12-14 06:00:00+00:00,1,5.0,5.0,1995262314968.8828
2023-12-14 09:00:00+00:00,1,5.6,5.6,15848931924611.11
2023-12-14 14:00:00+00:00,1,5.2,5.2,3981071705534.9854
2023-12-14 16:00:00+00:00,2,5.1,5.2,5976334020503.868
2023-12-14 17:00:00+00:00,1,5.4,5.4,7943282347242.8545
2023-12-14 19:00:00+00:00,1,5.0,5.0,1995262314968.8828
2023-12-15 22:00:00+00:00,1,5.9,5.9,44668359215096.53
2023-12-16 06:00:00+00:00,2,5.15,5.3,7618675566872.374
2023-12-16 09:00:00+00:00,1,5.7,5.7,22387211385683.47
2023-12-16 10:00:00+00:00,1,5.0,5.0,1995262314968.8828
2023-12-16 15:00:00+00:00,1,5.0,5.0,1995262314968.8828
2023-12-17 07:00:00+00:00,1,5.6,5.6,15848931924611.11
2023-12-17 14:00:00+00:00,1,5.1,5.1,2818382931264.449
2023-12-18 10:00:00+00:00,1,5.1,5.1,2818382931264.449
2023-12-18 14:00:00+00:00,1,5.0,5.0,1995262314968.8828
2023-12-18 15:00:00+00:00,1,5.9,5.9,44668359215096.53
2023-12-19 01:00:00+00:00,1,5.2,5.2,3981071705534.9854
2023-12-19 02:00:00+00:00,1,5.3,5.3,5623413251903.491
2023-12-19 06:00:00+00:00,1,5.1,5.1,2818382931264.449
2023-12-19 11:00:00+00:00,1,5.1,5.1,2818382931264.449
2023-12-19 19:00:00+00:00,1,5.0,5.0,1995262314968.8828
2023-12-19 22:00:00+00:00,1,5.2,5.2,3981071705534.9854
2023-12-20 12:00:00+00:00,2,5.9,6.2,141741473104028.25
2023-12-21 11:00:00+00:00,1,5.0,5.0,1995262314968.8828
2023-12-21 14:00:00+00:00,2,5.65,6.1,93106165518909.39
2023-12-21 16:00:00+00:00,1,5.6,5.6,15848931924611.11
2023-12-21 20:00:00+00:00,1,5.0,5.0,1995262314968.8828
2023-12-22 11:00:00+00:00,1,5.1,5.1,2818382931264.449
2023-12-22 17:00:00+00:00,1,6.1,6.1,89125093813374.4
2023-12-22 18:00:00+00:00,1,5.25,5.25,4731512589614.8125
2023-12-22 22:00:00+00:00,1,5.4,5.4,7943282347242.8545
2023-12-23 14:00:00+00:00,1,5.1,5.1,2818382931264.449
2023-12-23 15:00:00+00:00,1,5.0,5.0,1995262314968.8828
2023-12-23 16:00:00+00:00,1,5.2,5.2,3981071705534.9854
2023-12-23 17:00:00+00:00,1,5.8,5.8,31622776601683.793
2023-12-23 20:00:00+00:00,1,5.2,5.2,3981071705534.9854
2023-12-23 23:00:00+00:00,1,5.6,5.6,15848931924611.11
2023-12-24 01:00:00+00:00,1,5.9,5.9,44668359215096.53
2023-12-24 02:00:00+00:00,3,5.533333333333334,5.8,48466374396606.94
2023-12-24 03:00:00+00:00,3,5.333333333333333,5.8,37259542464212.69
2023-12-24 14:00:00+00:00,1,5.4,5.4,7943282347242.8545
2023-12-24 17:00:00+00:00,1,5.0,5.0,1995262314968.8828
2023-12-24 18:00:00+00:00,1,5.0,5.0,1995262314968.8828
2023-12-24 22:00:00+00:00,1,5.0,5.0,1995262314968.8828
2023-12-25 04:00:00+00:00,1,5.0,5.0,1995262314968.8828
2023-12-26 07:00:00+00:00,1,5.3,5.3,5623413251903.491
2023-12-26 13:00:00+00:00,1,5.1,5.1,2818382931264.449
2023-12-26 14:00:00+00:00,1,5.0,5.0,1995262314968.8828
2023-12-27 05:00:00+00:00,1,5.3,5.3,5623413251903.491
2023-12-27 15:00:00+00:00,2,5.2,5.4,9938544662211.738
2023-12-27 18:00:00+00:00,1,5.0,5.0,1995262314968.8828
2023-12-27 21:00:00+00:00,1,5.8,5.8,31622776601683.793
2023-12-27 22:00:00+00:00,1,5.1,5.1,2818382931264.449
2023-12-27 23:00:00+00:00,1,5.1,5.1,2818382931264.449
2023-12-28 01:00:00+00:00,1,5.2,5.2,3981071705534.9854
2023-12-28 09:00:00+00:00,3,5.766666666666667,6.5,388431428150228.75
2023-12-28 10:00:00+00:00,1,5.2,5.2,3981071705534.9854
2023-12-28 15:00:00+00:00,1,5.0,5.0,1995262314968.8828
2023-12-28 22:00:00+00:00,1,5.3,5.3,5623413251903.491
2023-12-29 00:00:00+00:00,1,5.1,5.1,2818382931264.449
2023-12-29 01:00:00+00:00,1,5.7,5.7,22387211385683.47
2023-12-29 02:00:00+00:00,1,5.2,5.2,3981071705534.9854
2023-12-29 03:00:00+00:00,1,5.2,5.2,3981071705534.9854
2023-12-29 08:00:00+00:00,1,5.0,5.0,1995262314968.8828
2023-12-29 16:00:00+00:00,1,5.0,5.0,1995262314968.8828
2023-12-29 19:00:00+00:00,1,5.1,5.1,2818382931264.449
2023-12-30 02:00:00+00:00,1,5.8,5.8,31622776601683.793
2023-12-30 05:00:00+00:00,1,5.7,5.7,22387211385683.47
2023-12-30 06:00:00+00:00,1,5.3,5.3,5623413251903.491
2023-12-30 15:00:00+00:00,2,5.15,5.3,7618675566872.374
2023-12-30 16:00:00+00:00,1,5.2,5.2,3981071705534.9854
2023-12-30 17:00:00+00:00,1,6.3,6.3,177827941003892.28
2023-12-31 03:00:00+00:00,1,5.1,5.1,2818382931264.449
2023-12-31 15:00:00+00:00,1,5.3,5.3,5623413251903.491
2024-01-01 07:00:00+00:00,6,5.933333333333334,7.5,1.1403153277682802e+16
2024-01-01 08:00:00+00:00,2,5.05,5.1,4813645246233.332
2024-01-01 09:00:00+00:00,5,5.279999999999999,5.6,35863833419399.08
2024-01-02 01:00:00+00:00,1,5.4,5.4,7943282347242.8545
2024-01-02 19:00:00+00:00,1,5.0,5.0,1995262314968.8828
2024-01-02 22:00:00+00:00,1,5.0,5.0,1995262314968.8828
2024-01-03 01:00:00+00:00,3,5.166666666666667,5.3,11599747272407.36
2024-01-03 08:00:00+00:00,1,5.5,5.5,11220184543019.652
2024-01-03 18:00:00+00:00,1,5.1,5.1,2818382931264.449
2024-01-03 21:00:00+00:00,1,5.0,5.0,1995262314968.8828
2024-01-04 00:00:00+00:00,1,5.0,5.0,1995262314968.8828
2024-01-04 04:00:00+00:00,1,5.7,5.7,22387211385683.47
2024-01-05 03:00:00+00:00,1,5.1,5.1,2818382931264.449
2024-01-05 20:00:00+00:00,1,5.1,5.1,2818382931264.449
2024-01-06 11:00:00+00:00,1,5.6,5.6,15848931924611.11
2024-01-06 12:00:00+00:00,1,5.5,5.5,11220184543019.652
2024-01-07 06:00:00+00:00,1,5.0,5.0,1995262314968.8828
2024-01-07 08:00:00+00:00,1,5.3,5.3,5623413251903.491
2024-01-07 18:00:00+00:00,1,5.6,5.6,15848931924611.11
2024-01-07 20:00:00+00:00,1,5.5,5.5,11220184543019.652
2024-01-07 21:00:00+00:00,1,5.1,5.1,2818382931264.449
2024-01-08 07:00:00+00:00,1,5.0,5.0,1995262314968.8828
2024-01-08 09:00:00+00:00,1,5.2,5.2,3981071705534.9854
2024-01-08 20:00:00+00:00,1,6.7,6.7,707945784384140.2
2024-01-09 02:00:00+00:00,1,5.2,5.2,3981071705534.9854
2024-01-09 04:00:00+00:00,1,5.1,5.1,2818382931264.449
2024-01-09 07:00:00+00:00,1,5.6,5.6,15848931924611.11
2024-01-09 08:00:00+00:00,1,5.9,5.9,44668359215096.53
2024-01-09 16:00:00+00:00,1,5.4,5.4,7943282347242.8545
2024-01-10 02:00:00+00:00,1,5.0,5.0,1995262314968.8828
2024-01-10 22:00:00+00:00,1,5.0,5.0,1995262314968.8828
2024-01-10 23:00:00+00:00,1,5.0,5.0,1995262314968.8828
2024-01-11 04:00:00+00:00,1,5.2,5.2,3981071705534.9854
2024-01-11 09:00:00+00:00,1,6.4,6.4,251188643150959.25
2024-01-12 02:00:00+00:00,1,5.0,5.0,1995262314968.8828
2024-01-12 03:00:00+00:00,2,5.0,5.0,3990524629937.7656
2024-01-12 07:00:00+00:00,1,5.9,5.9,44668359215096.53
2024-01-12 13:00:00+00:00,1,5.3,5.3,5623413251903.491
2024-01-12 22:00:00+00:00,1,5.4,5.4,7943282347242.8545
2024-01-13 09:00:00+00:00,1,5.2,5.2,3981071705534.9854
2024-01-14 01:00:00+00:00,1,5.1,5.1,2818382931264.449
2024-01-15 00:00:00+00:00,1,5.0,5.0,1995262314968.8828
2024-01-15 05:00:00+00:00,1,5.0,5.0,1995262314968.8828
2024-01-15 12:00:00+00:00,1,5.2,5.2,3981071705534.9854
2024-01-15 14:00:00+00:00,1,5.0,5.0,1995262314968.8828
2024-01-15 16:00:00+00:00,1,5.1,5.1,2818382931264.449
2024-01-15 17:00:00+00:00,1,5.1,5.1,2818382931264.449
2024-01-15 21:00:00+00:00,1,5.2,5.2,3981071705534.9854
2024-01-17 12:00:00+00:00,1,5.6,5.6,15848931924611.11
2024-01-17 13:00:00+00:00,1,5.0,5.0,1995262314968.8828
2024-01-17 21:00:00+00:00,1,5.0,5.0,1995262314968.8828
2024-01-17 22:00:00+00:00,1,5.0,5.0,1995262314968.8828
2024-01-18 04:00:00+00:00,1,5.8,5.8,31622776601683.793
2024-01-18 05:00:00+00:00,1,5.3,5.3,5623413251903.491
2024-01-18 12:00:00+00:00,1,5.6,5.6,15848931924611.11
2024-01-18 16:00:00+00:00,1,5.0,5.0,1995262314968.8828
2024-01-18 22:00:00+00:00,1,6.4,6.4,251188643150959.25
2024-01-19 04:00:00+00:00,1,5.5,5.5,11220184543019.652
2024-01-19 09:00:00+00:00,1,5.1,5.1,2818382931264.449
2024-01-19 11:00:00+00:00,1,5.6,5.6,15848931924611.11
2024-01-19 21:00:00+00:00,1,5.3,5.3,5623413251903.491
2024-01-20 01:00:00+00:00,1,5.0,5.0,1995262314968.8828
2024-01-20 04:00:00+00:00,1,5.0,5.0,1995262314968.8828
2024-01-20 05:00:00+00:00,1,5.3,5.3,5623413251903.491
2024-01-20 15:00:00+00:00,1,6.1,6.1,89125093813374.4
2024-01-20 21:00:00+00:00,1,6.6,6.6,501187233627271.44
2024-01-20 22:00:00+00:00,1,6.2,6.2,125892541179417.14
2024-01-21 02:00:00+00:00,1,5.3,5.3,5623413251903.491
2024-01-21 17:00:00+00:00,1,5.0,5.0,1995262314968.8828
2024-01-22 14:00:00+00:00,1,5.3,5.3,5623413251903.491
2024-01-22 17:00:00+00:00,1,5.4,5.4,7943282347242.8545
2024-01-22 18:00:00+00:00,5,5.7,7.0,2042447049484681.8
2024-01-22 19:00:00+00:00,1,5.5,5.5,11220184543019.652
2024-01-22 21:00:00+00:00,1,5.2,5.2,3981071705534.9854
2024-01-22 22:00:00+00:00,1,5.4,5.4,7943282347242.8545
2024-01-22 23:00:00+00:00,1,5.1,5.1,2818382931264.449
2024-01-23 01:00:00+00:00,1,5.3,5.3,5623413251903.491
2024-01-23 04:00:00+00:00,1,5.4,5.4,7943282347242.8545
2024-01-23 14:00:00+00:00,1,6.3,6.3,177827941003892.28
2024-01-23 15:00:00+00:00,2,5.05,5.1,4813645246233.332
2024-01-23 20:00:00+00:00,1,5.2,5.2,3981071705534.9854
2024-01-23 21:00:00+00:00,1,5.1,5.1,2818382931264.449
2024-01-24 01:00:00+00:00,2,5.15,5.3,7618675566872.374
2024-01-24 06:00:00+00:00,1,5.0,5.0,1995262314968.8828
2024-01-24 08:00:00+00:00,1,5.3,5.3,5623413251903.491
2024-01-24 10:00:00+00:00,1,5.1,5.1,2818382931264.449
2024-01-24 13:00:00+00:00,1,5.0,5.0,1995262314968.8828
2024-01-24 14:00:00+00:00,2,5.05,5.1,4813645246233.332
2024-01-24 22:00:00+00:00,1,5.1,5.1,2818382931264.449
2024-01-25 12:00:00+00:00,1,5.6,5.6,15848931924611.11
2024-01-25 13:00:00+00:00,1,5.0,5.0,1995262314968.8828
2024-01-25 17:00:00+00:00,1,5.4,5.4,7943282347242.8545
2024-01-25 18:00:00+00:00,2,5.0,5.0,3990524629937.7656
2024-01-25 20:00:00+00:00,1,5.3,5.3,5623413251903.491
2024-01-25 23:00:00+00:00,1,5.5,5.5,11220184543019.652
2024-01-26 01:00:00+00:00,1,5.1,5.1,2818382931264.449
2024-01-26 12:00:00+00:00,1,5.4,5.4,7943282347242.8545
2024-01-27 01:00:00+00:00,1,5.1,5.1,2818382931264.449
2024-01-27 02:00:00+00:00,1,5.4,5.4,7943282347242.8545
2024-01-27 05:00:00+00:00,2,5.6,6.1,91943476744638.86
2024-01-27 09:00:00+00:00,1,5.4,5.4,7943282347242.8545
2024-01-27 16:00:00+00:00,1,5.4,5.4,7943282347242.8545
2024-01-27 18:00:00+00:00,1,5.0,5.0,1995262314968.8828
2024-01-27 23:00:00+00:00,1,5.1,5.1,2818382931264.449
2024-01-28 09:00:00+00:00,1,6.5,6.5,354813389233576.06
2024-01-28 18:00:00+00:00,1,5.1,5.1,2818382931264.449
2024-01-29 07:00:00+00:00,1,5.1,5.1,2818382931264.449
2024-01-29 22:00:00+00:00,1,5.7,5.7,22387211385683.47
2024-01-30 13:00:00+00:00,1,5.1,5.1,2818382931264.449
2024-01-30 18:00:00+00:00,1,5.0,5.0,1995262314968.8828
2024-01-31 10:00:00+00:00,1,5.8,5.8,31622776601683.793
2024-02-01 07:00:00+00:00,1,5.0,5.0,1995262314968.8828
2024-02-01 18:00:00+00:00,1,5.0,5.0,1995262314968.8828
2024-02-01 21:00:00+00:00,1,5.1,5.1,2818382931264.449
2024-02-03 04:00:00+00:00,1,5.0,5.0,1995262314968.8828
2024-02-03 05:00:00+00:00,1,5.06,5.06,2454708915685.0337
2024-02-03 08:00:00+00:00,1,5.0,5.0,1995262314968.8828
2024-02-03 13:00:00+00:00,2,5.1,5.1,5636765862528.898
2024-02-03 23:00:00+00:00,1,5.2,5.2,3981071705534.9854
2024-02-04 04:00:00+00:00,1,5.1,5.1,2818382931264.449
2024-02-04 09:00:00+00:00,1,5.4,5.4,7943282347242.8545
2024-02-05 00:00:00+00:00,1,5.0,5.0,1995262314968.8828
2024-02-05 07:00:00+00:00,2,5.15,5.3,7618675566872.374
2024-02-05 08:00:00+00:00,1,5.0,5.0,1995262314968.8828
2024-02-05 13:00:00+00:00,2,5.35,5.4,13566695599146.346
2024-02-05 14:00:00+00:00,1,5.0,5.0,1995262314968.8828
2024-02-05 19:00:00+00:00,1,5.1,5.1,2818382931264.449
2024-02-06 09:00:00+00:00,1,5.0,5.0,1995262314968.8828
2024-02-06 13:00:00+00:00,1,5.1,5.1,2818382931264.449
2024-02-06 14:00:00+00:00,1,5.1,5.1,2818382931264.449
2024-02-07 02:00:00+00:00,4,5.0,5.0,7981049259875.531
2024-02-07 04:00:00+00:00,1,5.4,5.4,7943282347242.8545
2024-02-07 19:00:00+00:00,1,5.2,5.2,3981071705534.9854
2024-02-08 20:00:00+00:00,1,5.1,5.1,2818382931264.449
2024-02-08 21:00:00+00:00,1,5.0,5.0,1995262314968.8828
2024-02-08 22:00:00+00:00,1,5.0,5.0,1995262314968.8828
2024-02-09 10:00:00+00:00,1,6.1,6.1,89125093813374.4
2024-02-09 20:00:00+00:00,1,5.88,5.88,41686938347033.63
2024-02-09 22:00:00+00:00,1,5.0,5.0,1995262314968.8828
2024-02-10 03:00:00+00:00,1,5.8,5.8,31622776601683.793
2024-02-10 05:00:00+00:00,1,5.4,5.4,7943282347242.8545
2024-02-11 21:00:00+00:00,1,5.4,5.4,7943282347242.8545
2024-02-12 02:00:00+00:00,1,5.3,5.3,5623413251903.491
2024-02-12 03:00:00+00:00,1,5.2,5.2,3981071705534.9854
2024-02-12 04:00:00+00:00,1,5.4,5.4,7943282347242.8545
2024-02-12 06:00:00+00:00,1,5.0,5.0,1995262314968.8828
2024-02-12 11:00:00+00:00,1,6.1,6.1,89125093813374.4
2024-02-13 14:00:00+00:00,1,5.0,5.0,1995262314968.8828
2024-02-13 19:00:00+00:00,1,5.1,5.1,2818382931264.449
2024-02-14 01:00:00+00:00,1,5.8,5.8,31622776601683.793
2024-02-14 04:00:00+00:00,2,5.45,5.7,26368283091218.453
2024-02-14 06:00:00+00:00,1,5.2,5.2,3981071705534.9854
2024-02-14 11:00:00+00:00,1,6.0,6.0,63095734448019.43
2024-02-14 18:00:00+00:00,1,5.6,5.6,15848931924611.11
2024-02-14 23:00:00+00:00,1,5.2,5.2,3981071705534.9854
2024-02-15 00:00:00+00:00,1,5.1,5.1,2818382931264.449
2024-02-15 01:00:00+00:00,1,5.1,5.1,2818382931264.449
2024-02-15 06:00:00+00:00,1,5.1,5.1,2818382931264.449
2024-02-15 07:00:00+00:00,1,5.0,5.0,1995262314968.8828
2024-02-15 20:00:00+00:00,1,5.2,5.2,3981071705534.9854
2024-02-15 23:00:00+00:00,1,5.0,5.0,1995262314968.8828
2024-02-16 20:00:00+00:00,1,5.2,5.2,3981071705534.9854
2024-02-18 04:00:00+00:00,1,5.1,5.1,2818382931264.449
2024-02-18 06:00:00+00:00,1,5.5,5.5,11220184543019.652
2024-02-18 07:00:00+00:00,1,5.6,5.6,15848931924611.11
2024-02-18 08:00:00+00:00,1,5.1,5.1,2818382931264.449
2024-02-19 08:00:00+00:00,2,5.05,5.1,4813645246233.332
2024-02-19 15:00:00+00:00,1,5.0,5.0,1995262314968.8828
2024-02-19 16:00:00+00:00,1,5.0,5.0,1995262314968.8828
2024-02-19 18:00:00+00:00,1,5.1,5.1,2818382931264.449
2024-02-19 23:00:00+00:00,1,5.0,5.0,1995262314968.8828
2024-02-20 10:00:00+00:00,1,5.1,5.1,2818382931264.449
2024-02-20 14:00:00+00:00,1,5.0,5.0,1995262314968.8828
2024-02-21 04:00:00+00:00,1,5.1,5.1,2818382931264.449
2024-02-21 12:00:00+00:00,1,5.5,5.5,11220184543019.652
2024-02-21 14:00:00+00:00,1,5.4,5.4,7943282347242.8545
2024-02-21 19:00:00+00:00,1,5.0,5.0,1995262314968.8828
2024-02-21 22:00:00+00:00,1,5.1,5.1,2818382931264.449
2024-02-21 23:00:00+00:00,1,5.1,5.1,2818382931264.449
2024-02-22 04:00:00+00:00,1,5.2,5.2,3981071705534.9854
2024-02-22 19:00:00+00:00,1,5.1,5.1,2818382931264.449
2024-02-23 01:00:00+00:00,1,6.3,6.3,177827941003892.28
2024-02-23 07:00:00+00:00,2,5.3,5.3,11246826503806.982
2024-02-23 22:00:00+00:00,1,5.0,5.0,1995262314968.8828
2024-02-23 23:00:00+00:00,1,5.3,5.3,5623413251903.491
2024-02-24 00:00:00+00:00,1,5.2,5.2,3981071705534.9854
2024-02-24 07:00:00+00:00,1,5.0,5.0,1995262314968.8828
2024-02-24 10:00:00+00:00,1,5.0,5.0,1995262314968.8828
2024-02-24 21:00:00+00:00,2,5.15,5.3,7618675566872.374
2024-02-24 23:00:00+00:00,1,5.0,5.0,1995262314968.8828
2024-02-25 04:00:00+00:00,1,5.4,5.4,7943282347242.8545
2024-02-25 13:00:00+00:00,1,5.6,5.6,15848931924611.11
2024-02-25 15:00:00+00:00,1,5.2,5.2,3981071705534.9854
2024-02-26 17:00:00+00:00,1,5.0,5.0,1995262314968.8828
2024-02-26 21:00:00+00:00,1,5.0,5.0,1995262314968.8828
2024-02-27 11:00:00+00:00,1,5.2,5.2,3981071705534.9854
2024-02-28 05:00:00+00:00,1,5.4,5.4,7943282347242.8545
2024-02-28 15:00:00+00:00,1,5.5,5.5,11220184543019.652
2024-02-29 00:00:00+00:00,2,5.25,5.4,10761665278507.305
2024-02-29 06:00:00+00:00,1,5.2,5.2,3981071705534.9854
2024-02-29 09:00:00+00:00,1,5.0,5.0,1995262314968.8828
2024-02-29 10:00:00+00:00,1,5.2,5.2,3981071705534.9854
2024-02-29 12:00:00+00:00,1,5.0,5.0,1995262314968.8828
2024-02-29 20:00:00+00:00,1,5.1,5.1,2818382931264.449
2024-03-01 07:00:00+00:00,1,5.2,5.2,3981071705534.9854
2024-03-01 09:00:00+00:00,1,5.4,5.4,7943282347242.8545
2024-03-01 17:00:00+00:00,1,5.9,5.9,44668359215096.53
2024-03-02 00:00:00+00:00,1,5.8,5.8,31622776601683.793
2024-03-02 12:00:00+00:00,1,5.0,5.0,1995262314968.8828
2024-03-02 23:00:00+00:00,1,5.2,5.2,3981071705534.9854
2024-03-03 02:00:00+00:00,1,5.0,5.0,1995262314968.8828
2024-03-03 15:00:00+00:00,2,5.05,5.1,4813645246233.332
2024-03-03 16:00:00+00:00,1,6.8,6.8,1000000000000000.0
2024-03-03 18:00:00+00:00,1,5.0,5.0,1995262314968.8828
2024-03-04 02:00:00+00:00,1,5.2,5.2,3981071705534.9854
2024-03-04 13:00:00+00:00,1,5.0,5.0,1995262314968.8828
2024-03-05 02:00:00+00:00,1,5.4,5.4,7943282347242.8545
2024-03-05 04:00:00+00:00,1,5.1,5.1,2818382931264.449
2024-03-05 10:00:00+00:00,1,5.3,5.3,5623413251903.491
2024-03-05 13:00:00+00:00,1,5.1,5.1,2818382931264.449
2024-03-05 19:00:00+00:00,1,6.1,6.1,89125093813374.4
2024-03-05 21:00:00+00:00,1,5.1,5.1,2818382931264.449
2024-03-06 15:00:00+00:00,1,5.0,5.0,1995262314968.8828
2024-03-06 17:00:00+00:00,1,5.1,5.1,2818382931264.449
2024-03-06 19:00:00+00:00,1,5.0,5.0,1995262314968.8828
2024-03-06 20:00:00+00:00,1,5.0,5.0,1995262314968.8828
2024-03-06 21:00:00+00:00,1,5.0,5.0,1995262314968.8828
2024-03-06 23:00:00+00:00,1,5.2,5.2,3981071705534.9854
2024-03-07 08:00:00+00:00,1,5.6,5.6,15848931924611.11
2024-03-07 10:00:00+00:00,2,5.3,5.6,17844194239579.992
2024-03-08 03:00:00+00:00,1,5.0,5.0,1995262314968.8828
2024-03-08 09:00:00+00:00,1,6.0,6.0,63095734448019.43
2024-03-08 17:00:00+00:00,1,5.3,5.3,5623413251903.491
2024-03-09 12:00:00+00:00,1,5.4,5.4,7943282347242.8545
2024-03-10 03:00:00+00:00,1,5.0,5.0,1995262314968.8828
2024-03-10 07:00:00+00:00,1,5.0,5.0,1995262314968.8828
2024-03-10 12:00:00+00:00,1,5.0,5.0,1995262314968.8828
2024-03-10 20:00:00+00:00,1,5.0,5.0,1995262314968.8828
2024-03-11 03:00:00+00:00,1,5.0,5.0,1995262314968.8828
2024-03-12 03:00:00+00:00,2,5.05,5.1,4813645246233.332
2024-03-12 10:00:00+00:00,1,5.0,5.0,1995262314968.8828
2024-03-13 09:00:00+00:00,1,5.3,5.3,5623413251903.491
2024-03-13 15:00:00+00:00,1,6.0,6.0,63095734448019.43
2024-03-13 16:00:00+00:00,1,5.0,5.0,1995262314968.8828
2024-03-13 18:00:00+00:00,1,5.7,5.7,22387211385683.47
2024-03-13 19:00:00+00:00,1,5.0,5.0,1995262314968.8828
2024-03-13 20:00:00+00:00,1,5.5,5.5,11220184543019.652
2024-03-13 22:00:00+00:00,1,5.0,5.0,1995262314968.8828
2024-03-13 23:00:00+00:00,1,5.0,5.0,1995262314968.8828
2024-03-14 03:00:00+00:00,1,5.4,5.4,7943282347242.8545
2024-03-14 15:00:00+00:00,1,5.6,5.6,15848931924611.11
2024-03-14 20:00:00+00:00,1,5.2,5.2,3981071705534.9854
2024-03-14 21:00:00+00:00,3,5.533333333333334,6.2,135831085841628.88
2024-03-15 10:00:00+00:00,1,5.6,5.6,15848931924611.11
2024-03-15 11:00:00+00:00,1,5.0,5.0,1995262314968.8828
2024-03-16 00:00:00+00:00,1,5.9,5.9,44668359215096.53
2024-03-16 03:00:00+00:00,1,5.3,5.3,5623413251903.491
2024-03-16 21:00:00+00:00,1,5.3,5.3,5623413251903.491
2024-03-17 00:00:00+00:00,1,5.6,5.6,15848931924611.11
2024-03-17 06:00:00+00:00,1,5.2,5.2,3981071705534.9854
2024-03-17 11:00:00+00:00,1,5.3,5.3,5623413251903.491
2024-03-18 00:00:00+00:00,1,5.1,5.1,2818382931264.449
2024-03-18 11:00:00+00:00,1,5.3,5.3,5623413251903.491
2024-03-19 00:00:00+00:00,1,5.5,5.5,11220184543019.652
2024-03-19 02:00:00+00:00,1,5.5,5.5,11220184543019.652
2024-03-19 14:00:00+00:00,1,5.0,5.0,1995262314968.8828
2024-03-19 18:00:00+00:00,1,5.5,5.5,11220184543019.652
2024-03-19 21:00:00+00:00,1,5.3,5.3,5623413251903.491
2024-03-20 05:00:00+00:00,1,5.6,5.6,15848931924611.11
2024-03-20 08:00:00+00:00,1,5.0,5.0,1995262314968.8828
2024-03-20 19:00:00+00:00,1,5.3,5.3,5623413251903.491
2024-03-21 00:00:00+00:00,2,5.15,5.2,6799454636799.435
2024-03-21 02:00:00+00:00,1,5.2,5.2,3981071705534.9854
2024-03-22 03:00:00+00:00,1,5.2,5.2,3981071705534.9854
2024-03-22 04:00:00+00:00,1,5.6,5.6,15848931924611.11
2024-03-22 05:00:00+00:00,1,5.2,5.2,3981071705534.9854
2024-03-22 08:00:00+00:00,1,6.4,6.4,251188643150959.25
2024-03-23 13:00:00+00:00,1,5.3,5.3,5623413251903.491
2024-03-23 20:00:00+00:00,2,5.95,6.9,1414532806937730.2
2024-03-23 22:00:00+00:00,1,5.1,5.1,2818382931264.449
2024-03-24 00:00:00+00:00,1,5.1,5.1,2818382931264.449
2024-03-24 03:00:00+00:00,2,5.45,5.7,26368283091218.453
2024-03-24 06:00:00+00:00,1,5.2,5.2,3981071705534.9854
2024-03-24 11:00:00+00:00,1,5.1,5.1,2818382931264.449
2024-03-24 19:00:00+00:00,1,5.0,5.0,1995262314968.8828
2024-03-25 02:00:00+00:00,2,5.2,5.2,7962143411069.971
2024-03-25 05:00:00+00:00,1,5.5,5.5,11220184543019.652
2024-03-25 17:00:00+00:00,1,5.5,5.5,11220184543019.652
2024-03-26 09:00:00+00:00,1,5.3,5.3,5623413251903.491
2024-03-26 13:00:00+00:00,1,5.4,5.4,7943282347242.8545
2024-03-26 17:00:00+00:00,1,5.1,5.1,2818382931264.449
2024-03-27 01:00:00+00:00,1,6.4,6.4,251188643150959.25
2024-03-27 03:00:00+00:00,1,5.6,5.6,15848931924611.11
2024-03-27 13:00:00+00:00,1,5.3,5.3,5623413251903.491
2024-03-27 14:00:00+00:00,1,5.0,5.0,1995262314968.8828
2024-03-27 22:00:00+00:00,1,5.0,5.0,1995262314968.8828
2024-03-28 04:00:00+00:00,1,5.2,5.2,3981071705534.9854
2024-03-28 08:00:00+00:00,1,5.0,5.0,1995262314968.8828
2024-03-28 10:00:00+00:00,1,5.0,5.0,1995262314968.8828
2024-03-29 02:00:00+00:00,1,5.0,5.0,1995262314968.8828
2024-03-29 04:00:00+00:00,1,5.0,5.0,1995262314968.8828
2024-03-29 06:00:00+00:00,1,5.0,5.0,1995262314968.8828
2024-03-29 07:00:00+00:00,1,5.8,5.8,31622776601683.793
2024-03-29 09:00:00+00:00,1,5.6,5.6,15848931924611.11
2024-03-29 14:00:00+00:00,1,5.4,5.4,7943282347242.8545
2024-03-29 16:00:00+00:00,1,5.0,5.0,1995262314968.8828
2024-03-29 17:00:00+00:00,1,5.2,5.2,3981071705534.9854
2024-03-30 09:00:00+00:00,1,5.1,5.1,2818382931264.449
2024-03-30 16:00:00+00:00,2,5.55,5.8,37246189853587.28
2024-03-30 17:00:00+00:00,1,5.2,5.2,3981071705534.9854
2024-03-30 22:00:00+00:00,1,5.1,5.1,2818382931264.449
2024-03-31 00:00:00+00:00,1,5.0,5.0,1995262314968.8828
2024-03-31 01:00:00+00:00,1,5.1,5.1,2818382931264.449
2024-03-31 03:00:00+00:00,1,5.5,5.5,11220184543019.652
2024-03-31 17:00:00+00:00,1,5.9,5.9,44668359215096.53
2024-03-31 18:00:00+00:00,1,5.0,5.0,1995262314968.8828
2024-04-01 01:00:00+00:00,1,5.1,5.1,2818382931264.449
2024-04-01 14:00:00+00:00,1,5.3,5.3,5623413251903.491
2024-04-01 19:00:00+00:00,1,5.9,5.9,44668359215096.53
2024-04-02 09:00:00+00:00,1,6.2,6.2,125892541179417.14
2024-04-02 22:00:00+00:00,1,5.2,5.2,3981071705534.9854
2024-04-02 23:00:00+00:00,1,7.4,7.4,7943282347242854.0
2024-04-03 00:00:00+00:00,10,5.37,6.4,308904384476260.6
2024-04-03 01:00:00+00:00,8,5.1875,5.7,44437369766853.06
2024-04-03 02:00:00+00:00,4,5.225,5.7,30019239563181.25
2024-04-03 03:00:00+00:00,2,5.0,5.0,3990524629937.7656
2024-04-03 04:00:00+00:00,1,5.1,5.1,2818382931264.449
2024-04-03 09:00:00+00:00,1,5.1,5.1,2818382931264.449
2024-04-03 13:00:00+00:00,1,5.2,5.2,3981071705534.9854
2024-04-04 00:00:00+00:00,2,5.05,5.1,4813645246233.332
2024-04-04 03:00:00+00:00,1,6.1,6.1,89125093813374.4
2024-04-04 07:00:00+00:00,1,5.1,5.1,2818382931264.449
2024-04-04 16:00:00+00:00,1,5.0,5.0,1995262314968.8828
2024-04-04 20:00:00+00:00,1,5.0,5.0,1995262314968.8828
2024-04-04 23:00:00+00:00,3,5.133333333333333,5.3,10437058498136.824
2024-04-05 02:00:00+00:00,1,5.0,5.0,1995262314968.8828
2024-04-05 04:00:00+00:00,1,5.0,5.0,1995262314968.8828
2024-04-05 09:00:00+00:00,1,5.0,5.0,1995262314968.8828
2024-04-05 11:00:00+00:00,1,6.8,6.8,1000000000000000.0
2024-04-05 12:00:00+00:00,1,5.7,5.7,22387211385683.47
2024-04-05 20:00:00+00:00,1,5.6,5.6,15848931924611.11
2024-04-06 00:00:00+00:00,1,5.4,5.4,7943282347242.8545
2024-04-06 01:00:00+00:00,1,5.0,5.0,1995262314968.8828
2024-04-06 02:00:00+00:00,1,5.0,5.0,1995262314968.8828
2024-04-06 06:00:00+00:00,1,5.1,5.1,2818382931264.449
2024-04-06 08:00:00+00:00,1,5.0,5.0,1995262314968.8828
2024-04-06 10:00:00+00:00,1,5.2,5.2,3981071705534.9854
2024-04-06 12:00:00+00:00,1,5.0,5.0,1995262314968.8828
2024-04-07 02:00:00+00:00,1,5.0,5.0,1995262314968.8828
2024-04-07 05:00:00+00:00,1,5.4,5.4,7943282347242.8545
2024-04-07 07:00:00+00:00,1,5.1,5.1,2818382931264.449
2024-04-07 08:00:00+00:00,1,5.1,5.1,2818382931264.449
2024-04-07 14:00:00+00:00,1,5.0,5.0,1995262314968.8828
2024-04-07 17:00:00+00:00,2,5.0,5.0,3990524629937.7656
2024-04-07 20:00:00+00:00,1,5.0,5.0,1995262314968.8828
2024-04-08 01:00:00+00:00,1,5.1,5.1,2818382931264.449
2024-04-08 03:00:00+00:00,1,5.1,5.1,2818382931264.449
2024-04-08 20:00:00+00:00,1,5.2,5.2,3981071705534.9854
2024-04-09 00:00:00+00:00,2,5.7,5.9,55888543758116.19
2024-04-09 09:00:00+00:00,1,6.4,6.4,251188643150959.25
2024-04-09 14:00:00+00:00,1,5.0,5.0,1995262314968.8828
2024-04-10 07:00:00+00:00,1,5.1,5.1,2818382931264.449
2024-04-10 10:00:00+00:00,1,5.0,5.0,1995262314968.8828
2024-04-10 14:00:00+00:00,1,5.4,5.4,7943282347242.8545
2024-04-10 15:00:00+00:00,1,5.0,5.0,1995262314968.8828
2024-04-10 16:00:00+00:00,1,5.2,5.2,3981071705534.9854
2024-04-11 00:00:00+00:00,1,5.0,5.0,1995262314968.8828
2024-04-11 03:00:00+00:00,1,5.2,5.2,3981071705534.9854
2024-04-11 17:00:00+00:00,1,5.0,5.0,1995262314968.8828
2024-04-12 09:00:00+00:00,1,5.0,5.0,1995262314968.8828
2024-04-12 15:00:00+00:00,1,5.8,5.8,31622776601683.793
2024-04-13 05:00:00+00:00,1,5.5,5.5,11220184543019.652
2024-04-13 06:00:00+00:00,2,5.1,5.2,5976334020503.868
2024-04-13 10:00:00+00:00,1,5.4,5.4,7943282347242.8545
2024-04-13 15:00:00+00:00,1,5.0,5.0,1995262314968.8828
2024-04-13 16:00:00+00:00,1,5.0,5.0,1995262314968.8828
2024-04-14 05:00:00+00:00,1,5.3,5.3,5623413251903.491
2024-04-14 20:00:00+00:00,1,6.5,6.5,354813389233576.06
2024-04-15 10:00:00+00:00,1,5.4,5.4,7943282347242.8545
2024-04-15 22:00:00+00:00,1,5.9,5.9,44668359215096.53
2024-04-16 07:00:00+00:00,1,5.0,5.0,1995262314968.8828
2024-04-16 14:00:00+00:00,1,5.4,5.4,7943282347242.8545
2024-04-16 16:00:00+00:00,1,5.0,5.0,1995262314968.8828
2024-04-16 23:00:00+00:00,1,5.0,5.0,1995262314968.8828
2024-04-17 01:00:00+00:00,1,5.0,5.0,1995262314968.8828
2024-04-17 08:00:00+00:00,1,5.0,5.0,1995262314968.8828
2024-04-17 14:00:00+00:00,1,6.3,6.3,177827941003892.28
2024-04-17 21:00:00+00:00,2,5.45,5.5,19163466890262.508
2024-04-18 06:00:00+00:00,1,5.1,5.1,2818382931264.449
2024-04-18 07:00:00+00:00,1,5.2,5.2,3981071705534.9854
2024-04-18 08:00:00+00:00,1,5.2,5.2,3981071705534.9854
2024-04-18 09:00:00+00:00,1,5.4,5.4,7943282347242.8545
2024-04-18 15:00:00+00:00,2,5.6,5.6,31697863849222.22
2024-04-18 17:00:00+00:00,1,5.1,5.1,2818382931264.449
2024-04-19 02:00:00+00:00,1,5.2,5.2,3981071705534.9854
2024-04-19 09:00:00+00:00,1,5.7,5.7,22387211385683.47
2024-04-19 11:00:00+00:00,1,5.4,5.4,7943282347242.8545
2024-04-20 03:00:00+00:00,1,5.0,5.0,1995262314968.8828
2024-04-21 02:00:00+00:00,1,5.1,5.1,2818382931264.449
2024-04-21 06:00:00+00:00,1,5.3,5.3,5623413251903.491
2024-04-21 11:00:00+00:00,1,5.1,5.1,2818382931264.449
2024-04-21 19:00:00+00:00,1,5.4,5.4,7943282347242.8545
2024-04-22 09:00:00+00:00,3,5.166666666666667,5.2,10780526342334.42
2024-04-22 10:00:00+00:00,3,5.3,5.6,23467607491483.484
2024-04-22 11:00:00+00:00,8,5.125,5.3,26031230086704.574
2024-04-22 12:00:00+00:00,1,5.4,5.4,7943282347242.8545
2024-04-22 13:00:00+00:00,1,5.1,5.1,2818382931264.449
2024-04-22 14:00:00+00:00,2,5.4,5.8,33618038916652.676
2024-04-22 18:00:00+00:00,2,6.1,6.1,178250187626748.8
2024-04-22 19:00:00+00:00,1,5.0,5.0,1995262314968.8828
2024-04-22 20:00:00+00:00,2,5.35,5.5,15201256248554.637
2024-04-22 21:00:00+00:00,4,5.3,5.4,24328360877653.65
2024-04-23 00:00:00+00:00,2,5.4,5.8,33618038916652.676
2024-04-23 02:00:00+00:00,1,5.1,5.1,2818382931264.449
2024-04-23 07:00:00+00:00,1,5.0,5.0,1995262314968.8828
2024-04-23 12:00:00+00:00,2,5.15,5.3,7618675566872.374
2024-04-23 13:00:00+00:00,1,5.0,5.0,1995262314968.8828
2024-04-23 15:00:00+00:00,1,5.2,5.2,3981071705534.9854
2024-04-24 01:00:00+00:00,2,5.4,5.4,15886564694485.709
2024-04-24 05:00:00+00:00,2,5.300000000000001,5.4,11924354052777.84
2024-04-24 07:00:00+00:00,1,5.3,5.3,5623413251903.491
2024-04-24 11:00:00+00:00,1,5.1,5.1,2818382931264.449
2024-04-24 18:00:00+00:00,2,5.199999999999999,5.3,8441796183167.94
2024-04-25 04:00:00+00:00,1,5.0,5.0,1995262314968.8828
2024-04-25 05:00:00+00:00,1,5.4,5.4,7943282347242.8545
2024-04-25 09:00:00+00:00,1,5.1,5.1,2818382931264.449
2024-04-26 02:00:00+00:00,1,5.0,5.0,1995262314968.8828
2024-04-26 13:00:00+00:00,1,5.0,5.0,1995262314968.8828
2024-04-26 16:00:00+00:00,1,5.1,5.1,2818382931264.449
2024-04-26 18:00:00+00:00,2,5.45,5.7,26368283091218.453
2024-04-26 22:00:00+00:00,1,5.8,5.8,31622776601683.793
2024-04-26 23:00:00+00:00,1,5.3,5.3,5623413251903.491
2024-04-27 01:00:00+00:00,2,5.3,5.3,11246826503806.982
2024-04-27 08:00:00+00:00,2,5.8,6.5,357631772164840.5
2024-04-27 16:00:00+00:00,1,6.1,6.1,89125093813374.4
2024-04-28 00:00:00+00:00,1,5.0,5.0,1995262314968.8828
2024-04-28 12:00:00+00:00,1,5.2,5.2,3981071705534.9854
2024-04-29 13:00:00+00:00,1,5.2,5.2,3981071705534.9854
2024-04-29 23:00:00+00:00,1,5.1,5.1,2818382931264.449
2024-04-30 07:00:00+00:00,1,5.1,5.1,2818382931264.449
2024-04-30 11:00:00+00:00,1,5.4,5.4,7943282347242.8545
2024-04-30 13:00:00+00:00,1,5.3,5.3,5623413251903.491
2024-04-30 14:00:00+00:00,1,5.5,5.5,11220184543019.652
2024-04-30 17:00:00+00:00,1,5.1,5.1,2818382931264.449
2024-05-01 01:00:00+00:00,1,5.0,5.0,1995262314968.8828
2024-05-01 07:00:00+00:00,1,5.0,5.0,1995262314968.8828
2024-05-01 23:00:00+00:00,1,5.8,5.8,31622776601683.793
2024-05-02 02:00:00+00:00,1,5.1,5.1,2818382931264.449
2024-05-02 05:00:00+00:00,1,5.0,5.0,1995262314968.8828
2024-05-02 06:00:00+00:00,2,5.35,5.5,15201256248554.637
2024-05-02 07:00:00+00:00,3,5.266666666666667,5.4,16385078530410.795
2024-05-02 08:00:00+00:00,1,5.2,5.2,3981071705534.9854
2024-05-02 23:00:00+00:00,1,5.1,5.1,2818382931264.449
2024-05-03 03:00:00+00:00,1,5.0,5.0,1995262314968.8828
2024-05-03 10:00:00+00:00,1,5.7,5.7,22387211385683.47
2024-05-03 11:00:00+00:00,1,5.1,5.1,2818382931264.449
2024-05-03 17:00:00+00:00,1,5.1,5.1,2818382931264.449
2024-05-03 22:00:00+00:00,1,5.1,5.1,2818382931264.449
2024-05-04 03:00:00+00:00,1,5.2,5.2,3981071705534.9854
2024-05-04 05:00:00+00:00,1,5.4,5.4,7943282347242.8545
2024-05-05 04:00:00+00:00,1,5.0,5.0,1995262314968.8828
2024-05-05 05:00:00+00:00,1,5.5,5.5,11220184543019.652
2024-05-05 06:00:00+00:00,1,5.2,5.2,3981071705534.9854
2024-05-05 07:00:00+00:00,1,5.7,5.7,22387211385683.47
2024-05-05 08:00:00+00:00,2,5.25,5.3,9604484957438.477
2024-05-05 14:00:00+00:00,1,5.2,5.2,3981071705534.9854
2024-05-05 15:00:00+00:00,1,5.1,5.1,2818382931264.449
2024-05-05 17:00:00+00:00,1,5.4,5.4,7943282347242.8545
2024-05-05 18:00:00+00:00,1,6.1,6.1,89125093813374.4
2024-05-05 20:00:00+00:00,1,5.5,5.5,11220184543019.652
2024-05-06 00:00:00+00:00,1,5.0,5.0,1995262314968.8828
2024-05-06 06:00:00+00:00,1,5.0,5.0,1995262314968.8828
2024-05-06 09:00:00+00:00,2,5.4,5.6,19830003630146.094
2024-05-06 11:00:00+00:00,1,5.3,5.3,5623413251903.491
2024-05-07 07:00:00+00:00,1,5.1,5.1,2818382931264.449
2024-05-07 08:00:00+00:00,1,5.0,5.0,1995262314968.8828
2024-05-07 13:00:00+00:00,1,5.0,5.0,1995262314968.8828
2024-05-07 14:00:00+00:00,1,5.6,5.6,15848931924611.11
2024-05-07 23:00:00+00:00,1,5.0,5.0,1995262314968.8828
2024-05-08 08:00:00+00:00,1,6.1,6.1,89125093813374.4
2024-05-08 10:00:00+00:00,1,5.2,5.2,3981071705534.9854
2024-05-08 11:00:00+00:00,2,5.300000000000001,5.4,11924354052777.84
2024-05-09 03:00:00+00:00,1,5.0,5.0,1995262314968.8828
2024-05-10 07:00:00+00:00,1,5.8,5.8,31622776601683.793
2024-05-10 11:00:00+00:00,1,5.6,5.6,15848931924611.11
2024-05-11 00:00:00+00:00,1,5.0,5.0,1995262314968.8828
2024-05-11 18:00:00+00:00,1,5.1,5.1,2818382931264.449
2024-05-12 03:00:00+00:00,1,5.4,5.4,7943282347242.8545
2024-05-12 11:00:00+00:00,1,6.4,6.4,251188643150959.25
2024-05-12 18:00:00+00:00,1,5.8,5.8,31622776601683.793
2024-05-13 00:00:00+00:00,2,5.199999999999999,5.3,8441796183167.94
2024-05-13 02:00:00+00:00,1,5.3,5.3,5623413251903.491
2024-05-13 09:00:00+00:00,1,5.2,5.2,3981071705534.9854
2024-05-13 12:00:00+00:00,1,5.2,5.2,3981071705534.9854
2024-05-14 08:00:00+00:00,1,5.3,5.3,5623413251903.491
2024-05-14 15:00:00+00:00,3,5.333333333333333,5.6,24290728107779.05
2024-05-14 16:00:00+00:00,1,5.1,5.1,2818382931264.449
2024-05-14 17:00:00+00:00,1,5.6,5.6,15848931924611.11
2024-05-15 00:00:00+00:00,1,5.6,5.6,15848931924611.11
2024-05-15 01:00:00+00:00,1,5.1,5.1,2818382931264.449
2024-05-15 06:00:00+00:00,1,5.0,5.0,1995262314968.8828
2024-05-15 20:00:00+00:00,1,5.2,5.2,3981071705534.9854
2024-05-15 22:00:00+00:00,1,5.3,5.3,5623413251903.491
2024-05-16 03:00:00+00:00,1,5.2,5.2,3981071705534.9854
2024-05-16 05:00:00+00:00,1,5.2,5.2,3981071705534.9854
2024-05-16 06:00:00+00:00,1,5.4,5.4,7943282347242.8545
2024-05-16 07:00:00+00:00,1,5.0,5.0,1995262314968.8828
2024-05-17 20:00:00+00:00,1,5.8,5.8,31622776601683.793
2024-05-18 01:00:00+00:00,1,5.0,5.0,1995262314968.8828
2024-05-18 03:00:00+00:00,1,5.2,5.2,3981071705534.9854
2024-05-18 06:00:00+00:00,1,5.5,5.5,11220184543019.652
2024-05-18 14:00:00+00:00,1,5.7,5.7,22387211385683.47
2024-05-18 23:00:00+00:00,1,5.9,5.9,44668359215096.53
2024-05-19 02:00:00+00:00,1,5.5,5.5,11220184543019.652
2024-05-19 09:00:00+00:00,2,5.6,6.0,67076806153554.414
2024-05-19 11:00:00+00:00,1,5.0,5.0,1995262314968.8828
2024-05-19 18:00:00+00:00,1,5.3,5.3,5623413251903.491
2024-05-19 22:00:00+00:00,1,5.0,5.0,1995262314968.8828
2024-05-20 05:00:00+00:00,1,5.1,5.1,2818382931264.449
2024-05-20 19:00:00+00:00,1,5.0,5.0,1995262314968.8828
2024-05-20 23:00:00+00:00,1,5.1,5.1,2818382931264.449
2024-05-21 00:00:00+00:00,1,5.4,5.4,7943282347242.8545
2024-05-21 02:00:00+00:00,1,5.1,5.1,2818382931264.449
2024-05-21 03:00:00+00:00,1,5.7,5.7,22387211385683.47
2024-05-21 08:00:00+00:00,2,5.15,5.3,7618675566872.374
2024-05-21 09:00:00+00:00,1,5.4,5.4,7943282347242.8545
2024-05-21 11:00:00+00:00,1,5.3,5.3,5623413251903.491
2024-05-22 05:00:00+00:00,2,5.0,5.0,3990524629937.7656
2024-05-22 08:00:00+00:00,1,5.2,5.2,3981071705534.9854
2024-05-22 15:00:00+00:00,1,5.1,5.1,2818382931264.449
2024-05-23 04:00:00+00:00,1,5.0,5.0,1995262314968.8828
2024-05-23 10:00:00+00:00,1,5.5,5.5,11220184543019.652
2024-05-23 11:00:00+00:00,1,5.6,5.6,15848931924611.11
2024-05-23 17:00:00+00:00,1,5.1,5.1,2818382931264.449
2024-05-24 05:00:00+00:00,1,5.1,5.1,2818382931264.449
2024-05-24 15:00:00+00:00,1,5.0,5.0,1995262314968.8828
2024-05-25 02:00:00+00:00,1,5.1,5.1,2818382931264.449
2024-05-25 07:00:00+00:00,1,5.0,5.0,1995262314968.8828
2024-05-25 08:00:00+00:00,1,5.1,5.1,2818382931264.449
2024-05-25 22:00:00+00:00,1,6.3,6.3,177827941003892.28
2024-05-26 06:00:00+00:00,1,5.3,5.3,5623413251903.491
2024-05-26 14:00:00+00:00,1,5.1,5.1,2818382931264.449
2024-05-26 20:00:00+00:00,1,6.6,6.6,501187233627271.44
2024-05-26 21:00:00+00:00,1,5.0,5.0,1995262314968.8828
2024-05-27 00:00:00+00:00,1,5.2,5.2,3981071705534.9854
2024-05-27 01:00:00+00:00,1,5.2,5.2,3981071705534.9854
2024-05-27 03:00:00+00:00,1,5.1,5.1,2818382931264.449
2024-05-27 19:00:00+00:00,1,5.0,5.0,1995262314968.8828
2024-05-28 11:00:00+00:00,1,5.7,5.7,22387211385683.47
2024-05-28 22:00:00+00:00,1,5.0,5.0,1995262314968.8828
2024-05-29 13:00:00+00:00,1,5.4,5.4,7943282347242.8545
2024-05-29 17:00:00+00:00,1,5.5,5.5,11220184543019.652
2024-05-29 23:00:00+00:00,1,5.0,5.0,1995262314968.8828
2024-05-30 17:00:00+00:00,1,5.0,5.0,1995262314968.8828
2024-05-31 08:00:00+00:00,1,5.6,5.6,15848931924611.11
2024-05-31 15:00:00+00:00,3,5.8,6.2,253780344673803.16
2024-05-31 17:00:00+00:00,1,5.2,5.2,3981071705534.9854
2024-05-31 21:00:00+00:00,1,5.1,5.1,2818382931264.449
2024-05-31 23:00:00+00:00,1,5.2,5.2,3981071705534.9854
2024-06-01 00:00:00+00:00,1,5.9,5.9,44668359215096.53
2024-06-01 02:00:00+00:00,1,5.2,5.2,3981071705534.9854
2024-06-01 10:00:00+00:00,1,5.1,5.1,2818382931264.449
2024-06-01 11:00:00+00:00,1,5.0,5.0,1995262314968.8828
2024-06-02 01:00:00+00:00,1,5.0,5.0,1995262314968.8828
2024-06-02 03:00:00+00:00,1,5.1,5.1,2818382931264.449
2024-06-02 18:00:00+00:00,1,5.2,5.2,3981071705534.9854
2024-06-02 21:00:00+00:00,2,5.35,5.7,24382473700652.35
2024-06-03 06:00:00+00:00,1,5.9,5.9,44668359215096.53
2024-06-03 07:00:00+00:00,2,5.05,5.1,4813645246233.332
2024-06-03 18:00:00+00:00,1,5.1,5.1,2818382931264.449
2024-06-04 10:00:00+00:00,1,5.5,5.5,11220184543019.652
2024-06-04 14:00:00+00:00,1,5.4,5.4,7943282347242.8545
2024-06-04 18:00:00+00:00,1,5.5,5.5,11220184543019.652
2024-06-05 02:00:00+00:00,2,5.35,5.5,15201256248554.637
2024-06-05 06:00:00+00:00,1,5.0,5.0,1995262314968.8828
2024-06-05 08:00:00+00:00,1,5.1,5.1,2818382931264.449
2024-06-05 10:00:00+00:00,1,5.5,5.5,11220184543019.652
2024-06-05 11:00:00+00:00,1,5.1,5.1,2818382931264.449
2024-06-06 11:00:00+00:00,1,5.9,5.9,44668359215096.53
2024-06-06 13:00:00+00:00,1,5.0,5.0,1995262314968.8828
2024-06-06 22:00:00+00:00,2,5.550000000000001,5.7,30330493732926.324
2024-06-07 04:00:00+00:00,1,5.0,5.0,1995262314968.8828
2024-06-07 16:00:00+00:00,2,5.25,5.3,9604484957438.477
2024-06-07 17:00:00+00:00,1,5.4,5.4,7943282347242.8545
2024-06-07 19:00:00+00:00,1,5.1,5.1,2818382931264.449
2024-06-09 09:00:00+00:00,3,5.633333333333333,6.2,150275014880069.5
2024-06-09 10:00:00+00:00,1,5.1,5.1,2818382931264.449
2024-06-09 11:00:00+00:00,1,5.0,5.0,1995262314968.8828
2024-06-09 16:00:00+00:00,1,5.7,5.7,22387211385683.47
2024-06-10 03:00:00+00:00,2,5.1,5.2,5976334020503.868
2024-06-10 22:00:00+00:00,1,5.0,5.0,1995262314968.8828
2024-06-11 02:00:00+00:00,2,5.15,5.2,6799454636799.435
2024-06-11 06:00:00+00:00,1,5.2,5.2,3981071705534.9854
2024-06-11 11:00:00+00:00,2,5.15,5.2,6799454636799.435
2024-06-11 15:00:00+00:00,1,5.2,5.2,3981071705534.9854
2024-06-12 02:00:00+00:00,1,5.7,5.7,22387211385683.47
2024-06-12 17:00:00+00:00,1,5.8,5.8,31622776601683.793
2024-06-13 04:00:00+00:00,1,5.0,5.0,1995262314968.8828
2024-06-13 10:00:00+00:00,1,5.1,5.1,2818382931264.449
2024-06-13 17:00:00+00:00,1,5.1,5.1,2818382931264.449
2024-06-13 22:00:00+00:00,1,5.0,5.0,1995262314968.8828
2024-06-14 04:00:00+00:00,1,5.9,5.9,44668359215096.53
2024-06-14 09:00:00+00:00,4,5.4,5.9,60230317129211.76
2024-06-14 15:00:00+00:00,2,5.1,5.2,5976334020503.868
2024-06-15 13:00:00+00:00,1,5.6,5.6,15848931924611.11
2024-06-15 17:00:00+00:00,1,5.4,5.4,7943282347242.8545
2024-06-15 18:00:00+00:00,1,5.5,5.5,11220184543019.652
2024-06-16 00:00:00+00:00,1,6.0,6.0,63095734448019.43
2024-06-16 14:00:00+00:00,1,6.0,6.0,63095734448019.43
2024-06-17 08:00:00+00:00,1,5.3,5.3,5623413251903.491
2024-06-17 14:00:00+00:00,2,5.6,5.6,31697863849222.22
2024-06-17 20:00:00+00:00,1,5.2,5.2,3981071705534.9854
2024-06-18 01:00:00+00:00,1,5.0,5.0,1995262314968.8828
2024-06-18 02:00:00+00:00,1,5.5,5.5,11220184543019.652
2024-06-18 06:00:00+00:00,1,5.8,5.8,31622776601683.793
2024-06-18 09:00:00+00:00,1,5.1,5.1,2818382931264.449
2024-06-18 21:00:00+00:00,1,5.0,5.0,1995262314968.8828
2024-06-19 10:00:00+00:00,1,5.3,5.3,5623413251903.491
2024-06-20 11:00:00+00:00,1,5.0,5.0,1995262314968.8828
2024-06-21 00:00:00+00:00,1,5.0,5.0,1995262314968.8828
2024-06-21 19:00:00+00:00,1,5.0,5.0,1995262314968.8828
2024-06-21 20:00:00+00:00,1,5.5,5.5,11220184543019.652
2024-06-22 00:00:00+00:00,2,5.15,5.2,6799454636799.435
2024-06-22 20:00:00+00:00,1,5.2,5.2,3981071705534.9854
2024-06-23 03:00:00+00:00,1,6.0,6.0,63095734448019.43
2024-06-23 07:00:00+00:00,1,5.2,5.2,3981071705534.9854
2024-06-23 09:00:00+00:00,1,5.0,5.0,1995262314968.8828
2024-06-23 14:00:00+00:00,1,5.0,5.0,1995262314968.8828
2024-06-23 17:00:00+00:00,1,5.3,5.3,5623413251903.491
2024-06-24 08:00:00+00:00,1,6.3,6.3,177827941003892.28
2024-06-24 09:00:00+00:00,1,5.4,5.4,7943282347242.8545
2024-06-24 13:00:00+00:00,1,5.1,5.1,2818382931264.449
2024-06-25 04:00:00+00:00,1,5.0,5.0,1995262314968.8828
2024-06-25 06:00:00+00:00,1,5.1,5.1,2818382931264.449
2024-06-25 08:00:00+00:00,2,5.25,5.4,10761665278507.305
2024-06-26 01:00:00+00:00,1,5.6,5.6,15848931924611.11
2024-06-26 12:00:00+00:00,1,5.1,5.1,2818382931264.449
2024-06-27 10:00:00+00:00,1,5.0,5.0,1995262314968.8828
2024-06-27 15:00:00+00:00,1,5.3,5.3,5623413251903.491
2024-06-27 16:00:00+00:00,1,5.9,5.9,44668359215096.53
2024-06-28 05:00:00+00:00,1,7.2,7.2,3981071705534985.5
2024-06-28 06:00:00+00:00,1,5.0,5.0,1995262314968.8828
2024-06-28 13:00:00+00:00,1,5.7,5.7,22387211385683.47
2024-06-28 17:00:00+00:00,1,5.0,5.0,1995262314968.8828
2024-06-29 06:00:00+00:00,1,5.0,5.0,1995262314968.8828
2024-06-29 07:00:00+00:00,2,5.75,6.1,97068376160617.27
2024-06-29 11:00:00+00:00,1,5.0,5.0,1995262314968.8828
2024-06-29 16:00:00+00:00,1,5.6,5.6,15848931924611.11
2024-06-30 16:00:00+00:00,1,5.2,5.2,3981071705534.9854
2024-06-30 18:00:00+00:00,1,5.2,5.2,3981071705534.9854
2024-07-01 01:00:00+00:00,3,3.94,4.4,381346979518.39124
2024-07-01 02:00:00+00:00,3,4.166666666666667,5.1,2999029255199.606
2024-07-01 03:00:00+00:00,2,4.2,4.2,251785082358.83426
2024-07-01 05:00:00+00:00,7,4.485714285714286,5.0,4964021018934.236
2024-07-01 06:00:00+00:00,1,4.3,4.3,177827941003.89227
2024-07-01 09:00:00+00:00,1,4.5,4.5,354813389233.57605
2024-07-01 10:00:00+00:00,3,4.633333333333334,5.0,2601264347353.417
2024-07-01 11:00:00+00:00,2,4.5,4.6,752375876778.2297
2024-07-01 12:00:00+00:00,2,3.54,4.0,65726002439.9148
2024-07-01 13:00:00+00:00,3,4.3999999999999995,4.7,1048259521348.4729
2024-07-01 14:00:00+00:00,1,4.3,4.3,177827941003.89227
2024-07-01 15:00:00+00:00,1,4.4,4.4,251188643150.95822
2024-07-01 16:00:00+00:00,1,4.4,4.4,251188643150.95822
2024-07-01 17:00:00+00:00,1,4.6,4.6,501187233627.2715
2024-07-01 18:00:00+00:00,1,4.2,4.2,125892541179.41713
2024-07-01 19:00:00+00:00,1,4.5,4.5,354813389233.57605
2024-07-01 20:00:00+00:00,1,4.5,4.5,354813389233.57605
2024-07-01 22:00:00+00:00,3,4.733333333333333,5.3,6457251577467.049
2024-07-01 23:00:00+00:00,3,3.466666666666667,4.3,182641586250.1256
2024-07-02 00:00:00+00:00,1,4.3,4.3,177827941003.89227
2024-07-02 01:00:00+00:00,4,3.6075,4.1,184386973099.97012
2024-07-02 02:00:00+00:00,3,4.066666666666666,4.9,1592360747941.6167
2024-07-02 03:00:00+00:00,4,4.425,4.5,1138643362622.0027
2024-07-02 04:00:00+00:00,2,4.35,4.4,429016584154.85046
2024-07-02 05:00:00+00:00,1,4.5,4.5,354813389233.57605
2024-07-02 06:00:00+00:00,3,4.133333333333333,4.8,1503182495942.2402
2024-07-02 08:00:00+00:00,3,3.936666666666666,4.6,629145154962.4991
2024-07-02 09:00:00+00:00,2,4.55,4.8,1177827941003.8923
2024-07-02 10:00:00+00:00,2,4.6,4.6,1002374467254.543
2024-07-02 11:00:00+00:00,2,4.25,4.3,303720482183.3094
2024-07-02 12:00:00+00:00,3,4.5,4.5,1064440167700.7281
2024-07-02 14:00:00+00:00,1,3.8,3.8,31622776601.683792
2024-07-02 15:00:00+00:00,5,4.3340000000000005,5.0,3087450717785.5273
2024-07-02 16:00:00+00:00,5,3.686,4.4,351851616499.04987
2024-07-02 18:00:00+00:00,4,3.9274999999999998,4.8,1713681594329.406
2024-07-02 19:00:00+00:00,1,4.8,4.8,1000000000000.0
2024-07-02 20:00:00+00:00,3,4.233333333333333,4.7,1217076300358.6545
2024-07-02 21:00:00+00:00,2,3.75,4.3,181809012709.42725
2024-07-02 22:00:00+00:00,4,4.025,4.6,755790698917.3701
2024-07-02 23:00:00+00:00,3,4.2,4.5,628389243770.2178
2024-07-03 00:00:00+00:00,3,4.133333333333333,4.6,690235359174.1833
2024-07-03 01:00:00+00:00,1,4.4,4.4,251188643150.95822
2024-07-03 02:00:00+00:00,3,4.533333333333333,5.0,2559545283044.174
2024-07-03 04:00:00+00:00,1,4.1,4.1,89125093813.3744
2024-07-03 06:00:00+00:00,1,3.22,3.22,4265795188.015917
2024-07-03 07:00:00+00:00,5,4.6,5.2,5676198831732.895
2024-07-03 08:00:00+00:00,1,3.0,3.0,1995262314.9688828
2024-07-03 10:00:00+00:00,2,4.5,4.6,752375876778.2297
2024-07-03 11:00:00+00:00,1,5.3,5.3,5623413251903.491
2024-07-03 12:00:00+00:00,2,3.9,4.6,505168305332.80646
2024-07-03 13:00:00+00:00,3,3.433333333333333,4.1,94761859675.9033
2024-07-03 14:00:00+00:00,2,3.8,4.3,183451354255.79578
2024-07-03 15:00:00+00:00,3,4.433333333333334,4.6,981893164040.2646
2024-07-03 17:00:00+00:00,1,3.0,3.0,1995262314.9688828
2024-07-03 18:00:00+00:00,2,4.55,5.3,5655036028505.175
2024-07-03 19:00:00+00:00,2,4.45,4.5,606002032384.5343
2024-07-03 20:00:00+00:00,9,4.466666666666667,4.9,3887048959209.7954
2024-07-03 21:00:00+00:00,1,4.1,4.1,89125093813.3744
2024-07-03 22:00:00+00:00,1,4.0,4.0,63095734448.019424
2024-07-03 23:00:00+00:00,3,4.966666666666666,5.2,7300641870426.706
2024-07-04 00:00:00+00:00,2,4.7,5.2,4106964246714.4023
2024-07-04 01:00:00+00:00,5,4.292,4.7,1820032838589.6304
2024-07-04 02:00:00+00:00,2,3.75,4.3,181809012709.42725
2024-07-04 03:00:00+00:00,1,5.1,5.1,2818382931264.449
2024-07-04 04:00:00+00:00,1,4.2,4.2,125892541179.41713
2024-07-04 05:00:00+00:00,2,4.25,4.3,303720482183.3094
2024-07-04 06:00:00+00:00,3,3.9,4.5,482701192727.96204
2024-07-04 07:00:00+00:00,3,4.17,4.5,555815276737.1531
2024-07-04 08:00:00+00:00,2,3.715,4.3,180954020371.01624
2024-07-04 10:00:00+00:00,1,3.3,3.3,5623413251.903491
2024-07-04 11:00:00+00:00,3,3.8666666666666667,4.4,343132119895.59705
2024-07-04 12:00:00+00:00,1,3.2,3.2,3981071705.5349855
2024-07-04 13:00:00+00:00,1,4.7,4.7,707945784384.1403
2024-07-04 15:00:00+00:00,3,4.19,4.7,825581060872.5537
2024-07-04 16:00:00+00:00,2,4.95,5.7,22513103926862.887
2024-07-04 17:00:00+00:00,1,4.3,4.3,177827941003.89227
2024-07-04 18:00:00+00:00,2,4.6,4.8,1251188643150.9583
2024-07-04 19:00:00+00:00,1,4.5,4.5,354813389233.57605
2024-07-04 20:00:00+00:00,3,3.933333333333333,4.3,274896317164.50946
2024-07-04 21:00:00+00:00,6,4.466666666666667,4.9,2756415801516.276
2024-07-04 22:00:00+00:00,3,4.333333333333333,4.5,772722512915.1715
2024-07-04 23:00:00+00:00,2,4.449999999999999,4.6,679015174631.1638
2024-07-05 00:00:00+00:00,2,4.2,4.4,314284377598.97766
2024-07-05 01:00:00+00:00,1,4.4,4.4,251188643150.95822
2024-07-05 02:00:00+00:00,2,4.199999999999999,4.3,266953034817.26666
2024-07-05 04:00:00+00:00,3,4.466666666666666,4.6,1128267008433.96
2024-07-05 06:00:00+00:00,2,4.5,4.6,752375876778.2297
2024-07-05 07:00:00+00:00,2,4.4,4.4,502377286301.91644
2024-07-05 08:00:00+00:00,1,4.8,4.8,1000000000000.0
2024-07-05 09:00:00+00:00,1,4.0,4.0,63095734448.019424
2024-07-05 10:00:00+00:00,3,3.856666666666667,4.5,391506072918.0069
2024-07-05 11:00:00+00:00,4,4.425,4.8,1621766424050.8428
2024-07-05 13:00:00+00:00,2,4.35,4.4,429016584154.85046
2024-07-05 15:00:00+00:00,2,4.35,4.5,480705930412.99316
2024-07-05 16:00:00+00:00,3,4.666666666666667,5.3,6052429836058.342
2024-07-05 17:00:00+00:00,2,4.5,4.6,752375876778.2297
2024-07-05 18:00:00+00:00,8,4.575,5.1,6926644041292.989
2024-07-05 19:00:00+00:00,2,4.449999999999999,4.6,679015174631.1638
2024-07-05 20:00:00+00:00,2,4.25,4.3,303720482183.3094
2024-07-05 21:00:00+00:00,3,4.466666666666666,4.6,1128267008433.9602
2024-07-06 00:00:00+00:00,1,3.0,3.0,1995262314.9688828
2024-07-06 01:00:00+00:00,2,4.15,4.3,240923675451.91168
2024-07-06 02:00:00+00:00,1,4.4,4.4,251188643150.95822
2024-07-06 03:00:00+00:00,1,4.2,4.2,125892541179.41713
2024-07-06 04:00:00+00:00,1,4.3,4.3,177827941003.89227
2024-07-06 06:00:00+00:00,3,4.266666666666667,4.4,518141677968.2249
2024-07-06 07:00:00+00:00,3,3.1033333333333335,3.2,8864834792.609962
2024-07-06 08:00:00+00:00,2,4.4,4.5,532641330237.4683
2024-07-06 09:00:00+00:00,1,4.4,4.4,251188643150.95822
2024-07-06 10:00:00+00:00,3,5.0,5.5,12928130327403.793
2024-07-06 11:00:00+00:00,4,3.9775,4.6,665437257546.476
2024-07-06 13:00:00+00:00,3,3.8666666666666667,4.3,306538865114.57385
2024-07-06 14:00:00+00:00,1,3.3,3.3,5623413251.903491
2024-07-06 15:00:00+00:00,2,4.300000000000001,4.4,377081184330.37537
2024-07-06 16:00:00+00:00,5,4.42,5.0,2738563276722.711
2024-07-06 17:00:00+00:00,3,4.8,5.0,3762613248825.2144
2024-07-06 18:00:00+00:00,1,4.1,4.1,89125093813.3744
2024-07-06 20:00:00+00:00,3,3.533333333333333,4.1,99886759091.88164
2024-07-06 21:00:00+00:00,2,4.449999999999999,4.6,679015174631.1638
2024-07-06 22:00:00+00:00,3,4.0,4.5,711622040782.121
2024-07-06 23:00:00+00:00,1,4.8,4.8,1000000000000.0
2024-07-07 00:00:00+00:00,3,4.333333333333333,4.8,1222496300218.9885
2024-07-07 02:00:00+00:00,2,4.15,4.3,240923675451.91168
2024-07-07 03:00:00+00:00,1,4.5,4.5,354813389233.57605
2024-07-07 04:00:00+00:00,3,4.3,4.4,554909125334.2676
2024-07-07 05:00:00+00:00,1,4.3,4.3,177827941003.89227
2024-07-07 06:00:00+00:00,3,3.5766666666666667,4.14,113424802171.56555
2024-07-07 07:00:00+00:00,3,4.3999999999999995,4.5,835519319646.5692
2024-07-07 08:00:00+00:00,2,4.05,4.1,152220828261.39383
2024-07-07 11:00:00+00:00,2,4.35,5.5,11224165614725.188
2024-07-07 12:00:00+00:00,1,4.3,4.3,177827941003.89227
2024-07-07 13:00:00+00:00,1,4.2,4.2,125892541179.41713
2024-07-07 14:00:00+00:00,2,4.55,4.6,856000622860.8475
2024-07-07 15:00:00+00:00,4,3.79,4.5,540357501362.41724
2024-07-07 16:00:00+00:00,1,3.24,3.24,4570881896.148752
2024-07-07 17:00:00+00:00,1,3.53,3.53,12445146117.713818
2024-07-07 20:00:00+00:00,2,5.85,6.2,137112725722436.8
2024-07-07 21:00:00+00:00,3,4.3999999999999995,4.7,1048259521348.4729
2024-07-07 22:00:00+00:00,1,4.4,4.4,251188643150.95822
2024-07-07 23:00:00+00:00,2,3.8499999999999996,4.3,185771223351.13507
2024-07-08 00:00:00+00:00,3,4.056666666666667,4.7,804232312299.6437
2024-07-08 02:00:00+00:00,1,4.7,4.7,707945784384.1403
2024-07-08 03:00:00+00:00,6,4.316666666666666,4.6,1403888761152.0686
2024-07-08 06:00:00+00:00,1,4.3,4.3,177827941003.89227
2024-07-08 08:00:00+00:00,3,4.333333333333333,4.8,1178250187626.7488
2024-07-08 09:00:00+00:00,1,5.3,5.3,5623413251903.491
2024-07-08 10:00:00+00:00,2,4.449999999999999,4.6,679015174631.1638
2024-07-08 11:00:00+00:00,1,4.3,4.3,177827941003.89227
2024-07-08 12:00:00+00:00,1,4.3,4.3,177827941003.89227
2024-07-08 13:00:00+00:00,6,3.9500000000000006,4.5,806914662064.7487
2024-07-08 14:00:00+00:00,3,4.866666666666666,5.3,6978226641137.067
2024-07-08 15:00:00+00:00,2,4.7,5.2,4106964246714.4023
2024-07-08 16:00:00+00:00,1,4.3,4.3,177827941003.89227
2024-07-08 17:00:00+00:00,3,4.4,4.4,753565929452.8746
2024-07-08 18:00:00+00:00,2,3.95,4.2,148279752565.1006
2024-07-08 19:00:00+00:00,1,5.4,5.4,7943282347242.8545
2024-07-08 20:00:00+00:00,2,3.55,4.1,91120356128.34329
2024-07-08 21:00:00+00:00,6,3.64,4.3,330388357881.5498
2024-07-08 22:00:00+00:00,3,3.9966666666666666,4.3,363329496901.4027
2024-07-08 23:00:00+00:00,1,4.1,4.1,89125093813.3744
2024-07-09 00:00:00+00:00,3,4.533333333333333,4.8,1532641330237.4683
2024-07-09 01:00:00+00:00,1,3.0,3.0,1995262314.9688828
2024-07-09 02:00:00+00:00,2,4.4,4.4,502377286301.91644
2024-07-09 03:00:00+00:00,3,4.466666666666666,4.8,1355655882007.7847
2024-07-09 04:00:00+00:00,3,4.6000000000000005,5.0,3058358049416.9023
2024-07-09 05:00:00+00:00,1,4.1,4.1,89125093813.3744
2024-07-09 07:00:00+00:00,1,3.1,3.1,2818382931.264449
2024-07-09 09:00:00+00:00,4,4.325,4.9,1961027806784.8347
2024-07-09 13:00:00+00:00,3,3.7699999999999996,4.6,526356442441.92505
2024-07-09 14:00:00+00:00,2,3.85,4.5,358794460939.111
2024-07-09 15:00:00+00:00,1,5.2,5.2,3981071705534.9854
2024-07-09 17:00:00+00:00,1,4.2,4.2,125892541179.41713
2024-07-09 19:00:00+00:00,4,3.75,4.1,195093785421.67197
2024-07-09 21:00:00+00:00,5,3.88,4.5,634981870908.8313
2024-07-09 22:00:00+00:00,2,4.95,5.0,3407799859591.638
2024-07-10 00:00:00+00:00,2,3.8200000000000003,4.04,88292527932.11003
2024-07-10 01:00:00+00:00,5,4.42,4.8,2137384615161.8472
2024-07-10 03:00:00+00:00,3,4.066666666666666,4.6,858819005792.112
2024-07-10 04:00:00+00:00,1,6.6,6.6,501187233627271.44
2024-07-10 05:00:00+00:00,1,4.2,4.2,125892541179.41713
2024-07-10 06:00:00+00:00,3,4.2,4.3,392845575996.68384
2024-07-10 08:00:00+00:00,5,4.1,4.5,964230243757.2507
2024-07-10 09:00:00+00:00,3,4.3999999999999995,4.7,1011666266567.4497
2024-07-10 10:00:00+00:00,2,3.55,4.1,91120356128.34329
2024-07-10 11:00:00+00:00,2,4.25,4.3,303720482183.3094
2024-07-10 12:00:00+00:00,4,4.15,4.8,1504372548616.8853
2024-07-10 13:00:00+00:00,2,3.7,4.4,253183905465.9271
2024-07-10 14:00:00+00:00,2,4.1,4.1,178250187626.7488
2024-07-10 15:00:00+00:00,4,4.625,5.4,8675176920806.806
2024-07-10 16:00:00+00:00,1,4.3,4.3,177827941003.89227
2024-07-10 17:00:00+00:00,2,4.35,4.4,429016584154.85046
2024-07-10 18:00:00+00:00,2,4.35,4.4,429016584154.85046
2024-07-10 19:00:00+00:00,3,4.433333333333333,5.1,2996633118891.198
2024-07-10 20:00:00+00:00,3,4.433333333333334,5.0,2210279949961.6743
2024-07-10 21:00:00+00:00,1,4.9,4.9,1412537544622.7554
2024-07-10 22:00:00+00:00,2,3.75,4.0,74315918991.03908
2024-07-10 23:00:00+00:00,1,5.0,5.0,1995262314968.8828
2024-07-11 00:00:00+00:00,5,4.0600000000000005,4.5,874950329516.7698
2024-07-11 02:00:00+00:00,2,5.949999999999999,7.1,2819382931264449.0
2024-07-11 03:00:00+00:00,4,4.425,4.9,1930679222590.9802
2024-07-11 04:00:00+00:00,3,4.366666666666667,4.5,731894573563.9514
2024-07-11 05:00:00+00:00,3,3.606666666666667,4.3,187717149443.81168
2024-07-11 07:00:00+00:00,1,3.01,3.01,2065380155.810527
2024-07-11 08:00:00+00:00,1,4.5,4.5,354813389233.57605
2024-07-11 09:00:00+00:00,2,4.85,5.4,8121110288246.747
2024-07-11 10:00:00+00:00,2,4.3,4.3,355655882007.78455
2024-07-11 11:00:00+00:00,3,4.0,4.3,363599164355.02734
2024-07-11 12:00:00+00:00,2,4.449999999999999,4.6,679015174631.1638
2024-07-11 13:00:00+00:00,1,3.12,3.12,3019951720.402019
2024-07-11 15:00:00+00:00,3,5.033333333333334,6.4,251669349081372.25
2024-07-11 16:00:00+00:00,3,4.733333333333333,5.2,4733447582313.215
2024-07-11 17:00:00+00:00,3,4.333333333333333,4.7,922963419376.9318
2024-07-11 18:00:00+00:00,1,4.3,4.3,177827941003.89227
2024-07-11 21:00:00+00:00,1,4.2,4.2,125892541179.41713
2024-07-11 22:00:00+00:00,2,4.65,4.9,1663726187773.7136
2024-07-11 23:00:00+00:00,1,3.04,3.04,2290867652.76777
2024-07-12 00:00:00+00:00,4,4.575,5.8,31989592818315.12
2024-07-12 01:00:00+00:00,3,4.1000000000000005,5.0,2175085518287.744
2024-07-12 03:00:00+00:00,3,4.1000000000000005,5.0,2123973239079.5645
2024-07-12 04:00:00+00:00,2,4.8,5.1,3173196320498.0254
2024-07-12 05:00:00+00:00,6,3.8666666666666667,4.6,880742422760.1603
2024-07-12 06:00:00+00:00,4,3.9699999999999998,4.4,395453381659.9378
2024-07-12 08:00:00+00:00,3,4.3999999999999995,4.8,1266953034817.2666
2024-07-12 09:00:00+00:00,4,4.57,5.8,32316582860196.64
2024-07-12 10:00:00+00:00,3,4.133333333333334,5.0,2051150858726.9985
2024-07-12 11:00:00+00:00,4,4.35,4.9,2958910912772.171
2024-07-12 12:00:00+00:00,2,4.5,4.7,885773725388.0325
2024-07-12 13:00:00+00:00,1,4.1,4.1,89125093813.3744
2024-07-12 15:00:00+00:00,2,4.4,4.4,502377286301.91644
2024-07-12 17:00:00+00:00,4,4.475,5.5,12886729113724.63
2024-07-12 18:00:00+00:00,3,4.766666666666667,5.6,16893600283826.205
2024-07-12 19:00:00+00:00,5,4.220000000000001,5.2,4634560480065.88
2024-07-12 20:00:00+00:00,1,4.2,4.2,125892541179.41713
2024-07-12 22:00:00+00:00,2,3.6,4.2,127887803494.38602
2024-07-12 23:00:00+00:00,4,4.775,5.3,7333040030370.644
2024-07-13 00:00:00+00:00,1,4.3,4.3,177827941003.89227
2024-07-13 01:00:00+00:00,1,3.8,3.8,31622776601.683792
2024-07-13 02:00:00+00:00,7,3.6142857142857143,4.7,891282473435.9569
2024-07-13 03:00:00+00:00,3,3.97,4.6,681080554786.9744
2024-07-13 04:00:00+00:00,2,4.15,4.5,386436165835.2598
2024-07-13 05:00:00+00:00,2,4.4,4.5,532641330237.4683
2024-07-13 06:00:00+00:00,3,3.4,3.8,41561321263.89546
2024-07-13 07:00:00+00:00,1,4.2,4.2,125892541179.41713
2024-07-13 08:00:00+00:00,2,3.8000000000000003,4.4,255169714856.4932
2024-07-13 09:00:00+00:00,1,4.1,4.1,89125093813.3744
2024-07-13 10:00:00+00:00,2,3.7,4.0,71039016795.2622
2024-07-13 11:00:00+00:00,1,3.5,3.5,11220184543.019653
2024-07-13 13:00:00+00:00,4,3.8274999999999997,3.9,144133441531.56085
2024-07-13 14:00:00+00:00,2,3.5999999999999996,4.1,91943476744.63885
2024-07-13 15:00:00+00:00,3,4.066666666666666,4.1,241345922074.76825
2024-07-13 16:00:00+00:00,3,4.2,4.5,507034217494.96985
2024-07-13 17:00:00+00:00,1,5.6,5.6,15848931924611.11
2024-07-13 18:00:00+00:00,4,4.15,4.8,1174608039647.0774
2024-07-13 19:00:00+00:00,2,3.6,4.0,67076806153.55441
2024-07-13 20:00:00+00:00,2,3.655,4.3,179893321159.7028
2024-07-13 21:00:00+00:00,2,5.25,5.4,10761665278507.305
2024-07-13 22:00:00+00:00,2,4.5,4.5,709626778467.1521
2024-07-14 00:00:00+00:00,4,3.9850000000000003,4.4,506209662079.08875
2024-07-14 01:00:00+00:00,3,3.9000000000000004,4.4,379899567261.6398
2024-07-14 02:00:00+00:00,3,3.8000000000000003,4.4,316279639913.94653
2024-07-14 03:00:00+00:00,2,3.6950000000000003,4.0,70769349341.6376
2024-07-14 04:00:00+00:00,1,4.3,4.3,177827941003.89227
2024-07-14 05:00:00+00:00,2,4.25,4.4,340313736964.33264
2024-07-14 07:00:00+00:00,3,4.433333333333334,4.9,1679490579440.022
2024-07-14 08:00:00+00:00,1,4.5,4.5,354813389233.57605
2024-07-14 09:00:00+00:00,1,4.7,4.7,707945784384.1403
2024-07-14 10:00:00+00:00,2,4.55,4.6,856000622860.8475
2024-07-14 11:00:00+00:00,4,4.09,4.4,601274752324.8489
2024-07-14 12:00:00+00:00,4,4.5,4.8,1835519319646.5693
2024-07-14 14:00:00+00:00,2,4.3,4.5,443938483046.95044
2024-07-14 16:00:00+00:00,2,4.3,4.3,355655882007.78455
2024-07-14 17:00:00+00:00,1,3.0,3.0,1995262314.9688828
2024-07-14 18:00:00+00:00,4,4.7,5.2,5295019522303.66
2024-07-14 20:00:00+00:00,2,4.15,4.9,1420480826969.998
2024-07-14 21:00:00+00:00,2,4.75,5.0,2350075704202.459
2024-07-14 23:00:00+00:00,1,3.07,3.07,2540972705.549301
2024-07-15 02:00:00+00:00,1,3.56,3.56,13803842646.028866
2024-07-15 03:00:00+00:00,1,4.3,4.3,177827941003.89227
2024-07-15 04:00:00+00:00,2,4.95,5.0,3407799859591.638
2024-07-15 05:00:00+00:00,2,4.300000000000001,4.4,377081184330.37537
2024-07-15 06:00:00+00:00,1,4.2,4.2,125892541179.41713
2024-07-15 07:00:00+00:00,1,3.1,3.1,2818382931.264449
2024-07-15 08:00:00+00:00,1,5.2,5.2,3981071705534.9854
2024-07-15 09:00:00+00:00,4,4.3,4.5,821019667377.3258
2024-07-15 10:00:00+00:00,3,4.366666666666666,4.5,710469271241.3606
2024-07-15 11:00:00+00:00,2,4.5,4.5,709626778467.1521
2024-07-15 12:00:00+00:00,1,4.3,4.3,177827941003.89227
2024-07-15 13:00:00+00:00,6,3.983333333333333,4.6,850509209967.0734
2024-07-15 14:00:00+00:00,1,3.5,3.5,11220184543.019653
2024-07-15 15:00:00+00:00,2,4.25,4.4,340313736964.33264
2024-07-15 16:00:00+00:00,1,4.1,4.1,89125093813.3744
2024-07-15 17:00:00+00:00,2,4.95,5.7,22513103926862.887
2024-07-15 18:00:00+00:00,2,4.8,5.3,5801241192907.384
2024-07-15 19:00:00+00:00,4,4.05,4.9,1682889654663.9758
2024-07-15 21:00:00+00:00,1,4.0,4.0,63095734448.019424
2024-07-15 23:00:00+00:00,1,4.7,4.7,707945784384.1403
2024-07-16 00:00:00+00:00,1,3.0,3.0,1995262314.9688828
2024-07-16 01:00:00+00:00,1,4.6,4.6,501187233627.2715
2024-07-16 02:00:00+00:00,2,4.5,4.9,1501662638436.13
2024-07-16 03:00:00+00:00,3,3.9333333333333336,4.4,381062256035.91034
2024-07-16 04:00:00+00:00,1,4.1,4.1,89125093813.3744
2024-07-16 05:00:00+00:00,2,4.449999999999999,4.6,679015174631.1638
2024-07-16 06:00:00+00:00,2,4.11,5.2,3983209667624.488
2024-07-16 07:00:00+00:00,2,4.4,4.6,627079774806.6886
2024-07-16 08:00:00+00:00,3,3.813333333333333,4.8,1012310890606.6936
2024-07-16 09:00:00+00:00,1,4.4,4.4,251188643150.95822
2024-07-16 11:00:00+00:00,3,4.3,4.6,716204868620.063
2024-07-16 12:00:00+00:00,4,4.359999999999999,5.1,3506518214289.1724
2024-07-16 13:00:00+00:00,4,4.1,4.4,514499529988.5534
2024-07-16 14:00:00+00:00,4,4.14,4.8,1431471293070.5354
2024-07-16 15:00:00+00:00,1,4.5,4.5,354813389233.57605
2024-07-16 17:00:00+00:00,3,4.466666666666667,4.6,1003564519929.188
2024-07-16 18:00:00+00:00,1,4.2,4.2,125892541179.41713
2024-07-16 19:00:00+00:00,2,4.050000000000001,4.9,1416518616328.2903
2024-07-16 23:00:00+00:00,1,5.3,5.3,5623413251903.491
2024-07-17 02:00:00+00:00,1,4.1,4.1,89125093813.3744
2024-07-17 03:00:00+00:00,1,4.1,4.1,89125093813.3744
2024-07-17 05:00:00+00:00,4,3.75,4.5,428670788960.1027
2024-07-17 06:00:00+00:00,1,4.3,4.3,177827941003.89227
2024-07-17 07:00:00+00:00,3,3.5,4.1,97566889996.54234
2024-07-17 08:00:00+00:00,1,4.4,4.4,251188643150.95822
2024-07-17 13:00:00+00:00,1,3.0,3.0,1995262314.9688828
2024-07-17 14:00:00+00:00,1,4.1,4.1,89125093813.3744
2024-07-17 15:00:00+00:00,3,3.5966666666666662,4.3,187241516024.3516
2024-07-17 16:00:00+00:00,2,3.55,4.0,65914117379.283875
2024-07-17 17:00:00+00:00,2,4.0,4.4,267037575075.56934
2024-07-17 18:00:00+00:00,3,3.966666666666667,4.3,311663764530.5522
2024-07-17 19:00:00+00:00,4,4.425,4.6,1211656504868.632
2024-07-17 20:00:00+00:00,1,4.1,4.1,89125093813.3744
2024-07-17 21:00:00+00:00,2,3.95,4.4,262408827693.97787
2024-07-17 22:00:00+00:00,1,4.0,4.0,63095734448.019424
2024-07-18 00:00:00+00:00,1,4.2,4.2,125892541179.41713
2024-07-18 01:00:00+00:00,1,4.5,4.5,354813389233.57605
2024-07-18 02:00:00+00:00,1,4.5,4.5,354813389233.57605
2024-07-18 03:00:00+00:00,2,4.6,4.8,1251188643150.9583
2024-07-18 04:00:00+00:00,1,4.4,4.4,251188643150.95822
2024-07-18 05:00:00+00:00,4,3.8325,5.1,2887672832127.609
2024-07-18 07:00:00+00:00,1,4.0,4.0,63095734448.019424
2024-07-18 08:00:00+00:00,4,3.925,4.6,767577133026.7843
2024-07-18 09:00:00+00:00,1,4.3,4.3,177827941003.89227
2024-07-18 10:00:00+00:00,2,4.35,4.4,429016584154.85046
2024-07-18 11:00:00+00:00,1,5.6,5.6,15848931924611.11
2024-07-18 12:00:00+00:00,2,4.199999999999999,4.3,266953034817.26666
2024-07-18 13:00:00+00:00,1,4.6,4.6,501187233627.2715
2024-07-18 15:00:00+00:00,3,4.366666666666667,5.3,5882545177401.692
2024-07-18 18:00:00+00:00,2,4.050000000000001,4.9,1416518616328.2903
2024-07-18 20:00:00+00:00,1,4.2,4.2,125892541179.41713
2024-07-18 21:00:00+00:00,3,4.133333333333334,4.4,451403795540.53394
2024-07-18 22:00:00+00:00,1,4.6,4.6,501187233627.2715
2024-07-18 23:00:00+00:00,2,4.05,4.1,152220828261.39383
2024-07-19 00:00:00+00:00,4,3.5974999999999997,4.5,373825514979.9897
2024-07-19 01:00:00+00:00,2,5.375,7.4,7943289030682030.0
2024-07-19 02:00:00+00:00,2,4.8,5.0,2496449548596.1543
2024-07-19 03:00:00+00:00,8,4.15375,6.0,65349773180565.13
2024-07-19 04:00:00+00:00,2,4.2,4.5,399481748448.67224
2024-07-19 05:00:00+00:00,2,4.5,4.6,752375876778.2297
2024-07-19 06:00:00+00:00,6,4.183333333333334,4.9,2198959219534.0269
2024-07-19 07:00:00+00:00,1,4.2,4.2,125892541179.41713
2024-07-19 08:00:00+00:00,3,4.2,4.2,377677623538.2514
2024-07-19 09:00:00+00:00,1,4.2,4.2,125892541179.41713
2024-07-19 10:00:00+00:00,2,4.35,4.5,480705930412.99316
2024-07-19 11:00:00+00:00,4,3.75,4.3,284797229056.8467
2024-07-19 12:00:00+00:00,1,4.4,4.4,251188643150.95822
2024-07-19 13:00:00+00:00,1,5.0,5.0,1995262314968.8828
2024-07-19 14:00:00+00:00,4,4.75,5.1,5419647278617.866
2024-07-19 15:00:00+00:00,1,4.7,4.7,707945784384.1403
2024-07-19 16:00:00+00:00,1,4.6,4.6,501187233627.2715
2024-07-19 17:00:00+00:00,4,4.05,4.5,510994053647.7301
2024-07-19 18:00:00+00:00,3,4.166666666666667,4.2,340910176172.2087
2024-07-19 19:00:00+00:00,3,3.8666666666666667,4.3,306538865114.57385
2024-07-19 20:00:00+00:00,3,3.5666666666666664,4.5,360450155096.1049
2024-07-19 22:00:00+00:00,1,4.2,4.2,125892541179.41713
2024-07-19 23:00:00+00:00,1,4.0,4.0,63095734448.019424
2024-07-20 00:00:00+00:00,1,5.0,5.0,1995262314968.8828
2024-07-20 01:00:00+00:00,4,4.625,5.3,6568538968577.713
2024-07-20 02:00:00+00:00,1,4.2,4.2,125892541179.41713
2024-07-20 03:00:00+00:00,1,4.3,4.3,177827941003.89227
2024-07-20 05:00:00+00:00,1,4.0,4.0,63095734448.019424
2024-07-20 06:00:00+00:00,1,4.4,4.4,251188643150.95822
2024-07-20 07:00:00+00:00,2,4.6,4.6,1002374467254.543
2024-07-20 08:00:00+00:00,2,3.6500000000000004,4.2,128710924110.68158
2024-07-20 09:00:00+00:00,1,4.3,4.3,177827941003.89227
2024-07-20 10:00:00+00:00,1,4.6,4.6,501187233627.2715
2024-07-20 11:00:00+00:00,2,4.1,4.9,1418160957874.659
2024-07-20 12:00:00+00:00,3,4.633333333333333,5.1,3615453809461.964
2024-07-20 14:00:00+00:00,2,4.65,4.8,1354813389233.5762
2024-07-20 15:00:00+00:00,2,3.9,4.5,360436802485.47955
2024-07-20 16:00:00+00:00,2,4.25,4.5,417909123681.59546
2024-07-20 17:00:00+00:00,1,4.9,4.9,1412537544622.7554
2024-07-20 18:00:00+00:00,2,4.5,4.9,1501662638436.13
2024-07-20 20:00:00+00:00,3,4.333333333333333,4.4,628269827481.3336
2024-07-20 21:00:00+00:00,3,4.1466666666666665,4.8,1102007589330.3057
2024-07-20 23:00:00+00:00,1,4.2,4.2,125892541179.41713
2024-07-21 00:00:00+00:00,1,3.0,3.0,1995262314.9688828
2024-07-21 01:00:00+00:00,1,4.4,4.4,251188643150.95822
2024-07-21 02:00:00+00:00,4,4.75,6.2,126462372203643.52
2024-07-21 03:00:00+00:00,1,3.29,3.29,5432503314.924325
2024-07-21 04:00:00+00:00,6,4.135,5.3,11335241910746.7
2024-07-21 05:00:00+00:00,1,4.6,4.6,501187233627.2715
2024-07-21 06:00:00+00:00,6,4.216666666666667,4.7,1515483431786.1182
2024-07-21 07:00:00+00:00,2,4.140000000000001,4.4,292875581497.9919
2024-07-21 09:00:00+00:00,4,4.475,4.6,1388641953098.316
2024-07-21 10:00:00+00:00,2,4.7,5.2,4106964246714.4023
2024-07-21 11:00:00+00:00,2,4.25,4.5,417909123681.59546
2024-07-21 12:00:00+00:00,2,4.45,4.5,606002032384.5343
2024-07-21 13:00:00+00:00,1,3.08,3.08,2630267991.8953815
2024-07-21 16:00:00+00:00,1,4.2,4.2,125892541179.41713
2024-07-21 18:00:00+00:00,2,4.199999999999999,5.1,2824006344516.3525
2024-07-21 19:00:00+00:00,1,4.5,4.5,354813389233.57605
2024-07-21 20:00:00+00:00,1,4.3,4.3,177827941003.89227
2024-07-21 21:00:00+00:00,1,4.3,4.3,177827941003.89227
2024-07-21 22:00:00+00:00,1,3.56,3.56,13803842646.028866
2024-07-21 23:00:00+00:00,2,4.300000000000001,4.4,377081184330.37537
2024-07-22 00:00:00+00:00,2,5.05,5.5,11721371776646.924
2024-07-22 01:00:00+00:00,4,4.25,4.7,1251807299164.6282
2024-07-22 02:00:00+00:00,1,4.7,4.7,707945784384.1403
2024-07-22 03:00:00+00:00,5,4.326,4.9,2308802752823.88
2024-07-22 04:00:00+00:00,3,4.013333333333333,4.9,1503953506088.8975
2024-07-22 05:00:00+00:00,7,4.72,6.1,96084940338429.9
2024-07-22 06:00:00+00:00,4,4.7,5.2,6420272503550.818
2024-07-22 07:00:00+00:00,4,4.475,4.5,1315628810851.6865
2024-07-22 08:00:00+00:00,1,4.4,4.4,251188643150.95822
2024-07-22 09:00:00+00:00,1,3.0,3.0,1995262314.9688828
2024-07-22 10:00:00+00:00,2,4.7,5.0,2246450958119.841
2024-07-22 11:00:00+00:00,1,3.2,3.2,3981071705.5349855
2024-07-22 12:00:00+00:00,2,4.035,4.4,271372306787.7738
2024-07-22 13:00:00+00:00,1,4.0,4.0,63095734448.019424
2024-07-22 14:00:00+00:00,3,4.833333333333333,5.0,4345338019171.342
2024-07-22 15:00:00+00:00,2,3.8,4.6,503182495942.24036
2024-07-22 17:00:00+00:00,4,4.225,4.4,592098819323.1669
2024-07-22 19:00:00+00:00,3,4.866666666666667,5.7,22993213418068.004
2024-07-22 20:00:00+00:00,3,4.51,5.6,17263682563943.47
2024-07-22 22:00:00+00:00,2,3.44,3.48,18414567827.751774
2024-07-22 23:00:00+00:00,2,3.85,4.4,256812056402.86172
2024-07-23 00:00:00+00:00,3,3.5366666666666666,4.1,98869482256.25119
2024-07-23 01:00:00+00:00,3,3.8166666666666664,4.3,269324408522.92834
2024-07-23 02:00:00+00:00,5,4.0200000000000005,4.4,719390183609.6769
2024-07-23 03:00:00+00:00,4,4.4025,4.9,3084486158895.9395
2024-07-23 04:00:00+00:00,2,3.75,4.4,254007026082.22266
2024-07-23 05:00:00+00:00,2,4.55,4.6,856000622860.8475
2024-07-23 06:00:00+00:00,1,3.2,3.2,3981071705.5349855
2024-07-23 07:00:00+00:00,1,4.7,4.7,707945784384.1403
2024-07-23 08:00:00+00:00,3,4.266666666666667,4.7,1220353202554.4314
2024-07-23 09:00:00+00:00,2,4.5,4.9,1501662638436.13
2024-07-23 10:00:00+00:00,1,4.2,4.2,125892541179.41713
2024-07-23 12:00:00+00:00,3,3.466666666666667,4.2,131868875199.921
2024-07-23 13:00:00+00:00,7,3.367142857142857,4.2,161896663044.94727
2024-07-23 14:00:00+00:00,2,4.55,4.6,856000622860.8475
2024-07-23 16:00:00+00:00,2,4.300000000000001,4.4,377081184330.37537
2024-07-23 17:00:00+00:00,3,4.666666666666667,4.9,2590365485626.6475
2024-07-23 18:00:00+00:00,3,3.4066666666666667,4.0,68934069099.6859
2024-07-23 20:00:00+00:00,2,4.45,4.5,606002032384.5343
2024-07-23 21:00:00+00:00,1,4.2,4.2,125892541179.41713
2024-07-23 22:00:00+00:00,1,4.2,4.2,125892541179.41713
2024-07-23 23:00:00+00:00,2,4.85,5.2,4335885094768.5615
2024-07-24 00:00:00+00:00,6,4.5,5.2,5661699179463.65
2024-07-24 02:00:00+00:00,1,4.4,4.4,251188643150.95822
2024-07-24 03:00:00+00:00,5,4.4,4.8,1894032809623.9553
2024-07-24 04:00:00+00:00,4,3.3425000000000002,3.54,31186166453.14704
2024-07-24 05:00:00+00:00,1,4.2,4.2,125892541179.41713
2024-07-24 06:00:00+00:00,1,3.66,3.66,19498445997.580414
2024-07-24 07:00:00+00:00,2,3.2699999999999996,3.51,13827580848.009045
2024-07-24 08:00:00+00:00,3,4.566666666666666,5.2,4284792187718.295
2024-07-24 09:00:00+00:00,3,3.9,4.1,156180664414.15402
2024-07-24 10:00:00+00:00,4,4.005,4.4,557929077054.6697
2024-07-24 12:00:00+00:00,2,4.75,5.1,3069571574415.407
2024-07-24 13:00:00+00:00,3,3.716666666666667,4.3,212852878144.5439
2024-07-24 14:00:00+00:00,3,4.366666666666666,4.6,804907715810.5809
2024-07-24 15:00:00+00:00,1,4.4,4.4,251188643150.95822
2024-07-24 16:00:00+00:00,2,3.75,4.4,254007026082.22266
2024-07-24 17:00:00+00:00,2,3.8000000000000003,4.4,255169714856.4932
2024-07-24 18:00:00+00:00,1,4.3,4.3,177827941003.89227
2024-07-24 20:00:00+00:00,4,3.2525,3.6,27852856742.63331
2024-07-24 21:00:00+00:00,1,3.12,3.12,3019951720.402019
2024-07-24 23:00:00+00:00,3,3.8433333333333333,4.3,270079114184.39062
2024-07-25 00:00:00+00:00,4,3.8225,4.5,716291079218.8701
2024-07-25 01:00:00+00:00,5,3.678,4.5,495624913072.73145
2024-07-25 02:00:00+00:00,3,4.3,4.6,742110909079.1831
2024-07-25 03:00:00+00:00,2,3.9250000000000003,4.4,260629251913.81747
2024-07-25 04:00:00+00:00,2,4.1,4.2,188988275627.43655
2024-07-25 05:00:00+00:00,2,4.4,4.7,797070878197.5146
2024-07-25 06:00:00+00:00,2,5.050000000000001,5.7,22638400028834.426
2024-07-25 07:00:00+00:00,2,3.75,4.5,356808651548.5449
2024-07-25 09:00:00+00:00,2,4.449999999999999,4.6,679015174631.1638
2024-07-25 10:00:00+00:00,1,4.4,4.4,251188643150.95822
2024-07-25 11:00:00+00:00,3,4.5,4.7,1240587114621.6086
2024-07-25 12:00:00+00:00,1,3.31,3.31,5821032177.708722
2024-07-25 13:00:00+00:00,2,4.6,4.6,1002374467254.543
2024-07-25 14:00:00+00:00,5,4.152,4.7,1189120592366.5332
2024-07-25 15:00:00+00:00,3,4.28,5.6,15977115333443.295
2024-07-25 16:00:00+00:00,3,3.7866666666666666,4.6,518048084218.51843
2024-07-25 17:00:00+00:00,2,4.85,5.3,5874601895054.449
2024-07-25 18:00:00+00:00,2,3.11,3.19,6059012530.0591755
2024-07-25 20:00:00+00:00,3,4.1000000000000005,5.5,11237028140814.576
2024-07-25 21:00:00+00:00,6,4.27,4.8,2345708155939.2773
2024-07-25 22:00:00+00:00,1,4.2,4.2,125892541179.41713
2024-07-25 23:00:00+00:00,1,4.0,4.0,63095734448.019424
2024-07-26 00:00:00+00:00,2,4.1,4.3,222496300218.98843
2024-07-26 01:00:00+00:00,1,4.2,4.2,125892541179.41713
2024-07-26 02:00:00+00:00,4,4.012499999999999,4.6,770511642150.1998
2024-07-26 03:00:00+00:00,2,3.55,4.1,91120356128.34329
2024-07-26 04:00:00+00:00,2,3.665,4.2,129018620546.54109
2024-07-26 07:00:00+00:00,1,4.2,4.2,125892541179.41713
2024-07-26 08:00:00+00:00,2,4.1,4.2,188988275627.43655
2024-07-26 09:00:00+00:00,3,4.3,4.5,669097766832.5537
2024-07-26 10:00:00+00:00,1,5.0,5.0,1995262314968.8828
2024-07-26 12:00:00+00:00,1,4.0,4.0,63095734448.019424
2024-07-26 13:00:00+00:00,4,4.0024999999999995,4.5,672015193846.5549
2024-07-26 14:00:00+00:00,5,4.04,5.1,3453081381638.0103
2024-07-26 15:00:00+00:00,2,3.95,4.3,193676872928.5034
2024-07-26 16:00:00+00:00,3,3.9666666666666663,4.7,799889261128.779
2024-07-26 17:00:00+00:00,1,3.19,3.19,3845917820.453543
2024-07-26 18:00:00+00:00,4,4.05,4.3,356289753247.459
2024-07-26 19:00:00+00:00,1,4.1,4.1,89125093813.3744
2024-07-26 20:00:00+00:00,3,3.9,4.5,482701192727.96204
2024-07-26 21:00:00+00:00,2,4.4,4.7,797070878197.5146
2024-07-26 23:00:00+00:00,2,4.4,4.5,532641330237.4683
2024-07-27 00:00:00+00:00,4,4.25,4.3,622608916825.0513
2024-07-27 01:00:00+00:00,3,4.433333333333334,4.5,857190675535.4924
2024-07-27 02:00:00+00:00,4,3.525,4.1,156211352891.3316
2024-07-27 08:00:00+00:00,1,4.5,4.5,354813389233.57605
2024-07-27 09:00:00+00:00,1,4.8,4.8,1000000000000.0
2024-07-27 10:00:00+00:00,3,4.733333333333333,5.3,6712538345716.865
2024-07-27 11:00:00+00:00,1,4.9,4.9,1412537544622.7554
2024-07-27 12:00:00+00:00,1,4.0,4.0,63095734448.019424
2024-07-27 13:00:00+00:00,1,5.2,5.2,3981071705534.9854
2024-07-27 15:00:00+00:00,4,4.1,4.5,680317951375.5734
2024-07-27 16:00:00+00:00,2,3.8,4.5,357631772164.8405
2024-07-27 17:00:00+00:00,1,4.8,4.8,1000000000000.0
2024-07-27 18:00:00+00:00,3,4.3999999999999995,4.5,783829973388.4265
2024-07-27 20:00:00+00:00,3,4.266666666666667,4.3,481548423187.20166
2024-07-27 21:00:00+00:00,5,4.279999999999999,4.9,2201990931263.0854
2024-07-27 22:00:00+00:00,3,4.533333333333334,4.9,1841554128777.606
2024-07-27 23:00:00+00:00,1,3.2,3.2,3981071705.5349855
2024-07-28 00:00:00+00:00,2,4.0,4.2,157515317781.10092
2024-07-28 01:00:00+00:00,1,4.9,4.9,1412537544622.7554
2024-07-28 02:00:00+00:00,1,4.2,4.2,125892541179.41713
2024-07-28 03:00:00+00:00,2,3.695,4.1,94557597128.29874
2024-07-28 04:00:00+00:00,6,4.3,5.1,4520254029871.035
2024-07-28 05:00:00+00:00,4,3.7975,4.4,439682567810.17114
2024-07-28 06:00:00+00:00,2,3.62,4.1,92361030382.67068
2024-07-28 07:00:00+00:00,3,4.233333333333333,4.3,444780975821.15894
2024-07-28 09:00:00+00:00,1,4.3,4.3,177827941003.89227
2024-07-28 10:00:00+00:00,5,4.4399999999999995,5.3,7256116439962.083
2024-07-28 11:00:00+00:00,3,4.266666666666667,5.2,4484254201477.226
2024-07-28 12:00:00+00:00,2,3.8499999999999996,4.1,104974025737.98552
2024-07-28 13:00:00+00:00,2,3.95,4.8,1002818382931.2644
2024-07-28 14:00:00+00:00,4,4.55,5.1,4059306606716.361
2024-07-28 15:00:00+00:00,1,4.3,4.3,177827941003.89227
2024-07-28 16:00:00+00:00,1,4.2,4.2,125892541179.41713
2024-07-28 17:00:00+00:00,1,4.6,4.6,501187233627.2715
2024-07-28 21:00:00+00:00,3,3.8000000000000003,4.3,243742058383.17612
2024-07-28 22:00:00+00:00,3,4.566666666666666,5.4,9944168075463.64
2024-07-28 23:00:00+00:00,1,4.1,4.1,89125093813.3744
2024-07-29 00:00:00+00:00,3,4.333333333333333,4.5,695127126197.9087
2024-07-29 01:00:00+00:00,3,3.5833333333333335,4.0,91698247360.97644
2024-07-29 02:00:00+00:00,2,4.55,4.8,1177827941003.8923
2024-07-29 03:00:00+00:00,4,4.175,4.4,555208053050.8894
2024-07-29 04:00:00+00:00,3,4.233333333333333,4.8,1120747870415.058
2024-07-29 05:00:00+00:00,1,4.47,4.47,319889510969.13904
2024-07-29 06:00:00+00:00,1,4.4,4.4,251188643150.95822
2024-07-29 07:00:00+00:00,1,4.1,4.1,89125093813.3744
2024-07-29 08:00:00+00:00,3,4.433333333333334,4.7,1085026968714.5156
2024-07-29 10:00:00+00:00,3,4.0,4.5,711622040782.121
2024-07-29 11:00:00+00:00,2,4.45,4.5,606002032384.5343
2024-07-29 12:00:00+00:00,2,5.2,5.7,23095157170067.61
2024-07-29 13:00:00+00:00,3,5.0,6.0,63848110324797.66
2024-07-29 14:00:00+00:00,1,4.7,4.7,707945784384.1403
2024-07-29 15:00:00+00:00,3,3.9333333333333336,4.4,431834967086.1149
2024-07-29 16:00:00+00:00,1,5.2,5.2,3981071705534.9854
2024-07-29 17:00:00+00:00,1,4.9,4.9,1412537544622.7554
2024-07-29 19:00:00+00:00,4,3.5324999999999998,3.68,53069672351.29764
2024-07-29 20:00:00+00:00,5,4.3759999999999994,5.2,5989983988998.803
2024-07-29 21:00:00+00:00,1,3.2,3.2,3981071705.5349855
2024-07-29 22:00:00+00:00,1,4.9,4.9,1412537544622.7554
2024-07-29 23:00:00+00:00,1,3.1,3.1,2818382931.264449
2024-07-30 01:00:00+00:00,8,4.325,4.6,1996599157356.8582
2024-07-30 03:00:00+00:00,2,3.8,4.3,183451354255.79578
2024-07-30 04:00:00+00:00,1,3.0,3.0,1995262314.9688828
2024-07-30 05:00:00+00:00,2,4.2,4.2,251785082358.83426
2024-07-30 06:00:00+00:00,1,3.35,3.35,6683439175.686135
2024-07-30 07:00:00+00:00,3,3.733333333333333,4.5,379195862934.2284
2024-07-30 08:00:00+00:00,4,4.325,4.9,2257596054729.3325
2024-07-30 09:00:00+00:00,2,4.3,4.3,355655882007.78455
2024-07-30 10:00:00+00:00,2,3.9499999999999997,4.6,506810646879.175
2024-07-30 11:00:00+00:00,1,4.0,4.0,63095734448.019424
2024-07-30 12:00:00+00:00,2,4.550000000000001,4.9,1538430085802.1726
2024-07-30 13:00:00+00:00,1,4.2,4.2,125892541179.41713
2024-07-30 15:00:00+00:00,2,4.449999999999999,4.8,1089125093813.3744
2024-07-30 16:00:00+00:00,4,3.7,4.6,570259302095.7948
2024-07-30 17:00:00+00:00,6,4.3999999999999995,5.1,3899946223297.6177
2024-07-30 18:00:00+00:00,1,3.72,3.72,23988329190.19485
2024-07-30 19:00:00+00:00,1,4.2,4.2,125892541179.41713
2024-07-30 20:00:00+00:00,2,4.095000000000001,4.7,718785053524.3523
2024-07-30 21:00:00+00:00,1,4.5,4.5,354813389233.57605
2024-07-30 23:00:00+00:00,3,4.533333333333334,4.7,1313947816768.6746
2024-07-31 01:00:00+00:00,3,3.7999999999999994,4.3,268948297132.23557
2024-07-31 02:00:00+00:00,2,4.65,4.7,1209133018011.4116
2024-07-31 03:00:00+00:00,3,4.1000000000000005,4.9,1542411157507.7075
2024-07-31 04:00:00+00:00,3,4.933333333333334,5.3,8692984826318.898
2024-07-31 05:00:00+00:00,2,3.21,3.42,10506642696.992641
2024-07-31 06:00:00+00:00,2,3.6849999999999996,4.1,94195000896.12144
2024-07-31 07:00:00+00:00,1,3.0,3.0,1995262314.9688828
2024-07-31 08:00:00+00:00,3,4.3999999999999995,4.6,856843115635.056
2024-07-31 10:00:00+00:00,1,3.27,3.27,5069907082.747045
2024-07-31 11:00:00+00:00,1,4.4,4.4,251188643150.95822
2024-07-31 12:00:00+00:00,1,3.02,3.02,2137962089.5022326
2024-07-31 13:00:00+00:00,2,4.15,4.6,523574445012.95496
2024-07-31 14:00:00+00:00,6,4.3500000000000005,5.1,3967467543490.0767
2024-07-31 15:00:00+00:00,7,4.414285714285714,5.7,24364034966206.914
2024-07-31 16:00:00+00:00,1,4.4,4.4,251188643150.95822
2024-07-31 17:00:00+00:00,2,4.5,4.6,752375876778.2297
2024-07-31 19:00:00+00:00,3,4.266666666666667,4.5,569831024226.3676
2024-07-31 20:00:00+00:00,2,3.895,4.7,710668485692.2181
2024-07-31 21:00:00+00:00,1,3.8,3.8,31622776601.683792
2024-07-31 22:00:00+00:00,2,4.6,4.7,1062759173617.7163
2024-08-01 00:00:00+00:00,2,4.95,5.0,3407799859591.638
2024-08-01 01:00:00+00:00,1,3.1,3.1,2818382931.264449
2024-08-01 02:00:00+00:00,1,4.2,4.2,125892541179.41713
2024-08-01 03:00:00+00:00,1,4.4,4.4,251188643150.95822
2024-08-01 04:00:00+00:00,1,4.1,4.1,89125093813.3744
2024-08-01 05:00:00+00:00,2,4.4,4.4,502377286301.91644
2024-08-01 06:00:00+00:00,1,3.17,3.17,3589219346.45005
2024-08-01 07:00:00+00:00,1,3.0,3.0,1995262314.9688828
2024-08-01 09:00:00+00:00,1,3.2,3.2,3981071705.5349855
2024-08-01 10:00:00+00:00,2,5.0,5.6,16100120567762.068
2024-08-01 11:00:00+00:00,3,4.3500000000000005,4.6,827365297711.4753
2024-08-01 12:00:00+00:00,3,3.766666666666667,4.2,191806658558.701
2024-08-01 13:00:00+00:00,2,3.6500000000000004,4.2,128710924110.68158
2024-08-01 14:00:00+00:00,5,4.32,5.0,3443181869721.368
2024-08-01 15:00:00+00:00,1,3.1,3.1,2818382931.264449
2024-08-01 16:00:00+00:00,2,4.25,4.4,340313736964.33264
2024-08-01 17:00:00+00:00,2,3.6500000000000004,4.2,128710924110.68158
2024-08-01 19:00:00+00:00,4,4.35,5.1,3678364625830.8315
2024-08-01 20:00:00+00:00,2,4.2,4.4,314284377598.97766
2024-08-01 21:00:00+00:00,2,4.300000000000001,4.4,377081184330.37537
2024-08-01 22:00:00+00:00,2,3.5999999999999996,3.8,39566058948.92658
2024-08-01 23:00:00+00:00,6,4.383333333333333,4.6,1750033432484.8027
2024-08-02 01:00:00+00:00,1,4.3,4.3,177827941003.89227
2024-08-02 02:00:00+00:00,1,3.0,3.0,1995262314.9688828
2024-08-02 03:00:00+00:00,4,4.225,4.6,873123747193.288
2024-08-02 05:00:00+00:00,3,3.9600000000000004,4.4,432731936445.8222
2024-08-02 06:00:00+00:00,2,5.15,5.3,7618675566872.374
2024-08-02 07:00:00+00:00,3,4.133333333333333,4.3,330048769265.28613
2024-08-02 08:00:00+00:00,5,4.220000000000001,4.4,717991360502.584
2024-08-02 09:00:00+00:00,3,4.166666666666667,4.7,967077709882.3413
2024-08-02 10:00:00+00:00,3,3.9000000000000004,4.4,379899567261.6398
2024-08-02 11:00:00+00:00,1,4.5,4.5,354813389233.57605
2024-08-02 13:00:00+00:00,2,4.45,4.5,606002032384.5343
2024-08-02 15:00:00+00:00,1,3.1,3.1,2818382931.264449
2024-08-02 17:00:00+00:00,3,4.466666666666667,4.7,1188651714797.1333
2024-08-02 18:00:00+00:00,2,4.12,4.8,1009120108393.5591
2024-08-02 19:00:00+00:00,4,4.375,5.0,2362078531600.212
2024-08-02 20:00:00+00:00,2,4.6,5.1,2907508025077.8237
2024-08-02 22:00:00+00:00,15,4.86,6.8,1016207418605519.6
2024-08-02 23:00:00+00:00,4,4.525,4.9,2166103474075.6301
2024-08-03 00:00:00+00:00,6,4.333333333333333,4.6,1374984793603.281
2024-08-03 01:00:00+00:00,4,4.725,5.3,9856270039797.31
2024-08-03 02:00:00+00:00,6,4.366666666666667,4.5,1412099800869.76
2024-08-03 03:00:00+00:00,4,4.5,4.9,2144432118186.7068
2024-08-03 04:00:00+00:00,2,5.25,6.3,177953833545071.7
2024-08-03 05:00:00+00:00,3,4.733333333333333,5.0,2997636782223.426
2024-08-03 06:00:00+00:00,2,4.300000000000001,4.4,377081184330.37537
2024-08-03 07:00:00+00:00,2,3.7,4.2,129873612884.95212
2024-08-03 08:00:00+00:00,2,4.3,4.5,443938483046.95044
2024-08-03 09:00:00+00:00,5,4.446,4.9,2688199846639.6206
2024-08-03 10:00:00+00:00,1,4.1,4.1,89125093813.3744
2024-08-03 11:00:00+00:00,3,4.566666666666666,4.7,1593719509772.1729
2024-08-03 13:00:00+00:00,2,3.925,4.2,144729032074.31506
2024-08-03 14:00:00+00:00,3,4.466666666666667,4.7,1136962368538.9907
2024-08-03 15:00:00+00:00,4,3.9175,4.3,370405435977.7789
2024-08-03 16:00:00+00:00,3,3.8666666666666667,4.3,357651144322.7534
2024-08-03 17:00:00+00:00,3,4.066666666666666,4.5,540584612584.7111
2024-08-03 18:00:00+00:00,3,3.9333333333333336,4.3,309343895435.2129
2024-08-03 20:00:00+00:00,3,4.323333333333333,4.8,1279698825825.9973
2024-08-03 22:00:00+00:00,2,3.85,4.5,358794460939.111
2024-08-03 23:00:00+00:00,3,4.233333333333333,4.3,444780975821.15894
2024-08-04 00:00:00+00:00,3,3.4333333333333336,4.2,130706186425.65047
2024-08-04 03:00:00+00:00,2,4.6,4.8,1251188643150.9583
2024-08-04 04:00:00+00:00,1,3.1,3.1,2818382931.264449
2024-08-04 05:00:00+00:00,2,4.95,5.5,11471373186170.611
2024-08-04 06:00:00+00:00,3,4.233333333333333,4.4,466206278143.74976
2024-08-04 07:00:00+00:00,5,4.0,4.3,558323947473.4081
2024-08-04 08:00:00+00:00,3,4.09,4.5,714696685549.8992
2024-08-04 09:00:00+00:00,1,3.0,3.0,1995262314.9688828
2024-08-04 10:00:00+00:00,1,4.0,4.0,63095734448.019424
2024-08-04 11:00:00+00:00,2,4.5,4.7,885773725388.0325
2024-08-04 13:00:00+00:00,1,4.9,4.9,1412537544622.7554
2024-08-04 14:00:00+00:00,2,3.7600000000000002,4.4,254208594871.36023
2024-08-04 15:00:00+00:00,1,4.6,4.6,501187233627.2715
2024-08-04 17:00:00+00:00,1,4.5,4.5,354813389233.57605
2024-08-04 18:00:00+00:00,2,4.7,5.0,2246450958119.841
2024-08-04 19:00:00+00:00,2,4.699999999999999,4.8,1501187233627.2715
2024-08-04 20:00:00+00:00,1,3.0,3.0,1995262314.9688828
2024-08-04 21:00:00+00:00,4,3.775,4.7,803870332834.3141
2024-08-04 22:00:00+00:00,1,4.1,4.1,89125093813.3744
2024-08-04 23:00:00+00:00,4,4.225,4.4,672938186696.4297
2024-08-05 00:00:00+00:00,4,3.9699999999999998,4.4,410822573825.36127
2024-08-05 01:00:00+00:00,2,3.55,4.0,65914117379.283875
2024-08-05 02:00:00+00:00,3,4.733333333333333,5.4,8475923677480.323
2024-08-05 03:00:00+00:00,2,4.300000000000001,4.4,377081184330.37537
2024-08-05 04:00:00+00:00,1,3.0,3.0,1995262314.9688828
2024-08-05 05:00:00+00:00,2,4.5,4.6,752375876778.2297
2024-08-05 06:00:00+00:00,2,4.45,4.7,833838325563.5574
2024-08-05 07:00:00+00:00,1,4.4,4.4,251188643150.95822
2024-08-05 08:00:00+00:00,4,3.8,4.5,436576438537.471
2024-08-05 09:00:00+00:00,1,4.6,4.6,501187233627.2715
2024-08-05 10:00:00+00:00,1,3.1,3.1,2818382931.264449
2024-08-05 11:00:00+00:00,1,4.4,4.4,251188643150.95822
2024-08-05 12:00:00+00:00,2,4.6,5.0,2121154856148.3
2024-08-05 13:00:00+00:00,1,4.4,4.4,251188643150.95822
2024-08-05 14:00:00+00:00,4,4.095,4.5,737142648166.4491
2024-08-05 15:00:00+00:00,1,4.6,4.6,501187233627.2715
2024-08-05 19:00:00+00:00,3,4.866666666666667,5.4,9533647832869.502
2024-08-05 20:00:00+00:00,2,3.95,4.9,1414532806937.7244
2024-08-05 21:00:00+00:00,1,4.0,4.0,63095734448.019424
2024-08-05 22:00:00+00:00,1,4.0,4.0,63095734448.019424
2024-08-05 23:00:00+00:00,4,4.225,4.4,618004859782.287
2024-08-06 00:00:00+00:00,2,3.65,4.3,179823203318.86115
2024-08-06 01:00:00+00:00,2,3.95,4.0,107764093663.1156
2024-08-06 03:00:00+00:00,1,4.3,4.3,177827941003.89227
2024-08-06 04:00:00+00:00,1,4.5,4.5,354813389233.57605
2024-08-06 05:00:00+00:00,1,5.2,5.2,3981071705534.9854
2024-08-06 06:00:00+00:00,1,3.0,3.0,1995262314.9688828
2024-08-06 07:00:00+00:00,2,4.9,5.0,2995262314968.883
2024-08-06 08:00:00+00:00,3,4.6000000000000005,5.4,8195067429601.688
2024-08-06 09:00:00+00:00,1,4.5,4.5,354813389233.57605
2024-08-06 11:00:00+00:00,1,4.5,4.5,354813389233.57605
2024-08-06 12:00:00+00:00,1,4.01,4.01,65313055264.74716
2024-08-06 13:00:00+00:00,1,4.8,4.8,1000000000000.0
2024-08-06 16:00:00+00:00,2,4.05,4.1,152220828261.39383
2024-08-06 17:00:00+00:00,3,4.266666666666667,4.5,650670391599.6305
2024-08-06 18:00:00+00:00,2,3.36,3.42,14134793633.92725
2024-08-06 19:00:00+00:00,1,3.5,3.5,11220184543.019653
2024-08-06 20:00:00+00:00,1,3.7,3.7,22387211385.683468
2024-08-06 21:00:00+00:00,1,5.6,5.6,15848931924611.11
2024-08-06 23:00:00+00:00,1,4.0,4.0,63095734448.019424
2024-08-07 00:00:00+00:00,2,4.300000000000001,4.4,377081184330.37537
2024-08-07 01:00:00+00:00,2,4.2,4.4,314284377598.97766
2024-08-07 02:00:00+00:00,3,4.5,4.6,1107189266011.8057
2024-08-07 03:00:00+00:00,3,4.366666666666667,4.5,731894573563.9514
2024-08-07 04:00:00+00:00,14,3.7971428571428567,5.22,5871969622616.07
2024-08-07 05:00:00+00:00,8,4.03625,4.6,1480669783394.8525
2024-08-07 06:00:00+00:00,6,3.638333333333333,4.3,386071234622.8967
2024-08-07 07:00:00+00:00,2,4.55,4.8,1177827941003.8923
2024-08-07 08:00:00+00:00,6,3.908333333333333,5.0,3132941820557.293
2024-08-07 10:00:00+00:00,2,3.9699999999999998,4.3,196024949589.9921
2024-08-07 11:00:00+00:00,1,4.5,4.5,354813389233.57605
2024-08-07 12:00:00+00:00,5,3.9799999999999995,5.1,3041400344469.1714
2024-08-07 13:00:00+00:00,3,4.433333333333334,4.6,930203817782.122
2024-08-07 14:00:00+00:00,3,4.133333333333333,4.6,861624036112.751
2024-08-07 15:00:00+00:00,3,4.066666666666666,4.9,1541248468733.437
2024-08-07 16:00:00+00:00,1,4.4,4.4,251188643150.95822
2024-08-07 17:00:00+00:00,1,4.3,4.3,177827941003.89227
2024-08-07 18:00:00+00:00,1,3.15,3.15,3349654391.5782657
2024-08-07 19:00:00+00:00,3,3.813333333333333,4.1,182821069522.89758
2024-08-07 22:00:00+00:00,2,3.625,4.1,92474748204.95267
2024-08-07 23:00:00+00:00,1,3.78,3.78,29512092266.66378
2024-08-08 00:00:00+00:00,1,3.12,3.12,3019951720.402019
2024-08-08 01:00:00+00:00,5,4.2219999999999995,5.1,3392334930681.79
2024-08-08 02:00:00+00:00,3,3.5700000000000003,4.44,294765166249.08136
2024-08-08 03:00:00+00:00,2,3.8499999999999996,4.1,104974025737.98552
2024-08-08 04:00:00+00:00,3,4.0,5.0,2060353311731.871
2024-08-08 05:00:00+00:00,1,3.8,3.8,31622776601.683792
2024-08-08 06:00:00+00:00,1,4.3,4.3,177827941003.89227
2024-08-08 07:00:00+00:00,3,5.233333333333333,7.1,2818760012448779.5
2024-08-08 08:00:00+00:00,2,4.35,4.8,1044668359215.0962
2024-08-08 09:00:00+00:00,2,4.5,4.6,752375876778.2297
2024-08-08 10:00:00+00:00,2,4.3,4.3,355655882007.78455
2024-08-08 11:00:00+00:00,1,4.3,4.3,177827941003.89227
2024-08-08 12:00:00+00:00,2,4.800000000000001,5.2,4232260348685.9434
2024-08-08 14:00:00+00:00,2,4.65,5.0,2173090255972.7751
2024-08-08 15:00:00+00:00,3,3.813333333333334,4.4,275291323210.9092
2024-08-08 16:00:00+00:00,2,4.25,4.3,303720482183.3094
2024-08-08 18:00:00+00:00,4,4.325,4.5,872955067201.8009
2024-08-08 19:00:00+00:00,3,4.633333333333333,5.3,5979069133911.275
2024-08-08 20:00:00+00:00,2,4.45,4.5,606002032384.5343
2024-08-08 21:00:00+00:00,1,4.0,4.0,63095734448.019424
2024-08-08 22:00:00+00:00,1,3.0,3.0,1995262314.9688828
2024-08-08 23:00:00+00:00,2,4.35,4.5,480705930412.99316
2024-08-09 01:00:00+00:00,2,3.835,4.5,358402608580.0261
2024-08-09 03:00:00+00:00,2,4.300000000000001,4.4,377081184330.37537
2024-08-09 04:00:00+00:00,1,3.6,3.6,15848931924.611109
2024-08-09 05:00:00+00:00,4,4.55,5.0,2940388031643.105
2024-08-09 06:00:00+00:00,2,4.75,4.9,1913724778250.0269
2024-08-09 07:00:00+00:00,3,4.6000000000000005,4.9,2501662638436.13
2024-08-09 08:00:00+00:00,4,4.075,4.9,1656279603005.9314
2024-08-09 09:00:00+00:00,2,4.55,4.6,856000622860.8475
2024-08-09 10:00:00+00:00,3,4.566666666666666,5.0,2424278899123.7334
2024-08-09 11:00:00+00:00,2,5.1,5.6,16350119158238.38
2024-08-09 12:00:00+00:00,4,4.775,5.9,45546627633054.18
2024-08-09 13:00:00+00:00,2,3.85,4.4,256812056402.86172
2024-08-09 14:00:00+00:00,1,4.8,4.8,1000000000000.0
2024-08-09 15:00:00+00:00,3,4.233333333333333,4.8,1506810646879.175
2024-08-09 16:00:00+00:00,2,4.3,5.1,2829603115807.4688
2024-08-09 17:00:00+00:00,2,4.15,4.8,1011220184543.0197
2024-08-09 18:00:00+00:00,1,4.6,4.6,501187233627.2715
2024-08-09 19:00:00+00:00,3,3.966666666666667,4.4,348257019311.57544
2024-08-09 20:00:00+00:00,2,4.35,4.6,590312327440.6459
2024-08-09 21:00:00+00:00,4,3.625,4.4,319098022845.211
2024-08-09 22:00:00+00:00,1,4.3,4.3,177827941003.89227
2024-08-09 23:00:00+00:00,3,4.233333333333333,4.4,466206278143.74976
2024-08-10 00:00:00+00:00,1,4.1,4.1,89125093813.3744
2024-08-10 01:00:00+00:00,1,4.1,4.1,89125093813.3744
2024-08-10 03:00:00+00:00,2,5.25,6.5,354876484968024.06
2024-08-10 04:00:00+00:00,2,4.25,4.3,303720482183.3094
2024-08-10 05:00:00+00:00,3,4.466666666666667,4.8,1377081184330.3755
2024-08-10 06:00:00+00:00,1,4.8,4.8,1000000000000.0
2024-08-10 07:00:00+00:00,3,4.566666666666666,5.0,3039930674183.979
2024-08-10 08:00:00+00:00,2,4.449999999999999,4.8,1089125093813.3744
2024-08-10 09:00:00+00:00,3,4.233333333333333,4.3,429613023362.72656
2024-08-10 10:00:00+00:00,1,3.24,3.24,4570881896.148752
2024-08-10 11:00:00+00:00,1,4.3,4.3,177827941003.89227
2024-08-10 13:00:00+00:00,2,3.35,3.6,18667314855.875557
2024-08-10 14:00:00+00:00,2,4.6,5.0,2121154856148.3
2024-08-10 15:00:00+00:00,1,4.2,4.2,125892541179.41713
2024-08-10 16:00:00+00:00,1,4.3,4.3,177827941003.89227
2024-08-10 17:00:00+00:00,3,4.4,4.4,753565929452.8746
2024-08-10 19:00:00+00:00,1,4.3,4.3,177827941003.89227
2024-08-10 20:00:00+00:00,4,4.275,4.4,743300961753.8281
2024-08-10 21:00:00+00:00,2,3.1100000000000003,3.22,6261057502.984799
2024-08-10 22:00:00+00:00,4,4.075,4.9,1666317889296.5586
2024-08-10 23:00:00+00:00,1,4.4,4.4,251188643150.95822
2024-08-11 00:00:00+00:00,2,4.35,4.4,429016584154.85046
2024-08-11 01:00:00+00:00,2,3.9000000000000004,4.7,710764167315.4047
2024-08-11 02:00:00+00:00,1,4.5,4.5,354813389233.57605
2024-08-11 03:00:00+00:00,1,4.3,4.3,177827941003.89227
2024-08-11 04:00:00+00:00,4,3.455,4.1,104069399586.5542
2024-08-11 05:00:00+00:00,1,3.32,3.32,6025595860.743568
2024-08-11 07:00:00+00:00,1,4.2,4.2,125892541179.41713
2024-08-11 09:00:00+00:00,1,3.77,3.77,28510182675.039097
2024-08-11 10:00:00+00:00,2,3.69,3.88,52907122890.05329
2024-08-11 11:00:00+00:00,1,4.2,4.2,125892541179.41713
2024-08-11 12:00:00+00:00,1,4.9,4.9,1412537544622.7554
2024-08-11 13:00:00+00:00,1,4.5,4.5,354813389233.57605
2024-08-11 15:00:00+00:00,2,3.7,4.4,253183905465.9271
2024-08-11 16:00:00+00:00,4,4.075,4.8,1244904747157.4468
2024-08-11 17:00:00+00:00,2,3.2,3.4,9938544662.211672
2024-08-11 18:00:00+00:00,1,3.3,3.3,5623413251.903491
2024-08-11 19:00:00+00:00,2,3.795,3.9,66295544452.36641
2024-08-11 21:00:00+00:00,3,3.9333333333333336,4.5,483524313344.2576
2024-08-11 22:00:00+00:00,1,4.2,4.2,125892541179.41713
2024-08-11 23:00:00+00:00,1,3.6,3.6,15848931924.611109
2024-08-12 00:00:00+00:00,2,4.0,4.0,126191468896.03885
2024-08-12 01:00:00+00:00,2,4.5,4.9,1501662638436.13
2024-08-12 03:00:00+00:00,2,4.5,4.5,709626778467.1521
2024-08-12 04:00:00+00:00,1,4.0,4.0,63095734448.019424
2024-08-12 05:00:00+00:00,2,4.449999999999999,4.6,679015174631.1638
2024-08-12 06:00:00+00:00,2,3.75,4.3,181809012709.42725
2024-08-12 07:00:00+00:00,1,4.4,4.4,251188643150.95822
2024-08-12 08:00:00+00:00,1,3.0,3.0,1995262314.9688828
2024-08-12 09:00:00+00:00,1,4.2,4.2,125892541179.41713
2024-08-12 10:00:00+00:00,1,4.4,4.4,251188643150.95822
2024-08-12 11:00:00+00:00,4,4.2475000000000005,5.0,2603987048661.495
2024-08-12 12:00:00+00:00,2,3.9450000000000003,4.5,362487004127.1942
2024-08-12 13:00:00+00:00,2,4.35,4.4,429016584154.85046
2024-08-12 14:00:00+00:00,2,3.85,4.7,709941046699.1091
2024-08-12 15:00:00+00:00,2,4.1,4.2,188988275627.43655
2024-08-12 18:00:00+00:00,3,4.2,4.5,564264106839.1521
2024-08-12 19:00:00+00:00,3,4.53,4.8,1493849652659.1987
2024-08-12 20:00:00+00:00,5,4.1,5.2,4873644885559.817
2024-08-12 21:00:00+00:00,3,3.9,4.1,156180664414.15405
2024-08-13 00:00:00+00:00,1,4.5,4.5,354813389233.57605
2024-08-13 01:00:00+00:00,2,4.4,4.4,502377286301.91644
2024-08-13 02:00:00+00:00,1,4.0,4.0,63095734448.019424
2024-08-13 03:00:00+00:00,2,4.05,4.6,512407418170.29114
2024-08-13 04:00:00+00:00,2,3.8549999999999995,4.6,504104660641.27264
2024-08-13 05:00:00+00:00,1,4.1,4.1,89125093813.3744
2024-08-13 06:00:00+00:00,4,3.875,4.7,821453351898.167
2024-08-13 08:00:00+00:00,1,3.5,3.5,11220184543.019653
2024-08-13 09:00:00+00:00,3,3.966666666666667,4.4,382704597582.2789
2024-08-13 11:00:00+00:00,1,5.1,5.1,2818382931264.449
2024-08-13 12:00:00+00:00,3,4.366666666666666,4.5,710469271241.3606
2024-08-13 13:00:00+00:00,1,4.5,4.5,354813389233.57605
2024-08-13 14:00:00+00:00,1,3.2,3.2,3981071705.5349855
2024-08-13 15:00:00+00:00,1,4.1,4.1,89125093813.3744
2024-08-13 17:00:00+00:00,2,4.35,4.7,771041518832.1597
2024-08-13 18:00:00+00:00,1,4.4,4.4,251188643150.95822
2024-08-13 19:00:00+00:00,2,4.5,4.8,1125892541179.4172
2024-08-13 20:00:00+00:00,1,3.5,3.5,11220184543.019653
2024-08-13 21:00:00+00:00,3,4.3,4.7,896934060011.5768
2024-08-13 22:00:00+00:00,3,3.8333333333333335,4.2,218998706698.3265
2024-08-13 23:00:00+00:00,1,4.2,4.2,125892541179.41713
2024-08-14 00:00:00+00:00,2,4.0,4.4,267037575075.56934
2024-08-14 01:00:00+00:00,5,4.4799999999999995,4.9,2535491202300.8696
2024-08-14 02:00:00+00:00,3,4.833333333333333,5.2,5335885094768.562
2024-08-14 03:00:00+00:00,5,4.058,4.4,657978337148.9104
2024-08-14 04:00:00+00:00,3,3.766666666666667,4.3,200268310089.93158
2024-08-14 07:00:00+00:00,1,3.6,3.6,15848931924.611109
2024-08-14 08:00:00+00:00,3,4.333333333333333,4.4,606844525158.7428
2024-08-14 09:00:00+00:00,2,4.55,5.0,2084387408782.2573
2024-08-14 11:00:00+00:00,3,4.133333333333333,4.3,330048769265.2861
2024-08-14 12:00:00+00:00,1,4.2,4.2,125892541179.41713
2024-08-14 13:00:00+00:00,2,3.7399999999999998,4.1,96538196226.38359
2024-08-14 14:00:00+00:00,4,4.4,4.8,1595737064685.4878
2024-08-14 15:00:00+00:00,5,3.9799999999999995,4.4,558149754888.3887
2024-08-14 16:00:00+00:00,2,4.75,5.0,2350075704202.459
2024-08-14 17:00:00+00:00,2,4.65,5.0,2173090255972.7751
2024-08-14 18:00:00+00:00,3,3.6566666666666663,4.0,89970994287.78738
2024-08-14 19:00:00+00:00,3,3.966666666666667,4.7,799889261128.779
2024-08-14 20:00:00+00:00,2,4.25,4.3,303720482183.3094
2024-08-14 21:00:00+00:00,1,4.9,4.9,1412537544622.7554
2024-08-14 23:00:00+00:00,2,3.6500000000000004,4.2,128710924110.68158
2024-08-15 01:00:00+00:00,1,4.5,4.5,354813389233.57605
2024-08-15 02:00:00+00:00,2,4.4,4.5,532641330237.4683
2024-08-15 03:00:00+00:00,1,4.0,4.0,63095734448.019424
2024-08-15 04:00:00+00:00,7,3.9442857142857144,4.5,775538171689.6339
2024-08-15 05:00:00+00:00,3,4.1000000000000005,4.2,278113369440.811
2024-08-15 06:00:00+00:00,3,4.0,4.4,506358358007.4514
2024-08-15 07:00:00+00:00,2,3.5999999999999996,4.1,91943476744.63885
2024-08-15 09:00:00+00:00,2,4.95,5.4,8298095736476.431
2024-08-15 10:00:00+00:00,3,3.893333333333333,4.4,344029089255.3043
2024-08-15 11:00:00+00:00,2,4.25,4.4,340313736964.33264
2024-08-15 12:00:00+00:00,3,4.3999999999999995,5.1,3330790349434.74
2024-08-15 13:00:00+00:00,3,3.9333333333333336,5.2,3995110273009.2695
2024-08-15 15:00:00+00:00,1,4.2,4.2,125892541179.41713
2024-08-15 16:00:00+00:00,3,4.023333333333333,4.6,556497645858.695
2024-08-15 17:00:00+00:00,1,4.0,4.0,63095734448.019424
2024-08-15 18:00:00+00:00,4,3.7725,4.4,509805051931.80963
2024-08-15 19:00:00+00:00,2,4.75,4.9,1913724778250.0269
2024-08-15 22:00:00+00:00,6,4.133333333333334,4.4,832575874322.5508
2024-08-15 23:00:00+00:00,5,4.256,6.1,89906366817550.84
2024-08-16 00:00:00+00:00,3,4.466666666666667,4.5,960815421618.1104
2024-08-16 01:00:00+00:00,2,4.7,4.9,1767350933856.3315
2024-08-16 02:00:00+00:00,5,4.194,4.6,1136618495210.7341
2024-08-16 03:00:00+00:00,2,4.550000000000001,4.9,1538430085802.1726
2024-08-16 05:00:00+00:00,2,4.3,4.5,443938483046.95044
2024-08-16 06:00:00+00:00,1,4.3,4.3,177827941003.89227
2024-08-16 07:00:00+00:00,1,3.0,3.0,1995262314.9688828
2024-08-16 08:00:00+00:00,2,4.2,4.2,251785082358.83426
2024-08-16 09:00:00+00:00,1,4.6,4.6,501187233627.2715
2024-08-16 10:00:00+00:00,3,4.566666666666666,4.8,1606002032384.5342
2024-08-16 11:00:00+00:00,1,4.4,4.4,251188643150.95822
2024-08-16 12:00:00+00:00,3,3.6,4.5,362432064800.4484
2024-08-16 13:00:00+00:00,3,4.166666666666667,4.5,720846963010.1718
2024-08-16 14:00:00+00:00,2,4.35,4.6,590312327440.6459
2024-08-16 15:00:00+00:00,3,4.133333333333334,4.5,548490262162.07947
2024-08-16 18:00:00+00:00,5,4.3,4.9,1842572814608.3384
2024-08-16 19:00:00+00:00,2,4.7,5.0,2246450958119.841
2024-08-16 20:00:00+00:00,1,4.0,4.0,63095734448.019424
2024-08-16 21:00:00+00:00,1,4.2,4.2,125892541179.41713
2024-08-16 22:00:00+00:00,3,4.166666666666667,4.5,555028541623.1519
2024-08-16 23:00:00+00:00,2,3.9,4.8,1001995262314.9689
2024-08-17 00:00:00+00:00,6,3.9333333333333336,4.5,795013885289.7903
2024-08-17 01:00:00+00:00,1,4.4,4.4,251188643150.95822
2024-08-17 02:00:00+00:00,1,5.2,5.2,3981071705534.9854
2024-08-17 03:00:00+00:00,1,5.5,5.5,11220184543019.652
2024-08-17 04:00:00+00:00,3,4.066666666666667,4.7,961952810466.3629
2024-08-17 06:00:00+00:00,2,4.15,5.2,3983890088466.25
2024-08-17 07:00:00+00:00,2,3.6500000000000004,4.2,128710924110.68158
2024-08-17 09:00:00+00:00,1,3.4,3.4,7943282347.242789
2024-08-17 10:00:00+00:00,1,4.6,4.6,501187233627.2715
2024-08-17 11:00:00+00:00,4,4.575,5.3,6318540378101.399
2024-08-17 12:00:00+00:00,2,3.8,4.0,78944666372.63054
2024-08-17 13:00:00+00:00,2,4.550000000000001,4.7,959134427535.0985
2024-08-17 14:00:00+00:00,1,4.2,4.2,125892541179.41713
2024-08-17 16:00:00+00:00,1,4.2,4.2,125892541179.41713
2024-08-17 18:00:00+00:00,6,4.183333333333334,4.4,814595119542.1553
2024-08-17 19:00:00+00:00,4,5.425,7.0,2000577147448743.2
2024-08-17 20:00:00+00:00,1,5.0,5.0,1995262314968.8828
2024-08-17 21:00:00+00:00,2,4.55,5.0,2084387408782.2573
2024-08-17 22:00:00+00:00,4,4.550000000000001,5.2,4609341533016.319
2024-08-17 23:00:00+00:00,3,3.733333333333333,4.4,271018646781.1043
2024-08-18 00:00:00+00:00,3,4.3,4.6,742110909079.1831
2024-08-18 01:00:00+00:00,1,4.4,4.4,251188643150.95822
2024-08-18 02:00:00+00:00,2,4.3,4.3,355655882007.78455
2024-08-18 03:00:00+00:00,1,4.4,4.4,251188643150.95822
2024-08-18 04:00:00+00:00,2,4.6,4.8,1251188643150.9583
2024-08-18 05:00:00+00:00,4,4.225,5.0,2343519334280.458
2024-08-18 06:00:00+00:00,5,4.066000000000001,4.4,602127667772.9067
2024-08-18 07:00:00+00:00,1,4.3,4.3,177827941003.89227
2024-08-18 08:00:00+00:00,5,4.0280000000000005,4.9,1925790699810.5625
2024-08-18 09:00:00+00:00,3,4.333333333333333,4.7,1094381950219.4001
2024-08-18 10:00:00+00:00,4,4.2,4.6,1011507802276.4307
2024-08-18 11:00:00+00:00,1,4.4,4.4,251188643150.95822
2024-08-18 12:00:00+00:00,2,3.7,4.3,180646323935.1567
2024-08-18 14:00:00+00:00,1,3.9,3.9,44668359215.09617
2024-08-18 15:00:00+00:00,4,4.452500000000001,4.9,3128705755506.366
2024-08-18 17:00:00+00:00,1,4.7,4.7,707945784384.1403
2024-08-18 18:00:00+00:00,4,4.4,4.6,1196314359825.1802
2024-08-18 19:00:00+00:00,2,3.9000000000000004,4.4,259131925498.20102
2024-08-18 20:00:00+00:00,2,3.6,4.2,127887803494.38602
2024-08-18 21:00:00+00:00,2,4.5,4.6,752375876778.2297
2024-08-18 22:00:00+00:00,2,4.35,4.4,429016584154.85046
2024-08-18 23:00:00+00:00,2,4.5,5.2,4012694482136.669
2024-08-19 00:00:00+00:00,1,4.5,4.5,354813389233.57605
2024-08-19 01:00:00+00:00,1,3.0,3.0,1995262314.9688828
2024-08-19 02:00:00+00:00,1,4.4,4.4,251188643150.95822
2024-08-19 03:00:00+00:00,4,4.75,5.7,23244402061218.96
2024-08-19 04:00:00+00:00,2,3.79,4.2,133305643592.42632
2024-08-19 05:00:00+00:00,3,4.0,4.5,536622401943.0033
2024-08-19 06:00:00+00:00,1,4.9,4.9,1412537544622.7554
2024-08-19 07:00:00+00:00,4,4.45,4.6,1285017207015.698
2024-08-19 08:00:00+00:00,2,3.845,4.4,256621146465.88254
2024-08-19 10:00:00+00:00,1,4.3,4.3,177827941003.89227
2024-08-19 11:00:00+00:00,1,3.6,3.6,15848931924.611109
2024-08-19 13:00:00+00:00,2,4.4,4.8,1063095734448.0194
2024-08-19 14:00:00+00:00,1,4.3,4.3,177827941003.89227
2024-08-19 15:00:00+00:00,1,4.9,4.9,1412537544622.7554
2024-08-19 16:00:00+00:00,1,4.4,4.4,251188643150.95822
2024-08-19 17:00:00+00:00,2,4.6,4.7,1062759173617.7163
2024-08-19 18:00:00+00:00,1,4.4,4.4,251188643150.95822
2024-08-19 19:00:00+00:00,3,4.233333333333333,5.0,2354056775907.9937
2024-08-19 20:00:00+00:00,1,4.4,4.4,251188643150.95822
2024-08-19 21:00:00+00:00,3,4.433333333333334,4.5,857190675535.4924
2024-08-19 22:00:00+00:00,1,4.5,4.5,354813389233.57605
2024-08-19 23:00:00+00:00,1,4.7,4.7,707945784384.1403
2024-08-20 00:00:00+00:00,2,4.050000000000001,4.4,273575854536.6417
2024-08-20 01:00:00+00:00,4,4.525,5.1,3591105444179.621
2024-08-20 03:00:00+00:00,3,4.3,4.5,669097766832.5537
2024-08-20 04:00:00+00:00,4,3.8000000000000003,4.2,267671647053.31982
2024-08-20 06:00:00+00:00,3,4.086666666666667,4.5,494509773059.02203
2024-08-20 07:00:00+00:00,1,4.8,4.8,1000000000000.0
2024-08-20 08:00:00+00:00,3,4.066666666666666,5.1,2909503287392.7925
2024-08-20 09:00:00+00:00,2,4.4,4.5,532641330237.4683
2024-08-20 10:00:00+00:00,3,3.9299999999999997,4.4,431739285462.9284
2024-08-20 11:00:00+00:00,3,4.433333333333334,4.7,1063601666391.9248
2024-08-20 12:00:00+00:00,2,3.145,3.24,6942255601.810408
2024-08-20 13:00:00+00:00,4,4.0375,4.7,932530570817.8132
2024-08-20 14:00:00+00:00,3,4.333333333333333,4.4,606844525158.7428
2024-08-20 15:00:00+00:00,4,4.47,5.0,2983908834770.645
2024-08-20 16:00:00+00:00,1,3.0,3.0,1995262314.9688828
2024-08-20 17:00:00+00:00,1,3.3,3.3,5623413251.903491
2024-08-20 18:00:00+00:00,2,4.4,4.6,627079774806.6886
2024-08-20 19:00:00+00:00,1,3.37,3.37,7161434102.129027
2024-08-20 20:00:00+00:00,1,4.2,4.2,125892541179.41713
2024-08-20 21:00:00+00:00,3,3.65,4.9,1416904180643.386
2024-08-20 23:00:00+00:00,2,4.25,4.3,303720482183.3094
2024-08-21 00:00:00+00:00,1,4.3,4.3,177827941003.89227
2024-08-21 01:00:00+00:00,3,4.366666666666667,4.4,680205227305.8087
2024-08-21 02:00:00+00:00,3,3.6266666666666665,4.1,108689378028.95724
2024-08-21 03:00:00+00:00,1,4.6,4.6,501187233627.2715
2024-08-21 04:00:00+00:00,2,4.3,4.6,564282968075.2909
2024-08-21 06:00:00+00:00,3,4.933333333333334,5.5,13393274798992.428
2024-08-21 07:00:00+00:00,4,4.0475,4.7,1007648704570.6482
2024-08-21 08:00:00+00:00,7,4.557142857142857,5.1,5399283782850.391
2024-08-21 10:00:00+00:00,2,4.300000000000001,4.4,377081184330.37537
2024-08-21 11:00:00+00:00,1,4.8,4.8,1000000000000.0
2024-08-21 13:00:00+00:00,4,4.425,4.6,1211656504868.632
2024-08-21 14:00:00+00:00,4,4.5,4.8,1783829973388.4265
2024-08-21 15:00:00+00:00,2,4.4,4.5,532641330237.4683
2024-08-21 16:00:00+00:00,3,4.066666666666666,4.5,459787414971.5615
2024-08-21 17:00:00+00:00,3,4.566666666666667,4.9,1914914830924.6719
2024-08-21 18:00:00+00:00,3,4.433333333333334,4.5,857190675535.4924
2024-08-21 19:00:00+00:00,3,4.333333333333333,4.4,628269827481.3335
2024-08-21 21:00:00+00:00,3,4.366666666666667,4.4,680205227305.8087
2024-08-21 23:00:00+00:00,2,5.3,5.5,14038567474284.102
2024-08-22 00:00:00+00:00,2,4.4,4.5,532641330237.4683
2024-08-22 01:00:00+00:00,4,4.475,4.7,1543465104030.7095
2024-08-22 02:00:00+00:00,2,4.0,4.3,200215152389.57574
2024-08-22 03:00:00+00:00,2,3.65,4.3,179823203318.86115
2024-08-22 04:00:00+00:00,1,4.6,4.6,501187233627.2715
2024-08-22 05:00:00+00:00,3,3.6366666666666667,4.1,109095000928.9588
2024-08-22 06:00:00+00:00,2,3.75,4.2,131515954431.32062
2024-08-22 07:00:00+00:00,2,4.1,4.2,188988275627.43655
2024-08-22 08:00:00+00:00,4,4.15,4.5,588470024076.1088
2024-08-22 09:00:00+00:00,1,4.4,4.4,251188643150.95822
2024-08-22 10:00:00+00:00,2,4.57,4.74,1064019159315.0577
2024-08-22 11:00:00+00:00,2,4.85,5.1,3319570164891.7207
2024-08-22 12:00:00+00:00,4,4.475,4.9,2019382069781.4983
2024-08-22 13:00:00+00:00,1,3.7,3.7,22387211385.683468
2024-08-22 14:00:00+00:00,3,3.8000000000000003,4.2,192969347332.97156
2024-08-22 15:00:00+00:00,1,4.6,4.6,501187233627.2715
2024-08-22 16:00:00+00:00,2,4.25,4.3,303720482183.3094
2024-08-22 17:00:00+00:00,5,4.340000000000001,4.9,2918895902630.207
2024-08-22 18:00:00+00:00,3,5.033333333333333,5.1,7049303407151.654
2024-08-22 20:00:00+00:00,2,4.45,4.7,833838325563.5574
2024-08-22 21:00:00+00:00,2,4.2,4.4,314284377598.97766
2024-08-22 22:00:00+00:00,2,4.199999999999999,4.3,266953034817.26666
2024-08-23 00:00:00+00:00,2,3.99,4.4,265979727032.6403
2024-08-23 01:00:00+00:00,2,4.4,4.4,502377286301.91644
2024-08-23 02:00:00+00:00,1,4.8,4.8,1000000000000.0
2024-08-23 03:00:00+00:00,4,4.375,4.9,1886222487992.7021
2024-08-23 04:00:00+00:00,3,4.733333333333333,5.5,19169090303514.41
2024-08-23 05:00:00+00:00,6,4.3,5.3,6630392593971.819
2024-08-23 06:00:00+00:00,6,4.066666666666666,4.5,888096473530.8802
2024-08-23 07:00:00+00:00,4,4.1325,4.8,1273190383172.0908
2024-08-23 08:00:00+00:00,2,3.6999999999999997,4.1,94748507065.2779
2024-08-23 09:00:00+00:00,3,4.123333333333333,4.8,1357354361939.1252
2024-08-23 10:00:00+00:00,3,4.6000000000000005,4.7,1563946407244.9878
2024-08-23 12:00:00+00:00,2,4.25,4.4,340313736964.33264
2024-08-23 13:00:00+00:00,1,3.0,3.0,1995262314.9688828
2024-08-23 14:00:00+00:00,2,3.8,4.3,183451354255.79578
2024-08-23 15:00:00+00:00,1,4.34,4.34,204173794466.95233
2024-08-23 16:00:00+00:00,1,4.4,4.4,251188643150.95822
2024-08-23 17:00:00+00:00,3,4.3,4.6,716204868620.063
2024-08-23 18:00:00+00:00,1,4.3,4.3,177827941003.89227
2024-08-23 19:00:00+00:00,3,4.466666666666667,4.8,1377081184330.3755
2024-08-23 20:00:00+00:00,2,4.35,4.4,429016584154.85046
2024-08-23 21:00:00+00:00,2,4.45,4.9,1475633279070.775
2024-08-23 23:00:00+00:00,3,4.3999999999999995,4.7,1048259521348.4729
2024-08-24 00:00:00+00:00,2,4.55,4.6,856000622860.8475
2024-08-24 01:00:00+00:00,4,3.9825,4.5,572957103593.4916
2024-08-24 02:00:00+00:00,2,4.5,4.5,709626778467.1521
2024-08-24 03:00:00+00:00,1,4.8,4.8,1000000000000.0
2024-08-24 04:00:00+00:00,2,3.6999999999999997,4.1,94748507065.2779
2024-08-24 06:00:00+00:00,1,4.5,4.5,354813389233.57605
2024-08-24 08:00:00+00:00,1,4.1,4.1,89125093813.3744
2024-08-24 10:00:00+00:00,1,4.3,4.3,177827941003.89227
2024-08-24 11:00:00+00:00,1,4.4,4.4,251188643150.95822
2024-08-24 12:00:00+00:00,1,4.2,4.2,125892541179.41713
2024-08-24 13:00:00+00:00,4,4.1,4.9,1596411145501.4077
2024-08-24 14:00:00+00:00,3,3.9333333333333336,4.5,407425030795.915
2024-08-24 15:00:00+00:00,4,4.2749999999999995,4.6,857265362257.9126
2024-08-24 16:00:00+00:00,2,4.8,5.0,2496449548596.1543
2024-08-24 17:00:00+00:00,1,4.0,4.0,63095734448.019424
2024-08-24 18:00:00+00:00,2,4.300000000000001,4.4,377081184330.37537
2024-08-24 19:00:00+00:00,2,4.7,5.0,2246450958119.841
2024-08-24 20:00:00+00:00,1,4.1,4.1,89125093813.3744
2024-08-24 21:00:00+00:00,1,4.5,4.5,354813389233.57605
2024-08-25 00:00:00+00:00,4,4.2,4.6,1257544182111.0361
2024-08-25 02:00:00+00:00,1,4.6,4.6,501187233627.2715
2024-08-25 04:00:00+00:00,2,4.199999999999999,4.3,266953034817.26666
2024-08-25 05:00:00+00:00,1,3.86,3.86,38904514499.42805
2024-08-25 06:00:00+00:00,2,4.15,4.3,240923675451.91168
2024-08-25 07:00:00+00:00,1,4.1,4.1,89125093813.3744
2024-08-25 08:00:00+00:00,1,4.4,4.4,251188643150.95822
2024-08-25 09:00:00+00:00,1,4.7,4.7,707945784384.1403
2024-08-25 10:00:00+00:00,1,4.4,4.4,251188643150.95822
2024-08-25 11:00:00+00:00,1,4.3,4.3,177827941003.89227
2024-08-25 12:00:00+00:00,2,4.199999999999999,4.3,266953034817.26666
2024-08-25 14:00:00+00:00,1,4.5,4.5,354813389233.57605
2024-08-25 15:00:00+00:00,3,4.166666666666667,5.0,2249269341051.1055
2024-08-25 16:00:00+00:00,2,4.449999999999999,4.8,1089125093813.3744
2024-08-25 17:00:00+00:00,1,4.4,4.4,251188643150.95822
2024-08-25 19:00:00+00:00,1,4.4,4.4,251188643150.95822
2024-08-25 20:00:00+00:00,1,3.6,3.6,15848931924.611109
2024-08-25 21:00:00+00:00,1,4.5,4.5,354813389233.57605
2024-08-25 22:00:00+00:00,2,4.5,4.9,1501662638436.13
2024-08-25 23:00:00+00:00,6,5.05,6.9,1481794957066173.8
2024-08-26 00:00:00+00:00,2,4.85,5.3,5874601895054.449
2024-08-26 01:00:00+00:00,2,4.0,4.9,1415355927554.0198
2024-08-26 02:00:00+00:00,2,4.25,4.5,417909123681.59546
2024-08-26 04:00:00+00:00,3,4.1000000000000005,5.0,2123973239079.5645
2024-08-26 05:00:00+00:00,3,4.933333333333334,5.8,32748669142863.21
2024-08-26 06:00:00+00:00,4,4.05,4.5,674721180084.4572
2024-08-26 07:00:00+00:00,1,4.1,4.1,89125093813.3744
2024-08-26 09:00:00+00:00,1,4.3,4.3,177827941003.89227
2024-08-26 10:00:00+00:00,1,4.5,4.5,354813389233.57605
2024-08-26 12:00:00+00:00,4,4.525,5.4,8435394665845.725
2024-08-26 14:00:00+00:00,1,3.3,3.3,5623413251.903491
2024-08-26 15:00:00+00:00,6,4.166666666666667,5.1,3723681844975.0737
2024-08-26 16:00:00+00:00,3,3.766666666666667,5.0,2002880990535.7554
2024-08-26 17:00:00+00:00,3,4.333333333333333,4.6,815471611226.2491
2024-08-26 18:00:00+00:00,3,3.8000000000000003,4.4,316279639913.94653
2024-08-26 19:00:00+00:00,3,4.066666666666666,4.6,684638587883.0673
2024-08-26 20:00:00+00:00,2,3.75,4.2,131515954431.32062
2024-08-26 22:00:00+00:00,2,4.3,4.5,443938483046.95044
2024-08-27 00:00:00+00:00,1,4.3,4.3,177827941003.89227
2024-08-27 01:00:00+00:00,1,4.1,4.1,89125093813.3744
2024-08-27 02:00:00+00:00,2,5.199999999999999,5.8,32123963835311.062
2024-08-27 03:00:00+00:00,2,4.25,4.4,340313736964.33264
2024-08-27 04:00:00+00:00,1,3.9,3.9,44668359215.09617
2024-08-27 05:00:00+00:00,2,4.300000000000001,4.4,377081184330.37537
2024-08-27 06:00:00+00:00,2,4.55,4.6,856000622860.8475
2024-08-27 07:00:00+00:00,1,4.9,4.9,1412537544622.7554
2024-08-27 08:00:00+00:00,1,4.4,4.4,251188643150.95822
2024-08-27 09:00:00+00:00,1,4.4,4.4,251188643150.95822
2024-08-27 10:00:00+00:00,2,3.8499999999999996,4.6,504005616558.53595
2024-08-27 11:00:00+00:00,1,4.3,4.3,177827941003.89227
2024-08-27 12:00:00+00:00,4,3.5225,4.4,265661712681.37585
2024-08-27 13:00:00+00:00,3,4.8,5.0,3411153883737.163
2024-08-27 14:00:00+00:00,2,4.5,4.8,1125892541179.4172
2024-08-27 15:00:00+00:00,4,4.075,4.6,795218837922.9331
2024-08-27 16:00:00+00:00,1,3.49,3.49,10839269140.212038
2024-08-27 17:00:00+00:00,2,3.5,3.9,47486742146.36062
2024-08-27 18:00:00+00:00,1,4.5,4.5,354813389233.57605
2024-08-27 20:00:00+00:00,1,4.4,4.4,251188643150.95822
2024-08-27 21:00:00+00:00,2,4.35,4.5,480705930412.99316
2024-08-27 22:00:00+00:00,4,4.325,5.0,2855244009535.265
2024-08-28 00:00:00+00:00,1,4.5,4.5,354813389233.57605
2024-08-28 01:00:00+00:00,1,4.4,4.4,251188643150.95822
2024-08-28 02:00:00+00:00,2,4.699999999999999,4.8,1501187233627.2715
2024-08-28 03:00:00+00:00,5,4.38,4.7,1734507307639.501
2024-08-28 04:00:00+00:00,1,3.55,3.55,13335214321.63324
2024-08-28 05:00:00+00:00,1,4.9,4.9,1412537544622.7554
2024-08-28 06:00:00+00:00,1,4.2,4.2,125892541179.41713
2024-08-28 07:00:00+00:00,1,4.5,4.5,354813389233.57605
2024-08-28 12:00:00+00:00,2,3.8049999999999997,4.3,183648973181.60098
2024-08-28 13:00:00+00:00,1,4.1,4.1,89125093813.3744
2024-08-28 14:00:00+00:00,1,3.43,3.43,8810488730.080147
2024-08-28 15:00:00+00:00,3,4.133333333333334,4.8,1357631772164.8406
2024-08-28 16:00:00+00:00,6,4.373333333333333,5.1,4271152423856.289
2024-08-28 19:00:00+00:00,3,3.4333333333333336,3.9,53110155398.26411
2024-08-28 20:00:00+00:00,4,4.125,4.5,789453386640.3301
2024-08-28 21:00:00+00:00,2,5.05,6.1,89188189547822.42
2024-08-28 22:00:00+00:00,2,4.199999999999999,4.3,266953034817.26666
2024-08-28 23:00:00+00:00,1,4.3,4.3,177827941003.89227
2024-08-29 00:00:00+00:00,1,3.08,3.08,2630267991.8953815
2024-08-29 02:00:00+00:00,1,4.3,4.3,177827941003.89227
2024-08-29 03:00:00+00:00,3,4.233333333333333,4.4,466206278143.74976
2024-08-29 05:00:00+00:00,2,5.050000000000001,5.2,5393609250157.74
2024-08-29 06:00:00+00:00,2,3.255,3.5,13285564698.830181
2024-08-29 07:00:00+00:00,2,4.35,4.4,429016584154.85046
2024-08-29 09:00:00+00:00,1,4.8,4.8,1000000000000.0
2024-08-29 13:00:00+00:00,2,3.75,4.4,254007026082.22266
2024-08-29 14:00:00+00:00,1,4.5,4.5,354813389233.57605
2024-08-29 15:00:00+00:00,2,4.1,4.8,1007943282347.2428
2024-08-29 16:00:00+00:00,1,4.3,4.3,177827941003.89227
2024-08-29 17:00:00+00:00,5,4.4799999999999995,4.6,1880642885212.1897
2024-08-29 20:00:00+00:00,2,5.1,5.4,8943282347242.855
2024-08-29 21:00:00+00:00,1,4.1,4.1,89125093813.3744
2024-08-29 22:00:00+00:00,4,3.435,4.2,142048409930.06238
2024-08-30 00:00:00+00:00,2,3.7,4.2,129873612884.95212
2024-08-30 01:00:00+00:00,1,4.2,4.2,125892541179.41713
2024-08-30 02:00:00+00:00,1,4.5,4.5,354813389233.57605
2024-08-30 03:00:00+00:00,1,4.3,4.3,177827941003.89227
2024-08-30 04:00:00+00:00,3,5.0,6.0,63805361226486.58
2024-08-30 05:00:00+00:00,1,3.1,3.1,2818382931.264449
2024-08-30 06:00:00+00:00,1,4.6,4.6,501187233627.2715
2024-08-30 09:00:00+00:00,1,5.6,5.6,15848931924611.11
2024-08-30 10:00:00+00:00,2,4.550000000000001,4.9,1538430085802.1726
2024-08-30 11:00:00+00:00,3,4.2,4.2,377677623538.2514
2024-08-30 14:00:00+00:00,1,4.3,4.3,177827941003.89227
2024-08-30 16:00:00+00:00,3,4.1000000000000005,4.5,543861514780.488
2024-08-30 17:00:00+00:00,2,4.25,4.4,340313736964.33264
2024-08-30 18:00:00+00:00,2,4.35,4.4,429016584154.85046
2024-08-30 19:00:00+00:00,2,3.88,4.2,139696383825.44598
2024-08-30 20:00:00+00:00,3,4.6000000000000005,4.9,2091552719253.9192
2024-08-30 21:00:00+00:00,2,4.395,5.1,2840010116501.719
2024-08-30 22:00:00+00:00,1,4.1,4.1,89125093813.3744
2024-08-30 23:00:00+00:00,3,4.3,4.6,716204868620.063
2024-08-31 00:00:00+00:00,1,3.6,3.6,15848931924.611109
2024-08-31 01:00:00+00:00,1,4.3,4.3,177827941003.89227
2024-08-31 02:00:00+00:00,2,4.4,4.7,797070878197.5146
2024-08-31 03:00:00+00:00,4,4.2,4.4,555331371957.1241
2024-08-31 04:00:00+00:00,3,3.733333333333333,4.2,190983537942.40543
2024-08-31 06:00:00+00:00,1,4.2,4.2,125892541179.41713
2024-08-31 07:00:00+00:00,4,3.4299999999999997,3.7,41979502845.57332
2024-08-31 08:00:00+00:00,2,4.75,5.0,2350075704202.459
2024-08-31 09:00:00+00:00,1,4.1,4.1,89125093813.3744
2024-08-31 10:00:00+00:00,2,3.75,4.1,97068376160.61719
2024-08-31 11:00:00+00:00,1,3.0,3.0,1995262314.9688828
2024-08-31 12:00:00+00:00,1,4.1,4.1,89125093813.3744
2024-08-31 13:00:00+00:00,3,4.8,5.0,3762613248825.2144
2024-08-31 14:00:00+00:00,2,4.25,4.3,303720482183.3094
2024-08-31 16:00:00+00:00,3,4.5,4.6,1107189266011.8057
2024-08-31 18:00:00+00:00,4,4.325,4.5,872955067201.801
2024-08-31 19:00:00+00:00,2,4.1,4.8,1007943282347.2428
2024-08-31 20:00:00+00:00,2,3.6,4.2,127887803494.38602
2024-08-31 21:00:00+00:00,1,3.83,3.83,35075187395.2568
2024-08-31 22:00:00+00:00,1,3.2,3.2,3981071705.5349855
2024-08-31 23:00:00+00:00,2,4.4,4.5,532641330237.4683
2024-09-01 00:00:00+00:00,3,4.833333333333333,5.4,10027669756025.111
2024-09-01 01:00:00+00:00,1,4.6,4.6,501187233627.2715
2024-09-01 02:00:00+00:00,2,4.4,4.6,627079774806.6886
2024-09-01 03:00:00+00:00,2,4.6,5.2,4044167439983.005
2024-09-01 05:00:00+00:00,1,3.21,3.21,4120975190.973287
2024-09-01 06:00:00+00:00,2,3.55,4.0,65914117379.283875
2024-09-01 07:00:00+00:00,6,4.415,5.2,4994704133382.05
2024-09-01 08:00:00+00:00,2,3.95,4.4,262408827693.97787
2024-09-01 09:00:00+00:00,1,3.8,3.8,31622776601.683792
2024-09-01 10:00:00+00:00,1,4.5,4.5,354813389233.57605
2024-09-01 11:00:00+00:00,2,3.9000000000000004,4.4,259131925498.20102
2024-09-01 13:00:00+00:00,1,4.5,4.5,354813389233.57605
2024-09-01 15:00:00+00:00,3,4.2,4.8,1710764167315.4048
2024-09-01 16:00:00+00:00,1,5.1,5.1,2818382931264.449
2024-09-01 17:00:00+00:00,4,4.2,4.9,1838389950651.5938
2024-09-01 18:00:00+00:00,1,4.2,4.2,125892541179.41713
2024-09-01 19:00:00+00:00,1,5.0,5.0,1995262314968.8828
2024-09-01 20:00:00+00:00,2,5.5,6.4,251689830384586.53
2024-09-01 21:00:00+00:00,2,4.25,4.5,417909123681.59546
2024-09-01 23:00:00+00:00,2,4.5,4.7,885773725388.0325
2024-09-02 00:00:00+00:00,5,4.093999999999999,4.9,2104337566607.9514
2024-09-02 01:00:00+00:00,2,4.1,4.3,222496300218.98843
2024-09-02 02:00:00+00:00,2,4.25,4.3,303720482183.3094
2024-09-02 03:00:00+00:00,3,3.8666666666666667,5.3,5630212706540.291
2024-09-02 04:00:00+00:00,3,3.513333333333333,4.3,184099880362.195
2024-09-02 05:00:00+00:00,2,4.3,4.5,443938483046.95044
2024-09-02 06:00:00+00:00,2,3.2800000000000002,3.41,11572080891.048962
2024-09-02 07:00:00+00:00,2,3.755,4.5,356878769389.3866
2024-09-02 08:00:00+00:00,3,4.2,5.0,2095607593325.2769
2024-09-02 09:00:00+00:00,2,4.1,4.1,178250187626.7488
2024-09-02 10:00:00+00:00,2,4.35,4.5,480705930412.99316
2024-09-02 11:00:00+00:00,5,3.5620000000000003,4.8,1021159035949.9325
2024-09-02 12:00:00+00:00,1,3.2,3.2,3981071705.5349855
2024-09-02 13:00:00+00:00,3,3.8033333333333332,4.2,217935062006.7927
2024-09-02 14:00:00+00:00,3,3.5666666666666664,4.4,257903941864.53223
2024-09-02 18:00:00+00:00,2,3.72,4.2,130463423075.56589
2024-09-02 19:00:00+00:00,1,4.9,4.9,1412537544622.7554
2024-09-02 21:00:00+00:00,1,4.0,4.0,63095734448.019424
2024-09-02 23:00:00+00:00,1,4.3,4.3,177827941003.89227
2024-09-03 00:00:00+00:00,2,4.0,4.6,509130515974.5143
2024-09-03 01:00:00+00:00,5,4.25,5.3,7180801965279.201
2024-09-03 02:00:00+00:00,1,4.0,4.0,63095734448.019424
2024-09-03 03:00:00+00:00,1,4.5,4.5,354813389233.57605
2024-09-03 04:00:00+00:00,1,4.4,4.4,251188643150.95822
2024-09-03 05:00:00+00:00,2,3.985,4.3,198011604640.7079
2024-09-03 06:00:00+00:00,1,4.2,4.2,125892541179.41713
2024-09-03 07:00:00+00:00,2,3.9,4.8,1001995262314.9689
2024-09-03 08:00:00+00:00,1,4.5,4.5,354813389233.57605
2024-09-03 09:00:00+00:00,3,4.133333333333333,4.7,1211951400942.6763
2024-09-03 11:00:00+00:00,2,4.4,4.4,502377286301.91644
2024-09-03 12:00:00+00:00,3,4.053333333333334,4.6,600084699650.204
2024-09-03 13:00:00+00:00,3,4.3999999999999995,4.8,1266953034817.2666
2024-09-03 14:00:00+00:00,2,3.8,4.6,503182495942.24036
2024-09-03 15:00:00+00:00,1,4.3,4.3,177827941003.89227
2024-09-03 16:00:00+00:00,2,4.6,5.1,2907508025077.8237
2024-09-03 17:00:00+00:00,1,3.7,3.7,22387211385.683468
2024-09-03 18:00:00+00:00,3,3.633333333333333,4.3,191866508478.17636
2024-09-03 19:00:00+00:00,1,4.3,4.3,177827941003.89227
2024-09-03 20:00:00+00:00,2,4.300000000000001,4.4,377081184330.37537
2024-09-03 21:00:00+00:00,5,4.034000000000001,4.9,1852247449112.2566
2024-09-03 22:00:00+00:00,1,4.4,4.4,251188643150.95822
2024-09-03 23:00:00+00:00,3,4.433333333333334,5.3,7620670829187.343
2024-09-04 01:00:00+00:00,2,4.5,5.0,2058358049416.9023
2024-09-04 02:00:00+00:00,2,4.35,4.4,429016584154.85046
2024-09-04 03:00:00+00:00,2,4.35,4.7,771041518832.1597
2024-09-04 04:00:00+00:00,2,4.300000000000001,4.4,377081184330.37537
2024-09-04 07:00:00+00:00,1,4.3,4.3,177827941003.89227
2024-09-04 08:00:00+00:00,2,4.3,4.3,355655882007.78455
2024-09-04 09:00:00+00:00,2,4.7,5.0,2246450958119.841
2024-09-04 10:00:00+00:00,1,4.0,4.0,63095734448.019424
2024-09-04 13:00:00+00:00,3,4.333333333333333,4.5,695127126197.9087
2024-09-04 14:00:00+00:00,3,3.8333333333333335,4.7,741563823300.793
2024-09-04 15:00:00+00:00,2,4.4,4.5,532641330237.4683
2024-09-04 16:00:00+00:00,5,4.054,4.8,1546738196485.6023
2024-09-04 17:00:00+00:00,1,4.8,4.8,1000000000000.0
2024-09-04 18:00:00+00:00,1,4.1,4.1,89125093813.3744
2024-09-04 19:00:00+00:00,1,5.4,5.4,7943282347242.8545
2024-09-04 20:00:00+00:00,1,3.3,3.3,5623413251.903491
2024-09-04 21:00:00+00:00,2,3.5999999999999996,4.1,91943476744.63885
2024-09-05 01:00:00+00:00,2,4.65,6.2,125895359562348.4
2024-09-05 02:00:00+00:00,4,4.325,4.6,1044988898488.284
2024-09-05 03:00:00+00:00,3,3.59,4.5,361878558631.292
2024-09-05 04:00:00+00:00,2,4.800000000000001,5.2,4232260348685.9434
2024-09-05 05:00:00+00:00,2,4.245,4.9,1427848419239.5757
2024-09-05 06:00:00+00:00,2,3.63,3.9,51586668924.28553
2024-09-05 07:00:00+00:00,4,4.35,4.5,1023911156066.1298
2024-09-05 08:00:00+00:00,3,4.266666666666667,4.9,2124464400712.4307
2024-09-05 10:00:00+00:00,2,4.35,5.7,22389206647998.438
2024-09-05 11:00:00+00:00,3,4.1000000000000005,4.6,859981694566.3826
2024-09-05 12:00:00+00:00,1,4.4,4.4,251188643150.95822
2024-09-05 13:00:00+00:00,1,4.6,4.6,501187233627.2715
2024-09-05 14:00:00+00:00,1,3.3,3.3,5623413251.903491
2024-09-05 15:00:00+00:00,3,4.543333333333333,5.2,4385430113849.0405
2024-09-05 16:00:00+00:00,1,4.5,4.5,354813389233.57605
2024-09-05 17:00:00+00:00,2,3.9,4.6,505168305332.80646
2024-09-05 18:00:00+00:00,1,5.5,5.5,11220184543019.652
2024-09-05 20:00:00+00:00,3,3.34,3.5,21226852109.298206
2024-09-05 21:00:00+00:00,5,4.16,4.6,1235900190122.4873
2024-09-05 22:00:00+00:00,1,4.1,4.1,89125093813.3744
2024-09-05 23:00:00+00:00,2,3.8499999999999996,4.1,104974025737.98552
2024-09-06 00:00:00+00:00,4,4.125,4.5,861171747241.0275
2024-09-06 01:00:00+00:00,4,4.175,5.3,5841249269827.547
2024-09-06 02:00:00+00:00,3,4.06,4.4,361206698272.87305
2024-09-06 04:00:00+00:00,1,4.2,4.2,125892541179.41713
2024-09-06 06:00:00+00:00,1,4.4,4.4,251188643150.95822
2024-09-06 07:00:00+00:00,3,4.066666666666666,4.7,1064754435932.6852
2024-09-06 08:00:00+00:00,1,4.3,4.3,177827941003.89227
2024-09-06 09:00:00+00:00,1,3.34,3.34,6456542290.346536
2024-09-06 10:00:00+00:00,2,5.0,5.7,22565039326687.36
2024-09-06 11:00:00+00:00,1,4.7,4.7,707945784384.1403
2024-09-06 12:00:00+00:00,1,3.47,3.47,10115794542.598963
2024-09-06 13:00:00+00:00,2,4.300000000000001,4.4,377081184330.37537
2024-09-06 14:00:00+00:00,3,4.666666666666667,5.2,4513713035772.454
2024-09-06 15:00:00+00:00,1,5.1,5.1,2818382931264.449
2024-09-06 17:00:00+00:00,4,4.35,5.0,2446666110509.4165
2024-09-06 18:00:00+00:00,4,4.275,5.0,2627965503027.475
2024-09-06 19:00:00+00:00,3,4.233333333333333,5.0,2252074371371.7446
2024-09-06 20:00:00+00:00,1,3.07,3.07,2540972705.549301
2024-09-06 21:00:00+00:00,2,4.3,4.3,355655882007.78455
2024-09-06 22:00:00+00:00,4,4.2,4.7,1144905650886.2336
2024-09-06 23:00:00+00:00,3,3.6333333333333333,4.4,260793128108.3967
2024-09-07 00:00:00+00:00,1,4.6,4.6,501187233627.2715
2024-09-07 01:00:00+00:00,4,4.45,4.9,2034303968673.5981
2024-09-07 03:00:00+00:00,3,4.2,4.3,392845575996.68384
2024-09-07 04:00:00+00:00,2,4.17,4.5,391121194710.58606
2024-09-07 05:00:00+00:00,3,4.0633333333333335,4.9,1541152787110.2505
2024-09-07 06:00:00+00:00,4,3.9675000000000002,5.0,2135964260037.7695
2024-09-07 08:00:00+00:00,1,5.3,5.3,5623413251903.491
2024-09-07 09:00:00+00:00,1,4.6,4.6,501187233627.2715
2024-09-07 12:00:00+00:00,1,4.4,4.4,251188643150.95822
2024-09-07 13:00:00+00:00,1,5.2,5.2,3981071705534.9854
2024-09-07 14:00:00+00:00,4,4.0175,4.6,758993719492.4795
2024-09-07 15:00:00+00:00,3,3.733333333333333,4.1,155039211192.65826
2024-09-07 16:00:00+00:00,2,4.550000000000001,4.7,959134427535.0985
2024-09-07 17:00:00+00:00,2,3.7,3.95,62529053185.95827
2024-09-07 19:00:00+00:00,2,4.05,4.1,152220828261.39383
2024-09-07 20:00:00+00:00,1,4.7,4.7,707945784384.1403
2024-09-07 21:00:00+00:00,3,4.3,4.8,1170560900394.5132
2024-09-07 22:00:00+00:00,6,4.3999999999999995,5.8,33666521773008.027
2024-09-07 23:00:00+00:00,2,4.0,4.5,366033573776.5957
2024-09-08 00:00:00+00:00,1,4.4,4.4,251188643150.95822
2024-09-08 01:00:00+00:00,4,4.125,4.7,1067582738097.4598
2024-09-08 02:00:00+00:00,4,4.2125,5.1,3357876380669.091
2024-09-08 03:00:00+00:00,1,4.1,4.1,89125093813.3744
2024-09-08 04:00:00+00:00,2,4.05,5.1,2820378193579.418
2024-09-08 05:00:00+00:00,4,4.825,5.4,13943776783476.72
2024-09-08 06:00:00+00:00,1,4.9,4.9,1412537544622.7554
2024-09-08 07:00:00+00:00,7,4.168571428571428,4.8,1851237499335.2937
2024-09-08 09:00:00+00:00,2,3.1500000000000004,3.2,6799454636.799435
2024-09-08 10:00:00+00:00,3,4.2,4.9,2122478591321.8647
2024-09-08 11:00:00+00:00,2,3.995,4.6,508860848520.88965
2024-09-08 12:00:00+00:00,1,4.4,4.4,251188643150.95822
2024-09-08 14:00:00+00:00,3,4.066666666666666,5.0,2123150118463.2688
2024-09-08 15:00:00+00:00,1,4.5,4.5,354813389233.57605
2024-09-08 19:00:00+00:00,2,4.6,4.9,1590365485626.6477
2024-09-08 20:00:00+00:00,2,4.3,4.3,355655882007.78455
2024-09-08 21:00:00+00:00,2,4.65,5.1,2944275472443.866
2024-09-08 22:00:00+00:00,1,3.0,3.0,1995262314.9688828
2024-09-08 23:00:00+00:00,2,4.1899999999999995,5.0,2002675417381.892
2024-09-09 00:00:00+00:00,2,4.2,4.4,314284377598.97766
2024-09-09 02:00:00+00:00,1,3.9,3.9,44668359215.09617
2024-09-09 05:00:00+00:00,2,3.88,4.4,258106952860.14758
2024-09-09 06:00:00+00:00,3,4.733333333333333,5.0,3246450958119.841
2024-09-09 07:00:00+00:00,1,4.5,4.5,354813389233.57605
2024-09-09 08:00:00+00:00,2,4.45,4.7,833838325563.5574
2024-09-09 09:00:00+00:00,4,4.35,4.9,2420535425129.202
2024-09-09 10:00:00+00:00,1,4.1,4.1,89125093813.3744
2024-09-09 11:00:00+00:00,2,3.55,4.1,91120356128.34329
2024-09-09 12:00:00+00:00,1,4.1,4.1,89125093813.3744
2024-09-09 13:00:00+00:00,3,4.033333333333334,4.5,609983104090.0692
2024-09-09 15:00:00+00:00,4,3.95,5.0,2138999050387.88
2024-09-09 16:00:00+00:00,6,3.9166666666666665,4.8,1195305410038.4897
2024-09-09 17:00:00+00:00,4,4.575,5.4,8534784727358.1455
2024-09-09 18:00:00+00:00,1,4.2,4.2,125892541179.41713
2024-09-09 19:00:00+00:00,1,4.5,4.5,354813389233.57605
2024-09-09 20:00:00+00:00,1,4.6,4.6,501187233627.2715
2024-09-09 21:00:00+00:00,3,4.466666666666666,5.1,3033400566257.2407
2024-09-09 22:00:00+00:00,1,3.11,3.11,2917427014.001166
2024-09-10 00:00:00+00:00,3,4.276666666666666,5.0,2255261446849.9214
2024-09-10 01:00:00+00:00,2,4.15,4.7,723794716308.7513
2024-09-10 02:00:00+00:00,1,4.5,4.5,354813389233.57605
2024-09-10 03:00:00+00:00,1,3.44,3.44,9120108393.559114
2024-09-10 04:00:00+00:00,4,4.675,5.0,3829100640532.4404
2024-09-10 05:00:00+00:00,2,4.65,4.8,1354813389233.5762
2024-09-10 07:00:00+00:00,1,3.26,3.26,4897788193.684457
2024-09-10 08:00:00+00:00,2,4.2,4.4,314284377598.97766
2024-09-10 10:00:00+00:00,4,4.16,4.6,913055002160.893
2024-09-10 12:00:00+00:00,2,3.8,4.3,183451354255.79578
2024-09-10 13:00:00+00:00,7,3.8285714285714287,4.4,680717273583.4755
2024-09-10 14:00:00+00:00,1,3.5,3.5,11220184543.019653
2024-09-10 15:00:00+00:00,1,3.2,3.2,3981071705.5349855
2024-09-10 16:00:00+00:00,2,4.4,4.4,502377286301.91644
2024-09-10 17:00:00+00:00,1,3.1,3.1,2818382931.264449
2024-09-10 18:00:00+00:00,2,4.25,4.7,739568560985.8241
2024-09-10 20:00:00+00:00,2,4.4,4.4,502377286301.91644
2024-09-10 21:00:00+00:00,6,4.866666666666666,5.1,9981997817174.99
2024-09-10 22:00:00+00:00,6,4.383333333333333,5.1,4084068285356.5874
2024-09-10 23:00:00+00:00,3,5.033333333333334,5.7,24633662343803.31
2024-09-11 00:00:00+00:00,4,3.875,4.8,1106969288052.9543
2024-09-11 01:00:00+00:00,1,4.3,4.3,177827941003.89227
2024-09-11 02:00:00+00:00,5,3.78,4.4,497749084465.3988
2024-09-11 03:00:00+00:00,3,4.3999999999999995,4.5,783829973388.4265
2024-09-11 04:00:00+00:00,3,4.466666666666666,4.6,1033828563864.7397
2024-09-11 05:00:00+00:00,2,3.745,4.4,253911344459.03613
2024-09-11 06:00:00+00:00,1,3.5,3.5,11220184543.019653
2024-09-11 07:00:00+00:00,2,4.85,5.1,3319570164891.7207
2024-09-11 08:00:00+00:00,4,3.6624999999999996,4.3,208006753120.44867
2024-09-11 10:00:00+00:00,1,3.1,3.1,2818382931.264449
2024-09-11 12:00:00+00:00,3,4.133333333333334,4.5,462577482896.69165
2024-09-11 13:00:00+00:00,1,4.5,4.5,354813389233.57605
2024-09-11 14:00:00+00:00,2,4.5,4.7,885773725388.0325
2024-09-11 15:00:00+00:00,1,4.0,4.0,63095734448.019424
2024-09-11 16:00:00+00:00,4,5.025,6.3,179580316880670.5
2024-09-11 17:00:00+00:00,2,3.8499999999999996,4.6,504005616558.53595
2024-09-11 18:00:00+00:00,3,5.133333333333333,5.7,25706781550575.188
2024-09-11 19:00:00+00:00,7,4.8,5.8,36256188518818.94
2024-09-11 20:00:00+00:00,2,4.7,4.9,1767350933856.3315
2024-09-11 21:00:00+00:00,2,4.35,4.4,429016584154.85046
2024-09-11 22:00:00+00:00,2,3.85,4.5,358794460939.111
2024-09-12 00:00:00+00:00,3,4.05,4.2,242076720050.53555
2024-09-12 01:00:00+00:00,1,3.8,3.8,31622776601.683792
2024-09-12 02:00:00+00:00,4,3.9075,4.5,466993187370.2248
2024-09-12 03:00:00+00:00,2,4.1,4.3,222496300218.98843
2024-09-12 04:00:00+00:00,1,4.4,4.4,251188643150.95822
2024-09-12 05:00:00+00:00,2,3.87,4.0,88799692275.70807
2024-09-12 06:00:00+00:00,3,4.8999999999999995,5.1,4938866260271.345
2024-09-12 07:00:00+00:00,3,4.1000000000000005,4.9,1665721450088.6824
2024-09-12 08:00:00+00:00,1,4.4,4.4,251188643150.95822
2024-09-12 09:00:00+00:00,1,3.36,3.36,6918309709.189363
2024-09-12 13:00:00+00:00,1,4.7,4.7,707945784384.1403
2024-09-12 14:00:00+00:00,2,4.30623459690321,4.71246919380642,783769360631.7262
2024-09-12 15:00:00+00:00,3,3.98,4.4,349433845357.8917
2024-09-12 16:00:00+00:00,3,3.643333333333333,4.4,262817514812.30283
2024-09-12 18:00:00+00:00,2,4.550000000000001,4.7,959134427535.0985
2024-09-12 19:00:00+00:00,2,3.8,4.6,503182495942.24036
2024-09-12 20:00:00+00:00,1,4.6,4.6,501187233627.2715
2024-09-12 21:00:00+00:00,3,3.6466666666666665,4.3,189943883494.50275
2024-09-12 22:00:00+00:00,3,4.163333333333334,4.7,966808042428.7167
2024-09-12 23:00:00+00:00,3,4.8,5.2,5043830879152.701
2024-09-13 00:00:00+00:00,2,4.3,4.3,355655882007.78455
2024-09-13 02:00:00+00:00,3,4.366666666666667,4.4,680205227305.8087
2024-09-13 04:00:00+00:00,2,4.3,4.3,355655882007.78455
2024-09-13 05:00:00+00:00,2,4.3,4.5,443938483046.95044
2024-09-13 06:00:00+00:00,2,4.65,5.0,2173090255972.7751
2024-09-13 07:00:00+00:00,2,4.4,4.5,532641330237.4683
2024-09-13 08:00:00+00:00,4,4.35,5.1,3883960487813.43
2024-09-13 09:00:00+00:00,2,4.550000000000001,4.7,959134427535.0985
2024-09-13 10:00:00+00:00,4,4.475,4.7,1586214202341.787
2024-09-13 11:00:00+00:00,4,3.3825,3.7,38049742363.02357
2024-09-13 12:00:00+00:00,2,4.55,4.6,856000622860.8475
2024-09-13 13:00:00+00:00,2,4.35,4.5,480705930412.99316
2024-09-13 15:00:00+00:00,2,4.55,4.8,1177827941003.8923
2024-09-13 17:00:00+00:00,4,4.475,4.7,1564788900019.1963
2024-09-13 18:00:00+00:00,2,4.800000000000001,4.9,2120483329006.8955
2024-09-13 19:00:00+00:00,1,4.4,4.4,251188643150.95822
2024-09-13 20:00:00+00:00,3,4.3,4.4,591502380115.2909
2024-09-13 21:00:00+00:00,3,4.466666666666667,4.9,1716258026806.065
2024-09-13 22:00:00+00:00,6,4.3116666666666665,4.7,2264553973462.0137
2024-09-13 23:00:00+00:00,2,5.050000000000001,5.7,22638400028834.426
2024-09-14 00:00:00+00:00,1,4.2,4.2,125892541179.41713
2024-09-14 01:00:00+00:00,2,4.45,4.5,606002032384.5343
2024-09-14 02:00:00+00:00,1,5.0,5.0,1995262314968.8828
2024-09-14 03:00:00+00:00,3,4.733333333333333,5.0,2997636782223.426
2024-09-14 04:00:00+00:00,2,4.65,4.8,1354813389233.5762
2024-09-14 05:00:00+00:00,2,3.7,4.0,71039016795.2622
2024-09-14 06:00:00+00:00,2,3.65,4.3,179823203318.86115
2024-09-14 07:00:00+00:00,1,3.38,3.38,7413102413.009192
2024-09-14 08:00:00+00:00,4,4.0,4.4,497735731854.77344
2024-09-14 09:00:00+00:00,2,3.7750000000000004,4.2,132575980355.10327
2024-09-14 10:00:00+00:00,4,4.1575,4.9,1685727927794.8462
2024-09-14 11:00:00+00:00,4,4.425,5.5,12079003548811.764
2024-09-14 12:00:00+00:00,1,4.4,4.4,251188643150.95822
2024-09-14 14:00:00+00:00,3,3.9333333333333336,4.5,447919554752.4854
2024-09-14 16:00:00+00:00,3,3.8000000000000003,4.2,192969347332.97156
2024-09-14 17:00:00+00:00,2,3.55,3.9,48649430920.63116
2024-09-14 18:00:00+00:00,4,4.375,4.5,1049940515431.4847
2024-09-14 19:00:00+00:00,3,4.16,4.4,418768122677.409
2024-09-14 21:00:00+00:00,4,3.65,5.0,2007685182857.5857
2024-09-14 22:00:00+00:00,2,3.9699999999999998,4.3,196024949589.9921
2024-09-14 23:00:00+00:00,1,3.2,3.2,3981071705.5349855
2024-09-15 01:00:00+00:00,2,4.3,4.5,443938483046.95044
2024-09-15 02:00:00+00:00,3,4.566666666666666,4.8,1679015174631.1638
2024-09-15 03:00:00+00:00,1,4.5,4.5,354813389233.57605
2024-09-15 04:00:00+00:00,4,4.625,5.2,4962964869575.25
2024-09-15 05:00:00+00:00,4,4.025,4.7,873404384512.484
2024-09-15 06:00:00+00:00,1,4.3,4.3,177827941003.89227
2024-09-15 07:00:00+00:00,1,4.0,4.0,63095734448.019424
2024-09-15 08:00:00+00:00,3,4.266666666666667,4.9,2124464400712.4307
2024-09-15 09:00:00+00:00,4,4.075,5.0,2212275212276.643
2024-09-15 10:00:00+00:00,3,4.166666666666667,4.2,340910176172.2087
2024-09-15 11:00:00+00:00,5,4.5,4.9,2447556161162.14
2024-09-15 12:00:00+00:00,4,4.575,5.0,2882717034439.9272
2024-09-15 13:00:00+00:00,2,4.9,5.5,11398012484023.545
2024-09-15 15:00:00+00:00,4,4.0225,4.3,486980926502.126
2024-09-15 16:00:00+00:00,3,4.333333333333333,4.7,948869459836.052
2024-09-15 17:00:00+00:00,2,3.75,4.3,181809012709.42725
2024-09-15 18:00:00+00:00,2,3.8,4.6,503182495942.24036
2024-09-15 19:00:00+00:00,1,4.2,4.2,125892541179.41713
2024-09-15 20:00:00+00:00,5,4.029999999999999,4.5,771894609482.4688
2024-09-15 21:00:00+00:00,1,4.0,4.0,63095734448.019424
2024-09-15 22:00:00+00:00,3,4.796666666666667,6.5,354960908959992.75
2024-09-15 23:00:00+00:00,3,3.44,4.0,70096757873.95644
2024-09-16 01:00:00+00:00,3,4.2,4.7,901622657312.6436
2024-09-16 03:00:00+00:00,2,4.699999999999999,4.8,1501187233627.2715
2024-09-16 04:00:00+00:00,2,4.55,4.6,856000622860.8475
2024-09-16 05:00:00+00:00,3,4.633333333333334,5.4,8283596084207.187
2024-09-16 06:00:00+00:00,1,4.2,4.2,125892541179.41713
2024-09-16 09:00:00+00:00,1,3.66,3.66,19498445997.580414
2024-09-16 10:00:00+00:00,1,5.1,5.1,2818382931264.449
2024-09-16 11:00:00+00:00,4,4.675,6.3,178279344799432.8
2024-09-16 12:00:00+00:00,2,3.75,4.4,254007026082.22266
2024-09-16 13:00:00+00:00,2,4.55,4.6,856000622860.8475
2024-09-16 14:00:00+00:00,5,4.86,5.5,16733897578792.105
2024-09-16 16:00:00+00:00,4,4.175,4.9,1947174137175.1926
2024-09-16 18:00:00+00:00,7,4.242857142857143,4.9,2622550422133.912
2024-09-16 19:00:00+00:00,2,3.25,3.3,9604484957.438477
2024-09-16 20:00:00+00:00,1,3.1,3.1,2818382931.264449
2024-09-16 21:00:00+00:00,2,3.7,4.3,180646323935.1567
2024-09-16 22:00:00+00:00,3,4.2,4.3,418751616455.80396
2024-09-16 23:00:00+00:00,2,4.15,4.3,240923675451.91168
2024-09-17 00:00:00+00:00,4,4.7,5.1,4763561806124.673
2024-09-17 01:00:00+00:00,2,4.5,4.7,885773725388.0325
2024-09-17 02:00:00+00:00,4,4.255,4.9,2125184274810.3096
2024-09-17 03:00:00+00:00,4,4.2700000000000005,4.9,1737150988114.6052
2024-09-17 04:00:00+00:00,5,4.284000000000001,4.9,2458557432825.1562
2024-09-17 05:00:00+00:00,2,3.72,4.4,253479510803.72598
2024-09-17 06:00:00+00:00,1,4.0,4.0,63095734448.019424
2024-09-17 08:00:00+00:00,2,4.85,4.9,2412537544622.7554
2024-09-17 09:00:00+00:00,1,4.9,4.9,1412537544622.7554
2024-09-17 11:00:00+00:00,1,4.8,4.8,1000000000000.0
2024-09-17 12:00:00+00:00,1,4.6,4.6,501187233627.2715
2024-09-17 13:00:00+00:00,3,3.8666666666666667,4.3,270934106522.80167
2024-09-17 14:00:00+00:00,3,4.266666666666667,4.9,2415355927554.02
2024-09-17 15:00:00+00:00,2,4.05,4.5,370662321158.18713
2024-09-17 16:00:00+00:00,1,4.6,4.6,501187233627.2715
2024-09-17 17:00:00+00:00,2,4.65,4.9,1663726187773.7136
2024-09-17 18:00:00+00:00,2,3.91,4.6,505453028815.2874
2024-09-17 20:00:00+00:00,2,3.8499999999999996,4.3,185771223351.13507
2024-09-17 21:00:00+00:00,1,4.5,4.5,354813389233.57605
2024-09-17 22:00:00+00:00,2,4.199999999999999,4.3,266953034817.26666
2024-09-18 00:00:00+00:00,4,3.925,5.3,5719337800353.665
2024-09-18 01:00:00+00:00,1,4.3,4.3,177827941003.89227
2024-09-18 02:00:00+00:00,2,4.75,5.0,2350075704202.459
2024-09-18 03:00:00+00:00,1,4.5,4.5,354813389233.57605
2024-09-18 05:00:00+00:00,3,4.0,4.4,318244213751.73785
2024-09-18 06:00:00+00:00,3,3.5433333333333334,3.93,69157723596.9919
2024-09-18 07:00:00+00:00,2,4.0,5.0,1997257577283.8518
2024-09-18 08:00:00+00:00,1,4.1,4.1,89125093813.3744
2024-09-18 09:00:00+00:00,1,4.5,4.5,354813389233.57605
2024-09-18 11:00:00+00:00,5,4.86,5.7,25593287712746.777
2024-09-18 12:00:00+00:00,6,4.133333333333334,4.9,1918926092271.6882
2024-09-18 13:00:00+00:00,3,3.9,4.6,592307589755.6147
2024-09-18 14:00:00+00:00,1,4.4,4.4,251188643150.95822
2024-09-18 15:00:00+00:00,4,3.7600000000000002,4.6,633134094307.2494
2024-09-18 17:00:00+00:00,1,4.1,4.1,89125093813.3744
2024-09-18 19:00:00+00:00,2,3.8000000000000003,4.4,255169714856.4932
2024-09-18 20:00:00+00:00,5,4.34,4.7,1429575390249.0452
2024-09-18 21:00:00+00:00,3,4.5,4.6,1107189266011.8057
2024-09-18 22:00:00+00:00,1,4.0,4.0,63095734448.019424
2024-09-18 23:00:00+00:00,2,3.9,4.1,111512305199.05788
2024-09-19 02:00:00+00:00,1,4.2,4.2,125892541179.41713
2024-09-19 03:00:00+00:00,2,4.5,4.6,752375876778.2297
2024-09-19 04:00:00+00:00,5,4.36,4.7,2277515604881.0317
2024-09-19 05:00:00+00:00,5,4.12,5.2,4383358484182.3086
2024-09-19 06:00:00+00:00,1,4.4,4.4,251188643150.95822
2024-09-19 07:00:00+00:00,4,4.575,5.2,7165488210576.03
2024-09-19 08:00:00+00:00,4,4.625,5.5,12223987329769.848
2024-09-19 09:00:00+00:00,1,4.4,4.4,251188643150.95822
2024-09-19 10:00:00+00:00,2,4.65,5.1,2944275472443.866
2024-09-19 11:00:00+00:00,2,4.25,4.3,303720482183.3094
2024-09-19 14:00:00+00:00,1,3.0,3.0,1995262314.9688828
2024-09-19 16:00:00+00:00,1,4.9,4.9,1412537544622.7554
2024-09-19 17:00:00+00:00,2,4.65,4.9,1663726187773.7136
2024-09-19 18:00:00+00:00,1,3.1,3.1,2818382931.264449
2024-09-19 20:00:00+00:00,1,4.3,4.3,177827941003.89227
2024-09-19 21:00:00+00:00,1,4.2,4.2,125892541179.41713
2024-09-19 22:00:00+00:00,5,4.14,4.5,716484935100.5459
2024-09-19 23:00:00+00:00,1,4.5,4.5,354813389233.57605
2024-09-20 00:00:00+00:00,5,4.26,4.6,1141592657527.8555
2024-09-20 01:00:00+00:00,4,3.875,4.2,317699199738.11816
2024-09-20 02:00:00+00:00,4,4.1,4.4,533990609892.836
2024-09-20 03:00:00+00:00,2,4.15,4.2,215017634992.79153
2024-09-20 04:00:00+00:00,1,3.9,3.9,44668359215.09617
2024-09-20 05:00:00+00:00,1,5.1,5.1,2818382931264.449
2024-09-20 06:00:00+00:00,2,3.93,4.7,711413152888.6655
2024-09-20 07:00:00+00:00,1,3.11,3.11,2917427014.001166
2024-09-20 08:00:00+00:00,1,4.1,4.1,89125093813.3744
2024-09-20 09:00:00+00:00,3,4.5,4.8,1429016584154.8506
2024-09-20 10:00:00+00:00,3,4.533333333333333,5.1,3122103413447.759
2024-09-20 11:00:00+00:00,1,4.4,4.4,251188643150.95822
2024-09-20 12:00:00+00:00,1,4.4,4.4,251188643150.95822
2024-09-20 14:00:00+00:00,3,3.953333333333333,4.7,799525587113.1997
2024-09-20 15:00:00+00:00,1,4.5,4.5,354813389233.57605
2024-09-20 16:00:00+00:00,2,3.8499999999999996,4.6,504005616558.53595
2024-09-20 17:00:00+00:00,3,4.466666666666666,4.8,1564282968075.291
2024-09-20 18:00:00+00:00,2,3.75,4.1,97068376160.61719
2024-09-20 20:00:00+00:00,1,3.3,3.3,5623413251.903491
2024-09-20 21:00:00+00:00,3,4.433333333333334,4.5,887454719471.0444
2024-09-20 22:00:00+00:00,1,4.0,4.0,63095734448.019424
2024-09-20 23:00:00+00:00,2,4.55,4.6,856000622860.8475
2024-09-21 02:00:00+00:00,5,4.0,5.6,16068763204850.135
2024-09-21 03:00:00+00:00,2,3.95,4.0,107764093663.1156
2024-09-21 04:00:00+00:00,1,3.68,3.68,20892961308.54041
2024-09-21 05:00:00+00:00,2,4.35,4.6,590312327440.6459
2024-09-21 07:00:00+00:00,1,3.07,3.07,2540972705.549301
2024-09-21 08:00:00+00:00,2,4.1,4.2,188988275627.43655
2024-09-21 10:00:00+00:00,3,4.066666666666666,4.8,1253183905465.9272
2024-09-21 11:00:00+00:00,1,4.3,4.3,177827941003.89227
2024-09-21 12:00:00+00:00,1,4.1,4.1,89125093813.3744
2024-09-21 13:00:00+00:00,1,4.5,4.5,354813389233.57605
2024-09-21 14:00:00+00:00,1,4.5,4.5,354813389233.57605
2024-09-21 15:00:00+00:00,2,4.65,5.0,2173090255972.7751
2024-09-21 16:00:00+00:00,4,3.725,4.9,1442543431575.311
2024-09-21 17:00:00+00:00,2,4.9,5.4,8194470990393.8125
2024-09-21 18:00:00+00:00,4,3.925,4.3,446776238136.1278
2024-09-21 19:00:00+00:00,2,4.45,4.7,833838325563.5574
2024-09-21 20:00:00+00:00,3,3.8333333333333335,4.2,218998706698.32654
2024-09-21 21:00:00+00:00,4,4.5175,6.0,63984049146113.016
2024-09-21 22:00:00+00:00,3,3.8666666666666667,4.5,445933745361.9193
2024-09-21 23:00:00+00:00,3,4.283333333333333,4.6,732103619054.2628
2024-09-22 00:00:00+00:00,2,4.35,4.4,429016584154.85046
2024-09-22 01:00:00+00:00,4,4.15,4.4,492534565225.72644
2024-09-22 02:00:00+00:00,6,4.121666666666667,5.0,2454329704780.71
2024-09-22 03:00:00+00:00,5,4.138,4.4,813771383378.844
2024-09-22 05:00:00+00:00,2,4.2,4.2,251785082358.83426
2024-09-22 06:00:00+00:00,3,3.856666666666667,4.2,196149709729.56558
2024-09-22 07:00:00+00:00,3,4.166666666666667,4.3,356078128630.6411
2024-09-22 08:00:00+00:00,5,4.3,5.3,6149498212218.959
2024-09-22 09:00:00+00:00,5,3.806,4.8,1166944062595.1777
2024-09-22 10:00:00+00:00,1,4.5,4.5,354813389233.57605
2024-09-22 11:00:00+00:00,2,4.05,4.5,370662321158.18713
2024-09-22 12:00:00+00:00,3,4.366666666666666,4.8,1215017634992.7915
2024-09-22 13:00:00+00:00,2,4.27,4.3,322371918078.4851
2024-09-22 14:00:00+00:00,3,3.8666666666666667,4.4,301480415617.9579
2024-09-22 15:00:00+00:00,1,3.3,3.3,5623413251.903491
2024-09-22 16:00:00+00:00,1,3.96,3.96,54954087385.76226
2024-09-22 17:00:00+00:00,2,3.95,4.2,148279752565.1006
2024-09-22 18:00:00+00:00,3,4.533333333333333,5.1,3122103413447.759
2024-09-22 19:00:00+00:00,2,4.65,4.9,1663726187773.7136
2024-09-22 20:00:00+00:00,4,4.375,5.4,8553265451332.924
2024-09-22 21:00:00+00:00,1,4.5,4.5,354813389233.57605
2024-09-22 23:00:00+00:00,2,4.6,4.9,1590365485626.6477
2024-09-23 00:00:00+00:00,1,4.4,4.4,251188643150.95822
2024-09-23 01:00:00+00:00,4,3.925,4.4,432257213708.9715
2024-09-23 02:00:00+00:00,4,4.775,5.4,9403604008405.225
2024-09-23 03:00:00+00:00,1,4.8,4.8,1000000000000.0
2024-09-23 04:00:00+00:00,2,4.35,4.4,429016584154.85046
2024-09-23 05:00:00+00:00,2,4.699999999999999,5.1,2996210872268.3413
2024-09-23 06:00:00+00:00,3,4.046666666666667,4.5,489826038806.5523
2024-09-23 08:00:00+00:00,4,4.015,4.6,684335209447.7047
2024-09-23 09:00:00+00:00,3,3.9600000000000004,4.4,382329258932.87305
2024-09-23 10:00:00+00:00,1,4.2,4.2,125892541179.41713
2024-09-23 11:00:00+00:00,3,3.873333333333333,4.5,446076445136.4527
2024-09-23 12:00:00+00:00,2,3.85,4.7,709941046699.1091
2024-09-23 14:00:00+00:00,2,4.15,4.2,215017634992.79153
2024-09-23 16:00:00+00:00,2,4.4,4.4,502377286301.91644
2024-09-23 17:00:00+00:00,2,4.45,4.5,606002032384.5343
2024-09-23 19:00:00+00:00,4,4.85,6.0,65342781845347.15
2024-09-23 20:00:00+00:00,1,4.8,4.8,1000000000000.0
2024-09-23 21:00:00+00:00,1,4.2,4.2,125892541179.41713
2024-09-23 22:00:00+00:00,1,3.3,3.3,5623413251.903491
2024-09-23 23:00:00+00:00,4,4.475,5.6,16392793439391.598
2024-09-24 00:00:00+00:00,4,4.5,5.0,2653796186385.768
2024-09-24 01:00:00+00:00,1,4.4,4.4,251188643150.95822
2024-09-24 02:00:00+00:00,2,4.2,4.2,251785082358.83426
2024-09-24 04:00:00+00:00,1,4.1,4.1,89125093813.3744
2024-09-24 05:00:00+00:00,3,3.49,4.2,132300143457.13162
2024-09-24 06:00:00+00:00,2,4.85,5.1,3319570164891.7207
2024-09-24 07:00:00+00:00,4,4.1,4.5,680317951375.5734
2024-09-24 08:00:00+00:00,3,4.366666666666666,4.6,804907715810.5808
2024-09-24 09:00:00+00:00,2,4.5,4.6,752375876778.2297
2024-09-24 10:00:00+00:00,3,4.466666666666667,4.9,1830446668304.3508
2024-09-24 13:00:00+00:00,3,4.033333333333333,4.7,778984801179.4025
2024-09-24 14:00:00+00:00,2,4.6,5.2,4044167439983.005
2024-09-24 15:00:00+00:00,1,4.3,4.3,177827941003.89227
2024-09-24 17:00:00+00:00,1,4.5,4.5,354813389233.57605
2024-09-24 19:00:00+00:00,1,3.4,3.4,7943282347.242789
2024-09-24 20:00:00+00:00,1,3.5,3.5,11220184543.019653
2024-09-24 21:00:00+00:00,2,5.15,5.4,9355819891865.61
2024-09-24 22:00:00+00:00,1,4.3,4.3,177827941003.89227
2024-09-25 01:00:00+00:00,1,4.4,4.4,251188643150.95822
2024-09-25 02:00:00+00:00,2,4.55,4.6,856000622860.8475
2024-09-25 03:00:00+00:00,1,3.9,3.9,44668359215.09617
2024-09-25 04:00:00+00:00,1,3.2,3.2,3981071705.5349855
2024-09-25 05:00:00+00:00,3,4.3999999999999995,4.6,878268417957.6469
2024-09-25 06:00:00+00:00,2,4.699999999999999,5.3,5712538345716.865
2024-09-25 08:00:00+00:00,1,3.3,3.3,5623413251.903491
2024-09-25 09:00:00+00:00,2,4.5,4.6,752375876778.2297
2024-09-25 10:00:00+00:00,3,4.033333333333333,4.5,538264743489.3718
2024-09-25 11:00:00+00:00,4,4.25,4.5,879577886921.176
2024-09-25 12:00:00+00:00,1,4.4,4.4,251188643150.95822
2024-09-25 13:00:00+00:00,3,4.433333333333334,4.9,2142870540392.579
2024-09-25 14:00:00+00:00,2,4.75,5.3,5749305793082.908
2024-09-25 15:00:00+00:00,2,4.2,4.4,314284377598.97766
2024-09-25 16:00:00+00:00,2,4.449999999999999,4.6,679015174631.1638
2024-09-25 18:00:00+00:00,1,4.1,4.1,89125093813.3744
2024-09-25 20:00:00+00:00,1,4.6,4.6,501187233627.2715
2024-09-25 21:00:00+00:00,3,4.433333333333334,4.8,1340313736964.3325
2024-09-25 22:00:00+00:00,1,3.2,3.2,3981071705.5349855
2024-09-25 23:00:00+00:00,4,3.6475,4.1,186077177152.73734
2024-09-26 00:00:00+00:00,1,4.1,4.1,89125093813.3744
2024-09-26 01:00:00+00:00,2,4.699999999999999,4.8,1501187233627.2715
2024-09-26 02:00:00+00:00,1,3.7,3.7,22387211385.683468
2024-09-26 03:00:00+00:00,4,3.39,4.2,135134148868.74287
2024-09-26 06:00:00+00:00,1,3.1,3.1,2818382931.264449
2024-09-26 07:00:00+00:00,5,4.54,5.5,12388769688160.328
2024-09-26 08:00:00+00:00,1,4.9,4.9,1412537544622.7554
2024-09-26 10:00:00+00:00,3,4.046666666666667,4.5,610572914280.683
2024-09-26 11:00:00+00:00,2,4.13,4.3,232782028389.65454
2024-09-26 12:00:00+00:00,2,3.8,4.3,183451354255.79578
2024-09-26 13:00:00+00:00,1,4.2,4.2,125892541179.41713
2024-09-26 15:00:00+00:00,1,4.0,4.0,63095734448.019424
2024-09-26 17:00:00+00:00,1,4.3,4.3,177827941003.89227
2024-09-26 18:00:00+00:00,1,3.75,3.75,26607250597.98814
2024-09-26 19:00:00+00:00,3,5.2,6.3,179491667191666.0
2024-09-26 20:00:00+00:00,3,3.8000000000000003,4.3,243742058383.17612
2024-09-26 21:00:00+00:00,1,4.1,4.1,89125093813.3744
2024-09-26 22:00:00+00:00,3,4.133333333333334,5.0,2066301331764.145
2024-09-26 23:00:00+00:00,2,4.45,4.7,833838325563.5574
2024-09-27 00:00:00+00:00,1,4.2,4.2,125892541179.41713
2024-09-27 01:00:00+00:00,2,4.54,4.9,1530027300116.7085
2024-09-27 02:00:00+00:00,3,4.466666666666667,5.2,4170059981162.422
2024-09-27 03:00:00+00:00,2,4.7,5.0,2246450958119.841
2024-09-27 04:00:00+00:00,2,4.550000000000001,4.9,1538430085802.1726
2024-09-27 05:00:00+00:00,5,4.184,4.9,1848176163846.2256
2024-09-27 06:00:00+00:00,1,4.4,4.4,251188643150.95822
2024-09-27 07:00:00+00:00,2,3.6,4.2,127887803494.38602
2024-09-27 08:00:00+00:00,4,4.275,4.5,773565005689.38
2024-09-27 09:00:00+00:00,2,4.6,4.6,1002374467254.543
2024-09-27 10:00:00+00:00,1,4.6,4.6,501187233627.2715
2024-09-27 11:00:00+00:00,1,5.2,5.2,3981071705534.9854
2024-09-27 12:00:00+00:00,3,3.9333333333333336,4.5,483524313344.2576
2024-09-27 13:00:00+00:00,3,4.5,4.8,1590312327440.646
2024-09-27 14:00:00+00:00,3,4.866666666666666,5.1,5887954505679.856
2024-09-27 15:00:00+00:00,3,4.433333333333334,4.5,887454719471.0444
2024-09-27 17:00:00+00:00,1,3.3,3.3,5623413251.903491
2024-09-27 18:00:00+00:00,5,4.26,5.0,2943206414574.369
2024-09-27 19:00:00+00:00,1,4.0,4.0,63095734448.019424
2024-09-27 20:00:00+00:00,1,4.3,4.3,177827941003.89227
2024-09-27 21:00:00+00:00,3,3.733333333333333,5.2,3985062230164.9233
2024-09-27 22:00:00+00:00,4,4.3999999999999995,4.6,1269327502071.8096
2024-09-27 23:00:00+00:00,3,4.6000000000000005,4.8,1709626778467.152
2024-09-28 00:00:00+00:00,2,3.8,3.8,63245553203.367584
2024-09-28 01:00:00+00:00,2,3.75,4.1,97068376160.61719
2024-09-28 02:00:00+00:00,1,4.1,4.1,89125093813.3744
2024-09-28 03:00:00+00:00,4,4.475,5.1,3414119995949.937
2024-09-28 05:00:00+00:00,3,3.9333333333333336,4.4,381062256035.91034
2024-09-28 06:00:00+00:00,1,3.0,3.0,1995262314.9688828
2024-09-28 08:00:00+00:00,1,3.21,3.21,4120975190.973287
2024-09-28 09:00:00+00:00,1,4.2,4.2,125892541179.41713
2024-09-28 11:00:00+00:00,1,4.2,4.2,125892541179.41713
2024-09-28 12:00:00+00:00,4,4.7,5.2,5368032664550.289
2024-09-28 13:00:00+00:00,3,3.966666666666667,4.5,535459713168.7328
2024-09-28 14:00:00+00:00,3,3.6666666666666665,4.3,196495255859.76782
2024-09-28 15:00:00+00:00,5,4.086,4.9,2961773381469.977
2024-09-28 16:00:00+00:00,3,4.566666666666666,5.1,3195464115594.8247
2024-09-28 17:00:00+00:00,3,4.333333333333333,4.5,772722512915.1715
2024-09-28 18:00:00+00:00,6,4.1000000000000005,4.6,1389351825748.9407
2024-09-28 19:00:00+00:00,7,4.271428571428571,4.6,1773666419775.934
2024-09-28 21:00:00+00:00,1,3.08,3.08,2630267991.8953815
2024-09-28 22:00:00+00:00,1,4.4,4.4,251188643150.95822
2024-09-28 23:00:00+00:00,2,3.54,4.0,65726002439.9148
2024-09-29 00:00:00+00:00,3,4.366666666666667,4.5,731894573563.9514
2024-09-29 01:00:00+00:00,2,4.35,4.5,480705930412.99316
2024-09-29 02:00:00+00:00,1,4.3,4.3,177827941003.89227
2024-09-29 03:00:00+00:00,1,4.1,4.1,89125093813.3744
2024-09-29 04:00:00+00:00,2,4.5,4.5,709626778467.1521
2024-09-29 05:00:00+00:00,1,4.6,4.6,501187233627.2715
2024-09-29 06:00:00+00:00,3,4.333333333333333,5.0,2504392830943.397
2024-09-29 07:00:00+00:00,1,4.7,4.7,707945784384.1403
2024-09-29 08:00:00+00:00,2,3.69,4.3,180458208995.78766
2024-09-29 09:00:00+00:00,1,4.15,4.15,105925372517.72897
2024-09-29 11:00:00+00:00,2,4.7,5.2,4106964246714.4023
2024-09-29 12:00:00+00:00,1,4.2,4.2,125892541179.41713
2024-09-29 13:00:00+00:00,1,4.3,4.3,177827941003.89227
2024-09-29 14:00:00+00:00,1,4.5,4.5,354813389233.57605
2024-09-29 17:00:00+00:00,2,3.7800000000000002,4.4,254656011655.48352
2024-09-29 18:00:00+00:00,1,3.0,3.0,1995262314.9688828
2024-09-29 19:00:00+00:00,2,3.6,4.2,127887803494.38602
2024-09-29 20:00:00+00:00,2,3.7800000000000002,4.5,357268098149.2611
2024-09-29 21:00:00+00:00,2,4.2,4.4,314284377598.97766
2024-09-30 00:00:00+00:00,1,3.14,3.14,3235936569.296281
2024-09-30 01:00:00+00:00,1,4.4,4.4,251188643150.95822
2024-09-30 02:00:00+00:00,1,4.5,4.5,354813389233.57605
2024-09-30 05:00:00+00:00,1,3.08,3.08,2630267991.8953815
2024-09-30 06:00:00+00:00,3,4.2,4.4,440176918778.3948
2024-09-30 08:00:00+00:00,2,4.550000000000001,4.7,959134427535.0985
2024-09-30 10:00:00+00:00,1,4.5,4.5,354813389233.57605
2024-09-30 11:00:00+00:00,2,4.05,4.2,170560900394.5133
2024-09-30 12:00:00+00:00,2,4.6,5.9,44673982628348.44
2024-09-30 14:00:00+00:00,1,4.4,4.4,251188643150.95822
2024-09-30 15:00:00+00:00,2,4.45,4.5,606002032384.5343
2024-09-30 17:00:00+00:00,4,4.175,4.6,820756647735.192
2024-09-30 18:00:00+00:00,1,4.3,4.3,177827941003.89227
2024-09-30 19:00:00+00:00,4,4.15,4.4,622693457083.3539
2024-09-30 20:00:00+00:00,2,3.55,4.1,91120356128.34329
2024-09-30 21:00:00+00:00,1,4.6,4.6,501187233627.2715
2024-09-30 23:00:00+00:00,1,4.4,4.4,251188643150.95822
2024-10-01 00:00:00+00:00,2,4.0,4.6,509130515974.5143
2024-10-01 01:00:00+00:00,1,5.0,5.0,1995262314968.8828
2024-10-01 02:00:00+00:00,3,4.3,4.8,1152220828261.3938
2024-10-01 03:00:00+00:00,1,4.4,4.4,251188643150.95822
2024-10-01 04:00:00+00:00,3,4.2,4.4,440176918778.3948
2024-10-01 05:00:00+00:00,5,4.4399999999999995,5.3,6911490936287.533
2024-10-01 06:00:00+00:00,1,3.8,3.8,31622776601.683792
2024-10-01 07:00:00+00:00,3,3.9966666666666666,5.0,2018784861787.112
2024-10-01 08:00:00+00:00,5,4.104,5.1,4032531163311.232
2024-10-01 09:00:00+00:00,5,4.4,6.1,90000924439865.4
2024-10-01 10:00:00+00:00,2,4.550000000000001,4.9,1538430085802.1726
2024-10-01 11:00:00+00:00,4,4.25,4.5,721629605864.9049
2024-10-01 12:00:00+00:00,1,4.7,4.7,707945784384.1403
2024-10-01 13:00:00+00:00,2,3.95,4.5,362756671580.81885
2024-10-01 14:00:00+00:00,2,3.655,4.1,93246069004.34769
2024-10-01 15:00:00+00:00,4,4.275,4.6,1056215775250.4233
2024-10-01 16:00:00+00:00,2,4.05,4.6,512407418170.29114
2024-10-01 17:00:00+00:00,1,4.5,4.5,354813389233.57605
2024-10-01 18:00:00+00:00,1,3.1,3.1,2818382931.264449
2024-10-01 19:00:00+00:00,3,4.013333333333333,4.4,353196232481.264
2024-10-01 20:00:00+00:00,5,4.9,6.6,502679009385044.0
2024-10-01 21:00:00+00:00,3,5.1000000000000005,5.9,46084250783864.81
2024-10-01 22:00:00+00:00,2,4.5,4.7,885773725388.0325
2024-10-01 23:00:00+00:00,1,4.6,4.6,501187233627.2715
2024-10-02 00:00:00+00:00,2,4.359999999999999,4.7,775554081923.3381
2024-10-02 01:00:00+00:00,3,4.833333333333333,5.3,7213778737530.139
2024-10-02 02:00:00+00:00,6,3.6799999999999997,4.6,627254160871.0026
2024-10-02 04:00:00+00:00,4,4.175,4.4,562810037183.321
2024-10-02 05:00:00+00:00,2,3.9850000000000003,4.4,265477582736.0692
2024-10-02 06:00:00+00:00,1,4.4,4.4,251188643150.95822
2024-10-02 07:00:00+00:00,1,4.1,4.1,89125093813.3744
2024-10-02 08:00:00+00:00,2,4.35,4.5,480705930412.99316
2024-10-02 09:00:00+00:00,4,4.0,4.4,569454092455.4708
2024-10-02 10:00:00+00:00,2,4.6,4.7,1062759173617.7163
2024-10-02 11:00:00+00:00,1,4.4,4.4,251188643150.95822
2024-10-02 13:00:00+00:00,1,3.9,3.9,44668359215.09617
2024-10-02 14:00:00+00:00,3,3.7133333333333334,4.7,716497737985.824
2024-10-02 15:00:00+00:00,1,4.2,4.2,125892541179.41713
2024-10-02 16:00:00+00:00,3,4.066666666666666,4.6,684638587883.0673
2024-10-02 17:00:00+00:00,1,4.5,4.5,354813389233.57605
2024-10-02 18:00:00+00:00,2,3.6500000000000004,4.2,128710924110.68158
2024-10-02 19:00:00+00:00,3,4.006666666666667,4.6,754513838867.7319
2024-10-02 20:00:00+00:00,2,4.4,4.5,532641330237.4683
2024-10-02 21:00:00+00:00,3,4.633333333333333,5.1,3445462706071.1377
2024-10-02 22:00:00+00:00,3,3.8666666666666667,4.1,163441012804.41348
2024-10-02 23:00:00+00:00,3,3.5666666666666664,4.7,711936309014.078
2024-10-03 01:00:00+00:00,3,4.466666666666666,5.1,3059306606716.361
2024-10-03 02:00:00+00:00,1,3.2,3.2,3981071705.5349855
2024-10-03 03:00:00+00:00,3,4.2,5.0,2095607593325.2769
2024-10-03 04:00:00+00:00,1,4.0,4.0,63095734448.019424
2024-10-03 05:00:00+00:00,3,3.69,4.3,200829987571.97232
2024-10-03 06:00:00+00:00,2,3.1,3.2,5976334020.503868
2024-10-03 07:00:00+00:00,1,4.3,4.3,177827941003.89227
2024-10-03 08:00:00+00:00,2,4.285,5.0,2009551254553.994
2024-10-03 10:00:00+00:00,4,4.65,5.0,3309210131737.5576
2024-10-03 11:00:00+00:00,1,4.0,4.0,63095734448.019424
2024-10-03 12:00:00+00:00,1,3.1,3.1,2818382931.264449
2024-10-03 13:00:00+00:00,5,4.54,5.2,6488662727518.545
2024-10-03 14:00:00+00:00,1,4.9,4.9,1412537544622.7554
2024-10-03 15:00:00+00:00,2,3.5,4.0,65090996762.988304
2024-10-03 16:00:00+00:00,2,4.199999999999999,4.6,532810010228.95526
2024-10-03 17:00:00+00:00,3,3.9466666666666668,4.9,1442222574155.979
2024-10-03 18:00:00+00:00,1,3.1,3.1,2818382931.264449
2024-10-03 19:00:00+00:00,2,4.35,4.5,480705930412.99316
2024-10-03 20:00:00+00:00,5,4.18,4.7,1938551147572.0667
2024-10-03 23:00:00+00:00,3,3.966666666666667,4.4,325504562141.9973
2024-10-04 01:00:00+00:00,2,3.85,4.2,137112725722.43678
2024-10-04 02:00:00+00:00,5,3.534,4.3,208501959119.414
2024-10-04 03:00:00+00:00,3,4.1000000000000005,4.5,613945314731.7771
2024-10-04 04:00:00+00:00,1,3.4,3.4,7943282347.242789
2024-10-04 05:00:00+00:00,2,4.25,4.5,417909123681.59546
2024-10-04 06:00:00+00:00,3,4.163333333333333,4.5,554268515474.7385
2024-10-04 07:00:00+00:00,2,4.055,4.3,210562010491.77612
2024-10-04 08:00:00+00:00,2,4.75,4.8,1707945784384.1401
2024-10-04 09:00:00+00:00,1,3.6,3.6,15848931924.611109
2024-10-04 10:00:00+00:00,3,4.093333333333334,4.7,1065389441609.6117
2024-10-04 11:00:00+00:00,2,4.9,5.0,2995262314968.883
2024-10-04 12:00:00+00:00,5,4.34,4.7,1694004938209.0916
2024-10-04 13:00:00+00:00,4,4.6225000000000005,5.3,10317863245137.541
2024-10-04 14:00:00+00:00,2,3.95,4.7,711926856089.6753
2024-10-04 15:00:00+00:00,3,3.5333333333333337,4.4,257164977171.4621
2024-10-04 17:00:00+00:00,1,4.3,4.3,177827941003.89227
2024-10-04 18:00:00+00:00,1,3.3,3.3,5623413251.903491
2024-10-04 19:00:00+00:00,1,4.2,4.2,125892541179.41713
2024-10-04 20:00:00+00:00,2,4.4,4.5,532641330237.4683
2024-10-04 21:00:00+00:00,4,4.35,4.7,1482708872548.0535
2024-10-04 22:00:00+00:00,1,4.3,4.3,177827941003.89227
2024-10-04 23:00:00+00:00,2,3.05,3.1,4813645246.233332
2024-10-05 00:00:00+00:00,1,4.4,4.4,251188643150.95822
2024-10-05 01:00:00+00:00,2,4.3,4.6,564282968075.2909
2024-10-05 02:00:00+00:00,2,4.25,4.4,340313736964.33264
2024-10-05 03:00:00+00:00,4,4.25,4.5,710891517864.2172
2024-10-05 04:00:00+00:00,2,4.05,4.1,152220828261.39383
2024-10-05 05:00:00+00:00,1,3.0,3.0,1995262314.9688828
2024-10-05 06:00:00+00:00,3,4.3,4.4,554909125334.2676
2024-10-05 07:00:00+00:00,3,4.333333333333333,4.5,658533871416.8855
2024-10-05 08:00:00+00:00,2,4.0,4.8,1003981071705.535
2024-10-05 09:00:00+00:00,2,3.75,4.4,254007026082.22266
2024-10-05 10:00:00+00:00,2,4.45,4.9,1475633279070.775
2024-10-05 11:00:00+00:00,5,4.36,5.2,4945868198858.631
2024-10-05 12:00:00+00:00,7,4.12,5.4,9499589166221.572
2024-10-05 13:00:00+00:00,4,4.25,4.4,724873586520.9049
2024-10-05 14:00:00+00:00,3,4.533333333333334,4.9,1893243475035.7485
2024-10-05 15:00:00+00:00,4,4.325,4.5,950550453919.0637
2024-10-05 16:00:00+00:00,3,4.476666666666667,5.1,4239730964617.2847
2024-10-05 17:00:00+00:00,1,3.8,3.8,31622776601.683792
2024-10-05 18:00:00+00:00,1,4.0,4.0,63095734448.019424
2024-10-05 19:00:00+00:00,2,4.5,4.5,709626778467.1521
2024-10-05 20:00:00+00:00,5,4.04,4.4,720213304225.9724
2024-10-05 21:00:00+00:00,1,3.55,3.55,13335214321.63324
2024-10-05 22:00:00+00:00,3,4.233333333333333,4.4,466206278143.74976
2024-10-05 23:00:00+00:00,5,4.5600000000000005,5.2,5405222358539.188
2024-10-06 00:00:00+00:00,4,3.9475,4.3,386815688549.21594
2024-10-06 01:00:00+00:00,3,3.9333333333333336,4.5,483524313344.2576
2024-10-06 02:00:00+00:00,5,4.38,4.5,1264535903801.4197
2024-10-06 03:00:00+00:00,4,4.2,4.4,555331371957.1241
2024-10-06 04:00:00+00:00,4,3.5549999999999997,4.1,111203169794.54445
2024-10-06 05:00:00+00:00,3,4.466666666666667,4.8,1377081184330.3755
2024-10-06 06:00:00+00:00,5,4.08,4.7,1164972993176.5776
2024-10-06 08:00:00+00:00,3,4.3999999999999995,4.8,1251785082358.8342
2024-10-06 09:00:00+00:00,1,4.4,4.4,251188643150.95822
2024-10-06 10:00:00+00:00,4,4.2975,4.4,814519619176.8916
2024-10-06 11:00:00+00:00,2,4.3,4.5,443938483046.95044
2024-10-06 12:00:00+00:00,3,4.5,5.2,4196089340527.777
2024-10-06 13:00:00+00:00,2,4.800000000000001,5.2,4232260348685.9434
2024-10-06 14:00:00+00:00,3,3.9333333333333336,4.4,431834967086.1149
2024-10-06 15:00:00+00:00,3,3.5033333333333334,4.3,183944178509.83444
2024-10-06 16:00:00+00:00,1,4.3,4.3,177827941003.89227
2024-10-06 17:00:00+00:00,5,4.5600000000000005,5.2,7448921622991.807
2024-10-06 18:00:00+00:00,3,3.733333333333333,4.1,180245449941.7177
2024-10-06 19:00:00+00:00,1,4.3,4.3,177827941003.89227
2024-10-06 20:00:00+00:00,4,3.725,4.5,412697195306.66077
2024-10-06 21:00:00+00:00,3,5.2,5.6,20079852400498.312
2024-10-06 22:00:00+00:00,3,3.6200000000000006,4.4,261586634413.88605
2024-10-06 23:00:00+00:00,2,4.1,4.2,188988275627.43655
2024-10-07 00:00:00+00:00,5,4.5,5.0,2926656185425.6494
2024-10-07 01:00:00+00:00,2,4.5,4.5,709626778467.1521
2024-10-07 02:00:00+00:00,1,4.5,4.5,354813389233.57605
2024-10-07 03:00:00+00:00,4,4.325,4.7,1148122703162.5352
2024-10-07 04:00:00+00:00,2,4.45,4.5,606002032384.5343
2024-10-07 05:00:00+00:00,6,4.583333333333333,5.3,9806120113313.842
2024-10-07 06:00:00+00:00,4,3.7649999999999997,4.5,453675175687.4043
2024-10-07 07:00:00+00:00,1,3.38,3.38,7413102413.009192
2024-10-07 08:00:00+00:00,1,4.3,4.3,177827941003.89227
2024-10-07 09:00:00+00:00,1,5.4,5.4,7943282347242.8545
2024-10-07 10:00:00+00:00,1,3.06,3.06,2454708915.685034
2024-10-07 11:00:00+00:00,1,4.1,4.1,89125093813.3744
2024-10-07 12:00:00+00:00,3,4.3999999999999995,4.7,1125854908065.7358
2024-10-07 15:00:00+00:00,1,4.5,4.5,354813389233.57605
2024-10-07 16:00:00+00:00,1,3.9,3.9,44668359215.09617
2024-10-07 17:00:00+00:00,1,4.2,4.2,125892541179.41713
2024-10-07 18:00:00+00:00,2,4.25,4.3,303720482183.3094
2024-10-07 20:00:00+00:00,4,3.775,4.9,1437324424764.9211
2024-10-07 21:00:00+00:00,4,3.725,4.4,286201041965.8318
2024-10-07 22:00:00+00:00,1,3.6,3.6,15848931924.611109
2024-10-07 23:00:00+00:00,3,4.3,5.8,31649845718151.42
2024-10-08 00:00:00+00:00,3,4.3,5.7,22420818781612.17
2024-10-08 01:00:00+00:00,3,4.633333333333334,4.8,1959134427535.0984
2024-10-08 02:00:00+00:00,1,4.1,4.1,89125093813.3744
2024-10-08 03:00:00+00:00,1,4.4,4.4,251188643150.95822
2024-10-08 04:00:00+00:00,1,4.2,4.2,125892541179.41713
2024-10-08 05:00:00+00:00,2,3.75,4.4,254007026082.22266
2024-10-08 07:00:00+00:00,1,3.0,3.0,1995262314.9688828
2024-10-08 08:00:00+00:00,3,4.6000000000000005,5.0,2527903645206.351
2024-10-08 09:00:00+00:00,1,4.8,4.8,1000000000000.0
2024-10-08 10:00:00+00:00,3,3.8733333333333335,4.9,1426672338256.6826
2024-10-08 11:00:00+00:00,3,4.166666666666667,4.3,366816216631.32886
2024-10-08 12:00:00+00:00,3,4.133333333333333,4.6,690235359174.1833
2024-10-08 13:00:00+00:00,5,3.8,4.6,873548390165.5288
2024-10-08 14:00:00+00:00,1,4.9,4.9,1412537544622.7554
2024-10-08 15:00:00+00:00,1,4.2,4.2,125892541179.41713
2024-10-08 16:00:00+00:00,5,4.38,4.7,1477276105503.3235
2024-10-08 17:00:00+00:00,3,4.266666666666667,4.4,518141677968.22485
2024-10-08 18:00:00+00:00,1,4.3,4.3,177827941003.89227
2024-10-08 19:00:00+00:00,2,4.324999999999999,4.6,576176654560.5171
2024-10-08 20:00:00+00:00,1,4.5,4.5,354813389233.57605
2024-10-08 21:00:00+00:00,2,3.75,4.2,131515954431.32062
2024-10-08 22:00:00+00:00,2,4.2,4.4,314284377598.97766
2024-10-08 23:00:00+00:00,1,4.6,4.6,501187233627.2715
2024-10-09 01:00:00+00:00,1,3.0,3.0,1995262314.9688828
2024-10-09 03:00:00+00:00,5,3.692,4.5,502919565821.8758
2024-10-09 04:00:00+00:00,3,4.166666666666667,5.0,2126778269400.2036
2024-10-09 05:00:00+00:00,2,3.705,4.4,253254023306.76874
2024-10-09 06:00:00+00:00,3,3.736666666666667,4.7,717690172827.0171
2024-10-09 07:00:00+00:00,1,4.4,4.4,251188643150.95822
2024-10-09 08:00:00+00:00,1,3.27,3.27,5069907082.747045
2024-10-09 09:00:00+00:00,3,3.98,4.6,681306042283.9315
2024-10-09 11:00:00+00:00,3,3.733333333333333,4.6,519031427866.85144
2024-10-09 12:00:00+00:00,1,4.1,4.1,89125093813.3744
2024-10-09 15:00:00+00:00,1,3.8,3.8,31622776601.683792
2024-10-09 16:00:00+00:00,1,4.4,4.4,251188643150.95822
2024-10-09 17:00:00+00:00,2,4.7,4.9,1767350933856.3315
2024-10-09 19:00:00+00:00,3,4.1000000000000005,5.2,4011402199267.9116
2024-10-09 20:00:00+00:00,2,3.85,4.2,137112725722.43678
2024-10-09 21:00:00+00:00,7,3.742857142857143,4.7,891920970328.4579
2024-10-09 22:00:00+00:00,1,4.7,4.7,707945784384.1403
2024-10-09 23:00:00+00:00,1,4.5,4.5,354813389233.57605
2024-10-10 00:00:00+00:00,2,3.6500000000000004,4.2,128710924110.68158
2024-10-10 01:00:00+00:00,1,4.2,4.2,125892541179.41713
2024-10-10 02:00:00+00:00,1,4.6,4.6,501187233627.2715
2024-10-10 03:00:00+00:00,2,3.75,4.5,356808651548.5449
2024-10-10 04:00:00+00:00,3,4.6000000000000005,5.1,3589424450096.609
2024-10-10 05:00:00+00:00,1,4.1,4.1,89125093813.3744
2024-10-10 06:00:00+00:00,1,3.1,3.1,2818382931.264449
2024-10-10 07:00:00+00:00,4,3.8675,4.9,1669310669435.1323
2024-10-10 08:00:00+00:00,1,4.5,4.5,354813389233.57605
2024-10-10 09:00:00+00:00,1,5.4,5.4,7943282347242.8545
2024-10-10 10:00:00+00:00,2,4.0,4.6,509130515974.5143
2024-10-10 12:00:00+00:00,2,4.3,4.5,443938483046.95044
2024-10-10 13:00:00+00:00,2,4.45,4.5,606002032384.5343
2024-10-10 14:00:00+00:00,1,3.5,3.5,11220184543.019653
2024-10-10 17:00:00+00:00,1,4.6,4.6,501187233627.2715
2024-10-10 18:00:00+00:00,2,4.65,5.2,4070196799348.36
2024-10-10 19:00:00+00:00,1,3.1,3.1,2818382931.264449
2024-10-10 20:00:00+00:00,1,4.6,4.6,501187233627.2715
2024-10-10 21:00:00+00:00,3,3.716666666666667,4.3,217406943747.7055
2024-10-10 22:00:00+00:00,3,4.0,4.5,486329343664.89667
2024-10-10 23:00:00+00:00,2,4.2,4.4,314284377598.97766
2024-10-11 00:00:00+00:00,3,4.533333333333334,4.9,2183579063454.915
2024-10-11 01:00:00+00:00,5,4.08,4.5,803575436760.27
2024-10-11 02:00:00+00:00,1,4.2,4.2,125892541179.41713
2024-10-11 03:00:00+00:00,1,3.2,3.2,3981071705.5349855
2024-10-11 04:00:00+00:00,1,5.0,5.0,1995262314968.8828
2024-10-11 06:00:00+00:00,2,3.565,4.0,66221813815.14339
2024-10-11 07:00:00+00:00,2,4.55,4.8,1177827941003.8923
2024-10-11 09:00:00+00:00,1,4.8,4.8,1000000000000.0
2024-10-11 10:00:00+00:00,2,3.27,3.54,14877757831.900206
2024-10-11 11:00:00+00:00,2,3.815,4.0,80674970587.60638
2024-10-11 12:00:00+00:00,2,4.3,4.5,443938483046.95044
2024-10-11 13:00:00+00:00,3,3.966666666666667,4.4,382704597582.2788
2024-10-11 14:00:00+00:00,2,3.7,4.3,180646323935.1567
2024-10-11 15:00:00+00:00,3,4.1000000000000005,4.7,963115499240.6335
2024-10-11 16:00:00+00:00,2,3.5700000000000003,4.0,66331671017.315704
2024-10-11 17:00:00+00:00,3,4.1000000000000005,4.2,278113369440.811
2024-10-11 18:00:00+00:00,3,4.3999999999999995,5.0,2184250590596.3193
2024-10-11 19:00:00+00:00,3,3.8666666666666667,4.6,566278230390.2598
2024-10-11 20:00:00+00:00,2,4.55,4.6,856000622860.8475
2024-10-11 21:00:00+00:00,1,3.6,3.6,15848931924.611109
2024-10-11 22:00:00+00:00,2,4.3,4.5,443938483046.95044
2024-10-11 23:00:00+00:00,1,4.4,4.4,251188643150.95822
2024-10-12 00:00:00+00:00,2,4.1,4.8,1007943282347.2428
2024-10-12 01:00:00+00:00,4,4.9,5.3,9504555356785.656
2024-10-12 02:00:00+00:00,2,4.135,4.3,234713234088.2763
2024-10-12 03:00:00+00:00,7,4.614285714285714,5.3,8425782802299.208
2024-10-12 04:00:00+00:00,2,4.0,5.0,1997257577283.8518
2024-10-12 05:00:00+00:00,2,3.9499999999999997,4.6,506810646879.175
2024-10-12 06:00:00+00:00,3,3.7266666666666666,4.9,1419780881540.222
2024-10-12 07:00:00+00:00,3,4.166666666666667,4.4,460639360756.5343
2024-10-12 08:00:00+00:00,1,4.2,4.2,125892541179.41713
2024-10-12 09:00:00+00:00,1,3.3,3.3,5623413251.903491
2024-10-12 11:00:00+00:00,1,4.4,4.4,251188643150.95822
2024-10-12 12:00:00+00:00,3,4.266666666666667,4.9,1775294216203.5742
2024-10-12 15:00:00+00:00,2,4.55,4.6,856000622860.8475
2024-10-12 16:00:00+00:00,3,3.51,4.3,183772403302.28067
2024-10-12 17:00:00+00:00,4,4.375,6.2,126272560162967.67
2024-10-12 18:00:00+00:00,4,4.65,4.9,3622145967443.0254
2024-10-12 19:00:00+00:00,3,4.2,4.5,525374289628.08936
2024-10-12 20:00:00+00:00,1,4.05,4.05,74989420933.24559
2024-10-12 21:00:00+00:00,2,4.800000000000001,4.9,2120483329006.8955
2024-10-12 22:00:00+00:00,4,4.075,4.9,1814014555386.3965
2024-10-12 23:00:00+00:00,3,4.566666666666666,4.6,1357187856488.1191
2024-10-13 00:00:00+00:00,1,4.3,4.3,177827941003.89227
2024-10-13 01:00:00+00:00,4,3.675,4.3,273752489454.0661
2024-10-13 02:00:00+00:00,1,4.4,4.4,251188643150.95822
2024-10-13 03:00:00+00:00,3,4.366666666666667,4.5,731894573563.9514
2024-10-13 04:00:00+00:00,1,4.6,4.6,501187233627.2715
2024-10-13 06:00:00+00:00,4,3.925,5.1,3178009965744.259
2024-10-13 07:00:00+00:00,2,4.9,5.3,5978226641137.067
2024-10-13 09:00:00+00:00,3,4.466666666666667,4.7,1136962368538.9907
2024-10-13 10:00:00+00:00,1,4.6,4.6,501187233627.2715
2024-10-13 11:00:00+00:00,4,4.45,4.7,1418415055625.501
2024-10-13 12:00:00+00:00,1,4.3,4.3,177827941003.89227
2024-10-13 13:00:00+00:00,3,3.6,4.1,107792408669.24997
2024-10-13 16:00:00+00:00,2,4.65,5.0,2173090255972.7751
2024-10-13 17:00:00+00:00,1,4.6,4.6,501187233627.2715
2024-10-13 18:00:00+00:00,1,3.5,3.5,11220184543.019653
2024-10-13 20:00:00+00:00,2,3.25,3.3,9604484957.438477
2024-10-13 22:00:00+00:00,4,4.35,5.5,11901194979965.785
2024-10-14 00:00:00+00:00,2,3.95,4.3,193676872928.5034
2024-10-14 02:00:00+00:00,2,3.8000000000000003,4.4,255169714856.4932
2024-10-14 03:00:00+00:00,1,4.6,4.6,501187233627.2715
2024-10-14 05:00:00+00:00,4,3.8,4.2,234181101883.054
2024-10-14 06:00:00+00:00,1,3.1,3.1,2818382931.264449
2024-10-14 07:00:00+00:00,3,4.433333333333334,4.9,1726821922221.733
2024-10-14 08:00:00+00:00,1,4.0,4.0,63095734448.019424
2024-10-14 09:00:00+00:00,1,5.0,5.0,1995262314968.8828
2024-10-14 10:00:00+00:00,2,3.95,4.8,1002818382931.2644
2024-10-14 11:00:00+00:00,1,4.9,4.9,1412537544622.7554
2024-10-14 12:00:00+00:00,1,4.4,4.4,251188643150.95822
2024-10-14 13:00:00+00:00,5,4.34,4.6,1197156852599.3887
2024-10-14 15:00:00+00:00,3,4.633333333333334,5.0,2601264347353.417
2024-10-14 16:00:00+00:00,5,4.14,4.8,1374759498978.5718
2024-10-14 17:00:00+00:00,1,3.2,3.2,3981071705.5349855
2024-10-14 18:00:00+00:00,2,3.7,4.4,253183905465.9271
2024-10-14 19:00:00+00:00,3,3.8666666666666667,4.4,343132119895.59705
2024-10-14 20:00:00+00:00,1,3.3,3.3,5623413251.903491
2024-10-14 21:00:00+00:00,5,4.34,4.5,1087550455571.736
2024-10-14 23:00:00+00:00,1,4.5,4.5,354813389233.57605
2024-10-15 00:00:00+00:00,1,4.7,4.7,707945784384.1403
2024-10-15 01:00:00+00:00,2,4.25,4.5,417909123681.59546
2024-10-15 02:00:00+00:00,1,3.3,3.3,5623413251.903491
2024-10-15 03:00:00+00:00,2,3.7,4.2,129873612884.95212
2024-10-15 04:00:00+00:00,2,3.65,4.3,179823203318.86115
2024-10-15 07:00:00+00:00,1,4.1,4.1,89125093813.3744
2024-10-15 08:00:00+00:00,2,4.5,4.5,709626778467.1521
2024-10-15 09:00:00+00:00,2,4.5,4.5,709626778467.1521
2024-10-15 10:00:00+00:00,2,3.8,4.6,503182495942.24036
2024-10-15 11:00:00+00:00,1,4.0,4.0,63095734448.019424
2024-10-15 13:00:00+00:00,1,3.25,3.25,4731512589.614813
2024-10-15 14:00:00+00:00,2,3.3,3.3,11246826503.806982
2024-10-15 15:00:00+00:00,3,4.333333333333333,4.6,900668982075.9437
2024-10-15 16:00:00+00:00,3,4.166666666666667,4.6,694864106555.7749
2024-10-15 17:00:00+00:00,1,4.2,4.2,125892541179.41713
2024-10-15 18:00:00+00:00,2,4.1,4.2,188988275627.43655
2024-10-15 19:00:00+00:00,3,4.733333333333333,5.0,3585627800595.5303
2024-10-15 20:00:00+00:00,3,4.433333333333334,5.3,6132543767878.006
2024-10-15 21:00:00+00:00,1,4.4,4.4,251188643150.95822
2024-10-15 22:00:00+00:00,1,5.0,5.0,1995262314968.8828
2024-10-15 23:00:00+00:00,4,4.4,5.2,4499297923761.513
2024-10-16 00:00:00+00:00,1,4.2,4.2,125892541179.41713
2024-10-16 01:00:00+00:00,1,4.5,4.5,354813389233.57605
2024-10-16 02:00:00+00:00,1,4.8,4.8,1000000000000.0
2024-10-16 03:00:00+00:00,3,4.2,5.1,3175191582812.994
2024-10-16 04:00:00+00:00,3,4.633333333333334,5.2,4410088289689.836
2024-10-16 05:00:00+00:00,4,4.29,4.8,1640883617452.7175
2024-10-16 06:00:00+00:00,1,4.5,4.5,354813389233.57605
2024-10-16 07:00:00+00:00,1,6.0,6.0,63095734448019.43
2024-10-16 08:00:00+00:00,2,3.8499999999999996,4.6,504005616558.53595
2024-10-16 09:00:00+00:00,3,4.266666666666667,5.3,5877420277985.714
2024-10-16 10:00:00+00:00,2,3.8000000000000003,4.4,255169714856.4932
2024-10-16 11:00:00+00:00,3,4.066666666666666,4.5,440296335067.27893
2024-10-16 12:00:00+00:00,5,4.42,5.2,5664067951871.684
2024-10-16 13:00:00+00:00,1,4.8,4.8,1000000000000.0
2024-10-16 14:00:00+00:00,1,4.3,4.3,177827941003.89227
2024-10-16 15:00:00+00:00,2,4.699999999999999,5.1,2996210872268.3413
2024-10-16 16:00:00+00:00,2,4.550000000000001,4.7,959134427535.0985
2024-10-16 17:00:00+00:00,2,4.65,5.1,2944275472443.866
2024-10-16 18:00:00+00:00,6,4.733333333333333,5.9,47941398338675.92
2024-10-16 19:00:00+00:00,2,5.1,5.9,44846187156100.42
2024-10-16 20:00:00+00:00,5,4.12,4.6,934156961715.7627
2024-10-16 21:00:00+00:00,2,3.74,4.2,131140615781.91484
2024-10-16 22:00:00+00:00,6,4.8,5.2,9525939998190.865
2024-10-16 23:00:00+00:00,1,4.6,4.6,501187233627.2715
2024-10-17 00:00:00+00:00,5,4.0,4.5,697718827720.7535
2024-10-17 01:00:00+00:00,3,4.8,5.2,5043830879152.701
2024-10-17 02:00:00+00:00,5,4.064,4.9,1705100690439.131
2024-10-17 03:00:00+00:00,2,3.605,4.2,127957921335.22766
2024-10-17 04:00:00+00:00,6,4.516666666666667,5.1,4323731124028.7847
2024-10-17 05:00:00+00:00,1,5.6,5.6,15848931924611.11
2024-10-17 06:00:00+00:00,1,4.5,4.5,354813389233.57605
2024-10-17 07:00:00+00:00,2,4.050000000000001,4.4,273575854536.6417
2024-10-17 08:00:00+00:00,2,4.4,4.5,532641330237.4683
2024-10-17 09:00:00+00:00,4,3.95,4.6,880383096561.4999
2024-10-17 10:00:00+00:00,5,4.32,5.0,3890501052319.6
2024-10-17 11:00:00+00:00,7,4.142857142857143,5.4,9348136817550.62
2024-10-17 12:00:00+00:00,2,4.3,4.3,355655882007.78455
2024-10-17 13:00:00+00:00,1,3.6,3.6,15848931924.611109
2024-10-17 14:00:00+00:00,6,4.116666666666666,4.6,1088048059295.4193
2024-10-17 15:00:00+00:00,2,3.8,4.3,183451354255.79578
2024-10-17 16:00:00+00:00,5,3.7600000000000002,5.0,2256068795687.905
2024-10-17 17:00:00+00:00,1,3.8,3.8,31622776601.683792
2024-10-17 18:00:00+00:00,2,3.93,4.7,711413152888.6655
2024-10-17 19:00:00+00:00,1,4.7,4.7,707945784384.1403
2024-10-17 20:00:00+00:00,1,4.2,4.2,125892541179.41713
2024-10-17 21:00:00+00:00,3,4.266666666666667,4.4,502973725509.7925
2024-10-17 22:00:00+00:00,4,4.300000000000001,4.4,754162368660.7507
2024-10-18 00:00:00+00:00,3,4.466666666666666,5.0,2262215349786.1494
2024-10-18 01:00:00+00:00,2,4.6,5.0,2121154856148.3
2024-10-18 03:00:00+00:00,1,3.0,3.0,1995262314.9688828
2024-10-18 04:00:00+00:00,3,3.866666666666667,5.2,3989033848946.055
2024-10-18 05:00:00+00:00,4,4.175,5.0,2353736579907.9316
2024-10-18 07:00:00+00:00,3,4.366666666666666,4.5,710469271241.3606
2024-10-18 08:00:00+00:00,1,4.1,4.1,89125093813.3744
2024-10-18 09:00:00+00:00,3,3.936666666666667,5.4,7951384394139.362
2024-10-18 10:00:00+00:00,2,4.45,4.7,833838325563.5574
2024-10-18 11:00:00+00:00,1,3.0,3.0,1995262314.9688828
2024-10-18 12:00:00+00:00,1,3.2,3.2,3981071705.5349855
2024-10-18 13:00:00+00:00,3,3.5666666666666664,4.1,106969288052.9544
2024-10-18 14:00:00+00:00,1,4.5,4.5,354813389233.57605
2024-10-18 15:00:00+00:00,2,3.66,4.2,128912492899.81915
2024-10-18 16:00:00+00:00,2,3.335,3.37,12784847354.032518
2024-10-18 17:00:00+00:00,2,3.65,4.1,93106165518.9094
2024-10-18 18:00:00+00:00,2,3.25,3.4,10761665278.507238
2024-10-18 19:00:00+00:00,2,4.199999999999999,4.3,266953034817.26666
2024-10-18 20:00:00+00:00,1,4.3,4.3,177827941003.89227
2024-10-18 21:00:00+00:00,1,4.4,4.4,251188643150.95822
2024-10-18 22:00:00+00:00,2,3.95,4.2,148279752565.1006
2024-10-19 00:00:00+00:00,3,4.566666666666666,4.9,2209608422820.27
2024-10-19 01:00:00+00:00,1,4.7,4.7,707945784384.1403
2024-10-19 02:00:00+00:00,1,4.0,4.0,63095734448.019424
2024-10-19 03:00:00+00:00,3,3.9,4.3,272576448069.17017
2024-10-19 07:00:00+00:00,2,3.95,4.8,1002818382931.2644
2024-10-19 08:00:00+00:00,1,3.0,3.0,1995262314.9688828
2024-10-19 10:00:00+00:00,1,4.2,4.2,125892541179.41713
2024-10-19 11:00:00+00:00,2,4.3,4.5,443938483046.95044
2024-10-19 12:00:00+00:00,2,4.199999999999999,4.6,532810010228.95526
2024-10-19 13:00:00+00:00,5,4.4,5.3,6662865229020.135
2024-10-19 14:00:00+00:00,1,4.1,4.1,89125093813.3744
2024-10-19 15:00:00+00:00,3,4.5,4.6,1107189266011.8057
2024-10-19 16:00:00+00:00,1,4.2,4.2,125892541179.41713
2024-10-19 17:00:00+00:00,3,4.366666666666667,4.7,959730866742.9745
2024-10-19 18:00:00+00:00,2,4.85,5.2,4335885094768.5615
2024-10-19 22:00:00+00:00,3,3.763333333333333,4.6,519316491175.3562
2024-10-19 23:00:00+00:00,3,4.466666666666666,4.8,1443938483046.9504
2024-10-20 00:00:00+00:00,1,5.1,5.1,2818382931264.449
2024-10-20 01:00:00+00:00,2,3.72,4.4,253479510803.72598
2024-10-20 02:00:00+00:00,1,4.0,4.0,63095734448.019424
2024-10-20 03:00:00+00:00,1,4.1,4.1,89125093813.3744
2024-10-20 04:00:00+00:00,4,4.125,4.8,1248866957799.1545
2024-10-20 05:00:00+00:00,2,4.4,4.6,627079774806.6886
2024-10-20 06:00:00+00:00,2,3.95,4.3,193676872928.5034
2024-10-20 08:00:00+00:00,3,4.3,4.4,591502380115.2908
2024-10-20 09:00:00+00:00,3,4.086666666666667,4.8,1096043403522.5637
2024-10-20 10:00:00+00:00,3,4.253333333333333,4.8,1712843572577.8247
2024-10-20 11:00:00+00:00,2,3.375,3.45,15064022014.762756
2024-10-20 12:00:00+00:00,1,5.5,5.5,11220184543019.652
2024-10-20 13:00:00+00:00,1,4.5,4.5,354813389233.57605
2024-10-20 15:00:00+00:00,2,3.5,4.0,65090996762.988304
2024-10-20 16:00:00+00:00,2,4.5,4.6,752375876778.2297
2024-10-20 17:00:00+00:00,4,4.05,4.4,526084960315.46765
2024-10-20 18:00:00+00:00,3,4.333333333333333,4.5,772722512915.1715
2024-10-20 19:00:00+00:00,1,4.4,4.4,251188643150.95822
2024-10-20 20:00:00+00:00,3,3.9333333333333336,4.4,431834967086.1149
2024-10-20 21:00:00+00:00,1,4.4,4.4,251188643150.95822
2024-10-20 22:00:00+00:00,2,4.9,5.7,22476336479496.844
2024-10-20 23:00:00+00:00,3,3.986666666666667,4.5,536108698741.99365
2024-10-21 00:00:00+00:00,3,4.22,4.6,869804465506.8765
2024-10-21 01:00:00+00:00,1,3.0,3.0,1995262314.9688828
2024-10-21 02:00:00+00:00,1,4.5,4.5,354813389233.57605
2024-10-21 03:00:00+00:00,8,4.4375,5.8,33418662276620.26
2024-10-21 04:00:00+00:00,7,4.5285714285714285,5.1,5046151387699.826
2024-10-21 05:00:00+00:00,2,4.7,5.0,2246450958119.841
2024-10-21 06:00:00+00:00,3,4.8999999999999995,5.6,16704932547471.957
2024-10-21 08:00:00+00:00,4,4.55,5.0,5989768016612.184
2024-10-21 09:00:00+00:00,3,4.133333333333334,4.2,314880816806.8537
2024-10-21 10:00:00+00:00,2,3.8499999999999996,4.6,504005616558.53595
2024-10-21 11:00:00+00:00,1,4.3,4.3,177827941003.89227
2024-10-21 12:00:00+00:00,1,3.4,3.4,7943282347.242789
2024-10-21 13:00:00+00:00,2,4.4,4.6,627079774806.6886
2024-10-21 14:00:00+00:00,2,4.449999999999999,4.6,679015174631.1638
2024-10-21 15:00:00+00:00,1,4.7,4.7,707945784384.1403
2024-10-21 16:00:00+00:00,1,4.6,4.6,501187233627.2715
2024-10-21 18:00:00+00:00,1,4.0,4.0,63095734448.019424
2024-10-21 19:00:00+00:00,1,4.5,4.5,354813389233.57605
2024-10-21 20:00:00+00:00,3,4.033333333333334,4.7,837819397269.0924
2024-10-21 21:00:00+00:00,1,4.3,4.3,177827941003.89227
2024-10-21 22:00:00+00:00,3,4.033333333333333,4.2,246640411594.47534
2024-10-22 00:00:00+00:00,3,3.1,3.2,8794716951.768318
2024-10-22 01:00:00+00:00,1,4.5,4.5,354813389233.57605
2024-10-22 02:00:00+00:00,1,5.1,5.1,2818382931264.449
2024-10-22 03:00:00+00:00,1,4.3,4.3,177827941003.89227
2024-10-22 04:00:00+00:00,2,3.46,3.5,19731564925.04341
2024-10-22 05:00:00+00:00,4,4.275,4.7,1037994553649.4264
2024-10-22 06:00:00+00:00,1,4.2,4.2,125892541179.41713
2024-10-22 07:00:00+00:00,1,3.1,3.1,2818382931.264449
2024-10-22 08:00:00+00:00,1,3.0,3.0,1995262314.9688828
2024-10-22 10:00:00+00:00,1,4.6,4.6,501187233627.2715
2024-10-22 11:00:00+00:00,2,4.4,4.5,532641330237.4683
2024-10-22 12:00:00+00:00,4,4.8,5.1,5293679649504.921
2024-10-22 14:00:00+00:00,1,4.1,4.1,89125093813.3744
2024-10-22 15:00:00+00:00,2,4.85,5.5,11346077084199.07
2024-10-22 16:00:00+00:00,3,3.4333333333333336,4.3,181818465633.83002
2024-10-22 17:00:00+00:00,1,4.2,4.2,125892541179.41713
2024-10-22 18:00:00+00:00,3,4.3999999999999995,4.5,783829973388.4265
2024-10-22 19:00:00+00:00,4,4.45,4.6,1379455651584.9182
2024-10-22 20:00:00+00:00,2,3.7,4.4,253183905465.9271
2024-10-22 21:00:00+00:00,1,3.1,3.1,2818382931.264449
2024-10-22 22:00:00+00:00,4,4.65,4.9,2830110107474.048
2024-10-23 00:00:00+00:00,2,4.35,4.4,429016584154.85046
2024-10-23 01:00:00+00:00,1,4.5,4.5,354813389233.57605
2024-10-23 03:00:00+00:00,1,4.6,4.6,501187233627.2715
2024-10-23 04:00:00+00:00,2,3.745,4.2,131325044494.34146
2024-10-23 05:00:00+00:00,1,3.18,3.18,3715352290.971728
2024-10-23 06:00:00+00:00,3,4.633333333333333,5.0,2674277489600.047
2024-10-23 07:00:00+00:00,2,4.5,4.6,752375876778.2297
2024-10-23 08:00:00+00:00,1,4.3,4.3,177827941003.89227
2024-10-23 09:00:00+00:00,2,4.4,4.4,502377286301.91644
2024-10-23 12:00:00+00:00,1,4.3,4.3,177827941003.89227
2024-10-23 13:00:00+00:00,3,3.966666666666667,4.7,835833587878.5262
2024-10-23 14:00:00+00:00,4,4.305,6.2,125978879742754.36
2024-10-23 15:00:00+00:00,1,3.79,3.79,30549211132.15509
2024-10-23 16:00:00+00:00,1,3.4,3.4,7943282347.242789
2024-10-23 17:00:00+00:00,2,4.4,4.4,502377286301.91644
2024-10-23 18:00:00+00:00,1,4.6,4.6,501187233627.2715
2024-10-23 19:00:00+00:00,2,4.115,4.9,1418774892977.5796
2024-10-23 20:00:00+00:00,1,4.6,4.6,501187233627.2715
2024-10-23 21:00:00+00:00,2,4.65,5.1,2944275472443.866
2024-10-23 22:00:00+00:00,4,3.6500000000000004,4.4,320260711619.4815
2024-10-23 23:00:00+00:00,1,4.2,4.2,125892541179.41713
2024-10-24 00:00:00+00:00,3,4.666666666666667,5.0,2747638191747.1123
2024-10-24 01:00:00+00:00,1,4.3,4.3,177827941003.89227
2024-10-24 02:00:00+00:00,2,4.3,4.3,355655882007.78455
2024-10-24 04:00:00+00:00,3,4.866666666666666,5.6,17350594563047.238
2024-10-24 05:00:00+00:00,2,4.135,4.6,521370897264.0871
2024-10-24 06:00:00+00:00,4,4.145,4.36,507562847079.1307
2024-10-24 07:00:00+00:00,2,4.65,5.0,2173090255972.7751
2024-10-24 08:00:00+00:00,1,3.3,3.3,5623413251.903491
2024-10-24 11:00:00+00:00,3,4.566666666666667,4.9,1914914830924.6719
2024-10-24 12:00:00+00:00,2,3.65,4.3,179823203318.86115
2024-10-24 13:00:00+00:00,1,4.4,4.4,251188643150.95822
2024-10-24 14:00:00+00:00,2,4.4,4.6,627079774806.6886
2024-10-24 15:00:00+00:00,3,4.266666666666667,4.4,502973725509.7925
2024-10-24 16:00:00+00:00,3,3.966666666666667,4.5,535459713168.7328
2024-10-24 17:00:00+00:00,3,4.933333333333334,5.1,5230920475887.205
2024-10-24 18:00:00+00:00,1,5.1,5.1,2818382931264.449
2024-10-24 19:00:00+00:00,3,4.3,5.0,3409795121906.607
2024-10-24 20:00:00+00:00,1,4.6,4.6,501187233627.2715
2024-10-24 21:00:00+00:00,5,3.96,4.5,797586669542.6398
2024-10-24 22:00:00+00:00,1,3.07,3.07,2540972705.549301
2024-10-24 23:00:00+00:00,2,4.8,5.3,5801241192907.384
2024-10-25 00:00:00+00:00,4,4.55,5.1,3498588158570.258
2024-10-25 02:00:00+00:00,1,4.6,4.6,501187233627.2715
2024-10-25 03:00:00+00:00,1,4.3,4.3,177827941003.89227
2024-10-25 04:00:00+00:00,2,3.85,4.2,137112725722.43678
2024-10-25 05:00:00+00:00,2,4.75,5.0,2350075704202.459
2024-10-25 06:00:00+00:00,5,4.4719999999999995,4.9,2379376039772.5664
2024-10-25 07:00:00+00:00,1,3.41,3.41,8222426499.4706955
2024-10-25 08:00:00+00:00,2,4.41,4.72,847702668842.5564
2024-10-25 09:00:00+00:00,2,4.300000000000001,4.4,377081184330.37537
2024-10-25 10:00:00+00:00,1,3.4,3.4,7943282347.242789
2024-10-25 11:00:00+00:00,3,4.246666666666667,4.7,848357016596.6512
2024-10-25 12:00:00+00:00,3,4.266666666666667,4.3,481548423187.20166
2024-10-25 14:00:00+00:00,4,4.6274999999999995,5.8,54038785347118.85
2024-10-25 15:00:00+00:00,3,4.1033333333333335,4.54,595324013350.6034
2024-10-25 16:00:00+00:00,2,3.85,4.7,709941046699.1091
2024-10-25 17:00:00+00:00,3,3.766666666666667,4.4,297852264681.02325
2024-10-25 18:00:00+00:00,4,3.85,4.6,862800077497.647
2024-10-25 20:00:00+00:00,2,4.1,4.2,188988275627.43655
2024-10-25 21:00:00+00:00,5,4.164,4.6,1112297553974.0303
2024-10-25 22:00:00+00:00,2,3.58,3.74,34215338209.712406
2024-10-25 23:00:00+00:00,1,3.0,3.0,1995262314.9688828
2024-10-26 00:00:00+00:00,2,4.25,4.3,303720482183.3094
2024-10-26 01:00:00+00:00,1,4.8,4.8,1000000000000.0
2024-10-26 04:00:00+00:00,2,4.0,4.8,1003981071705.535
2024-10-26 05:00:00+00:00,2,4.25,4.4,340313736964.33264
2024-10-26 06:00:00+00:00,4,3.7325,4.3,253715235887.52682
2024-10-26 07:00:00+00:00,2,4.55,5.2,4025740064750.0815
2024-10-26 08:00:00+00:00,2,4.6,5.1,2907508025077.8237
2024-10-26 09:00:00+00:00,3,3.8066666666666666,4.15,160471820925.6789
2024-10-26 10:00:00+00:00,2,3.8,4.3,183451354255.79578
2024-10-26 11:00:00+00:00,3,3.61,3.67,49924775690.44423
2024-10-26 12:00:00+00:00,4,4.625,4.8,2460321661162.37
2024-10-26 13:00:00+00:00,1,4.3,4.3,177827941003.89227
2024-10-26 14:00:00+00:00,3,3.8333333333333335,4.6,535628393160.2197
2024-10-26 15:00:00+00:00,3,4.033333333333334,4.5,609983104090.0692
2024-10-26 16:00:00+00:00,3,4.3,4.6,716204868620.063
2024-10-26 17:00:00+00:00,3,4.033333333333333,4.2,246640411594.47534
2024-10-26 18:00:00+00:00,2,4.085,4.7,718061578926.7393
2024-10-26 19:00:00+00:00,1,3.0,3.0,1995262314.9688828
2024-10-26 20:00:00+00:00,1,3.88,3.88,41686938347.03364
2024-10-26 21:00:00+00:00,1,4.3,4.3,177827941003.89227
2024-10-26 22:00:00+00:00,2,3.85,4.5,358794460939.111
2024-10-27 00:00:00+00:00,1,5.0,5.0,1995262314968.8828
2024-10-27 01:00:00+00:00,2,3.7649999999999997,4.3,182243645477.42538
2024-10-27 03:00:00+00:00,1,4.4,4.4,251188643150.95822
2024-10-27 04:00:00+00:00,2,4.6,5.2,4044167439983.005
2024-10-27 05:00:00+00:00,2,4.25,4.3,303720482183.3094
2024-10-27 06:00:00+00:00,6,3.9,4.3,511376072666.6215
2024-10-27 07:00:00+00:00,4,4.01,4.4,558145061903.564
2024-10-27 08:00:00+00:00,3,4.066666666666667,4.4,392930116254.98645
2024-10-27 09:00:00+00:00,1,4.9,4.9,1412537544622.7554
2024-10-27 10:00:00+00:00,4,4.125,4.7,1242582376936.5774
2024-10-27 12:00:00+00:00,2,3.9,4.5,360436802485.47955
2024-10-27 13:00:00+00:00,5,4.354,4.8,2465391568245.117
2024-10-27 14:00:00+00:00,2,3.8200000000000003,4.0,81292743034.11925
2024-10-27 15:00:00+00:00,3,3.733333333333333,4.6,513111587680.04926
2024-10-27 17:00:00+00:00,2,4.550000000000001,4.9,1538430085802.1726
2024-10-27 18:00:00+00:00,3,4.1000000000000005,4.4,399468395716.05884
2024-10-27 19:00:00+00:00,1,4.0,4.0,63095734448.019424
2024-10-27 20:00:00+00:00,2,4.01,4.7,713971380244.8838
2024-10-27 21:00:00+00:00,2,4.4,4.6,627079774806.6886
2024-10-27 22:00:00+00:00,3,4.533333333333333,5.0,2439200798015.833
2024-10-27 23:00:00+00:00,3,4.163333333333333,4.8,1185501555897.5105
2024-10-28 00:00:00+00:00,2,4.65,4.9,1663726187773.7136
2024-10-28 01:00:00+00:00,3,3.8233333333333337,4.4,284551962362.0486
2024-10-28 02:00:00+00:00,4,4.3575,4.9,2599175974356.7275
2024-10-28 03:00:00+00:00,3,3.53,4.3,184492241755.61026
2024-10-28 04:00:00+00:00,3,4.2,4.5,564264106839.1521
2024-10-28 05:00:00+00:00,3,4.133333333333334,4.7,845058510106.577
2024-10-28 07:00:00+00:00,5,4.228,4.6,1188482009045.925
2024-10-28 08:00:00+00:00,2,4.045,4.7,715619399277.7584
2024-10-28 09:00:00+00:00,2,4.205,4.5,401051491373.502
2024-10-28 10:00:00+00:00,2,3.45,3.7,26368283091.218452
2024-10-28 12:00:00+00:00,1,3.28,3.28,5248074602.497712
2024-10-28 13:00:00+00:00,2,4.75,4.8,1707945784384.1401
2024-10-28 14:00:00+00:00,1,4.7,4.7,707945784384.1403
2024-10-28 15:00:00+00:00,2,4.25,4.3,303720482183.3094
2024-10-28 16:00:00+00:00,2,4.2,4.2,251785082358.83426
2024-10-28 18:00:00+00:00,1,4.4,4.4,251188643150.95822
2024-10-28 19:00:00+00:00,1,3.74,3.74,25703957827.68865
2024-10-28 20:00:00+00:00,2,4.2,4.5,399481748448.67224
2024-10-28 21:00:00+00:00,2,3.54,3.9,48383711506.067894
2024-10-28 22:00:00+00:00,2,4.65,4.8,1354813389233.5762
2024-10-28 23:00:00+00:00,2,4.08,4.5,374311835231.1565
2024-10-29 00:00:00+00:00,2,3.7699999999999996,4.1,98245202206.93352
2024-10-29 01:00:00+00:00,2,3.2,3.4,9938544662.211672
2024-10-29 02:00:00+00:00,2,4.35,4.6,590312327440.6459
2024-10-29 03:00:00+00:00,2,4.35,4.4,429016584154.85046
2024-10-29 04:00:00+00:00,1,4.8,4.8,1000000000000.0
2024-10-29 05:00:00+00:00,4,3.625,4.2,195787730264.236
2024-10-29 06:00:00+00:00,1,5.0,5.0,1995262314968.8828
2024-10-29 07:00:00+00:00,3,3.8699999999999997,4.9,1431761825286.0151
2024-10-29 08:00:00+00:00,3,4.283333333333333,4.9,1539246378864.974
2024-10-29 10:00:00+00:00,1,3.75,3.75,26607250597.98814
2024-10-29 11:00:00+00:00,2,4.4,4.7,797070878197.5146
2024-10-29 12:00:00+00:00,1,4.9,4.9,1412537544622.7554
2024-10-29 13:00:00+00:00,3,4.23,4.8,1262027912291.1702
2024-10-29 14:00:00+00:00,2,4.35,4.5,480705930412.99316
2024-10-29 15:00:00+00:00,1,4.4,4.4,251188643150.95822
2024-10-29 16:00:00+00:00,6,4.483333333333333,4.9,2926581097492.1216
2024-10-29 17:00:00+00:00,4,4.35,5.1,3096496300705.2603
2024-10-29 18:00:00+00:00,3,4.733333333333333,5.0,2997636782223.426
2024-10-29 19:00:00+00:00,2,4.199999999999999,4.3,266953034817.26666
2024-10-29 20:00:00+00:00,2,4.199999999999999,4.3,266953034817.26666
2024-10-29 21:00:00+00:00,2,4.4,4.7,797070878197.5146
2024-10-29 22:00:00+00:00,1,4.4,4.4,251188643150.95822
2024-10-29 23:00:00+00:00,2,4.35,4.6,590312327440.6459
2024-10-30 01:00:00+00:00,1,3.0,3.0,1995262314.9688828
2024-10-30 02:00:00+00:00,5,3.874,4.5,789414455049.8455
2024-10-30 03:00:00+00:00,1,3.9,3.9,44668359215.09617
2024-10-30 04:00:00+00:00,1,4.3,4.3,177827941003.89227
2024-10-30 05:00:00+00:00,2,4.375,4.5,504436954843.01965
2024-10-30 06:00:00+00:00,2,4.4,4.5,532641330237.4683
2024-10-30 08:00:00+00:00,1,4.9,4.9,1412537544622.7554
2024-10-30 10:00:00+00:00,3,3.6999999999999997,4.3,211445979920.54492
2024-10-30 11:00:00+00:00,1,4.9,4.9,1412537544622.7554
2024-10-30 12:00:00+00:00,1,6.0,6.0,63095734448019.43
2024-10-30 13:00:00+00:00,6,3.9166666666666665,4.7,1384507563652.1582
2024-10-30 15:00:00+00:00,1,4.1,4.1,89125093813.3744
2024-10-30 16:00:00+00:00,1,4.2,4.2,125892541179.41713
2024-10-30 18:00:00+00:00,2,4.45,4.5,606002032384.5343
2024-10-30 19:00:00+00:00,1,3.8,3.8,31622776601.683792
2024-10-30 20:00:00+00:00,4,4.075,6.0,63136961709578.555
2024-10-30 21:00:00+00:00,1,4.6,4.6,501187233627.2715
2024-10-30 22:00:00+00:00,1,4.2,4.2,125892541179.41713
2024-10-30 23:00:00+00:00,2,4.449999999999999,4.6,679015174631.1638
2024-10-31 05:00:00+00:00,1,5.2,5.2,3981071705534.9854
2024-10-31 17:00:00+00:00,1,5.3,5.3,5623413251903.491
2024-10-31 22:00:00+00:00,1,5.1,5.1,2818382931264.449
2024-11-01 05:00:00+00:00,1,5.4,5.4,7943282347242.8545
2024-11-01 17:00:00+00:00,1,5.1,5.1,2818382931264.449
2024-11-02 05:00:00+00:00,1,5.4,5.4,7943282347242.8545
2024-11-02 19:00:00+00:00,1,5.1,5.1,2818382931264.449
2024-11-03 04:00:00+00:00,1,5.4,5.4,7943282347242.8545
2024-11-03 10:00:00+00:00,1,5.8,5.8,31622776601683.793
2024-11-03 12:00:00+00:00,1,5.0,5.0,1995262314968.8828
2024-11-03 17:00:00+00:00,1,5.2,5.2,3981071705534.9854
2024-11-05 00:00:00+00:00,1,5.0,5.0,1995262314968.8828
2024-11-05 03:00:00+00:00,1,5.0,5.0,1995262314968.8828
2024-11-05 10:00:00+00:00,1,5.3,5.3,5623413251903.491
2024-11-05 16:00:00+00:00,1,5.0,5.0,1995262314968.8828
2024-11-05 19:00:00+00:00,1,5.7,5.7,22387211385683.47
2024-11-06 14:00:00+00:00,1,5.9,5.9,44668359215096.53
2024-11-06 15:00:00+00:00,2,5.550000000000001,5.9,48649430920631.516
2024-11-06 17:00:00+00:00,1,5.0,5.0,1995262314968.8828
2024-11-06 22:00:00+00:00,3,5.333333333333333,5.8,37259542464212.69
2024-11-07 01:00:00+00:00,2,5.1,5.2,5976334020503.868
2024-11-07 02:00:00+00:00,1,5.0,5.0,1995262314968.8828
2024-11-07 04:00:00+00:00,1,5.4,5.4,7943282347242.8545
2024-11-07 09:00:00+00:00,1,5.0,5.0,1995262314968.8828
2024-11-07 16:00:00+00:00,1,5.2,5.2,3981071705534.9854
2024-11-07 19:00:00+00:00,1,5.1,5.1,2818382931264.449
2024-11-08 02:00:00+00:00,1,5.0,5.0,1995262314968.8828
2024-11-08 10:00:00+00:00,1,5.1,5.1,2818382931264.449
2024-11-08 11:00:00+00:00,1,6.3,6.3,177827941003892.28
2024-11-08 14:00:00+00:00,1,5.1,5.1,2818382931264.449
2024-11-08 23:00:00+00:00,1,5.0,5.0,1995262314968.8828
2024-11-09 05:00:00+00:00,1,5.0,5.0,1995262314968.8828
2024-11-09 10:00:00+00:00,1,5.6,5.6,15848931924611.11
2024-11-09 13:00:00+00:00,1,5.1,5.1,2818382931264.449
2024-11-09 19:00:00+00:00,1,5.8,5.8,31622776601683.793
2024-11-09 20:00:00+00:00,1,5.0,5.0,1995262314968.8828
2024-11-10 09:00:00+00:00,1,5.0,5.0,1995262314968.8828
2024-11-10 15:00:00+00:00,2,5.5,5.9,47486742146360.984
2024-11-10 16:00:00+00:00,1,6.8,6.8,1000000000000000.0
2024-11-10 21:00:00+00:00,1,5.0,5.0,1995262314968.8828
2024-11-10 22:00:00+00:00,1,5.1,5.1,2818382931264.449
2024-11-11 04:00:00+00:00,1,5.0,5.0,1995262314968.8828
2024-11-11 07:00:00+00:00,1,5.0,5.0,1995262314968.8828
2024-11-11 10:00:00+00:00,2,5.25,5.5,13215446857988.535
2024-11-11 13:00:00+00:00,1,5.0,5.0,1995262314968.8828
2024-11-12 09:00:00+00:00,1,5.2,5.2,3981071705534.9854
2024-11-12 14:00:00+00:00,1,5.3,5.3,5623413251903.491
2024-11-12 16:00:00+00:00,1,5.4,5.4,7943282347242.8545
2024-11-13 00:00:00+00:00,1,5.0,5.0,1995262314968.8828
2024-11-13 01:00:00+00:00,1,5.1,5.1,2818382931264.449
2024-11-13 05:00:00+00:00,1,5.0,5.0,1995262314968.8828
2024-11-14 09:00:00+00:00,1,5.0,5.0,1995262314968.8828
2024-11-14 19:00:00+00:00,1,5.1,5.1,2818382931264.449
2024-11-15 00:00:00+00:00,1,5.1,5.1,2818382931264.449
2024-11-15 05:00:00+00:00,1,6.6,6.6,501187233627271.44
2024-11-15 08:00:00+00:00,1,5.4,5.4,7943282347242.8545
2024-11-15 10:00:00+00:00,1,5.5,5.5,11220184543019.652
2024-11-15 11:00:00+00:00,1,5.0,5.0,1995262314968.8828
2024-11-15 21:00:00+00:00,1,5.0,5.0,1995262314968.8828
2024-11-16 02:00:00+00:00,1,5.1,5.1,2818382931264.449
2024-11-16 08:00:00+00:00,1,5.4,5.4,7943282347242.8545
2024-11-16 12:00:00+00:00,1,5.0,5.0,1995262314968.8828
2024-11-16 13:00:00+00:00,1,5.0,5.0,1995262314968.8828
2024-11-17 12:00:00+00:00,1,6.1,6.1,89125093813374.4
2024-11-17 18:00:00+00:00,1,5.1,5.1,2818382931264.449
2024-11-17 23:00:00+00:00,2,5.05,5.1,4813645246233.332
2024-11-18 00:00:00+00:00,1,5.0,5.0,1995262314968.8828
2024-11-18 02:00:00+00:00,1,5.1,5.1,2818382931264.449
2024-11-18 03:00:00+00:00,1,5.1,5.1,2818382931264.449
2024-11-19 02:00:00+00:00,1,5.6,5.6,15848931924611.11
2024-11-19 08:00:00+00:00,1,5.1,5.1,2818382931264.449
2024-11-19 18:00:00+00:00,1,5.0,5.0,1995262314968.8828
2024-11-20 09:00:00+00:00,1,5.3,5.3,5623413251903.491
2024-11-20 10:00:00+00:00,1,5.5,5.5,11220184543019.652
2024-11-20 14:00:00+00:00,2,5.35,5.7,24382473700652.35
2024-11-20 15:00:00+00:00,1,5.1,5.1,2818382931264.449
2024-11-20 18:00:00+00:00,1,5.1,5.1,2818382931264.449
2024-11-21 04:00:00+00:00,1,5.0,5.0,1995262314968.8828
2024-11-21 12:00:00+00:00,1,5.2,5.2,3981071705534.9854
2024-11-21 15:00:00+00:00,1,5.0,5.0,1995262314968.8828
2024-11-22 07:00:00+00:00,1,5.1,5.1,2818382931264.449
2024-11-22 11:00:00+00:00,1,5.0,5.0,1995262314968.8828
2024-11-23 10:00:00+00:00,2,5.1,5.1,5636765862528.898
2024-11-23 14:00:00+00:00,1,5.0,5.0,1995262314968.8828
2024-11-23 19:00:00+00:00,1,5.9,5.9,44668359215096.53
2024-11-23 23:00:00+00:00,1,5.1,5.1,2818382931264.449
2024-11-24 07:00:00+00:00,1,5.0,5.0,1995262314968.8828
2024-11-25 15:00:00+00:00,1,5.0,5.0,1995262314968.8828
2024-11-26 04:00:00+00:00,1,5.3,5.3,5623413251903.491
2024-11-26 07:00:00+00:00,1,5.0,5.0,1995262314968.8828
2024-11-26 12:00:00+00:00,1,5.1,5.1,2818382931264.449
2024-11-26 13:00:00+00:00,1,6.1,6.1,89125093813374.4
2024-11-26 21:00:00+00:00,1,5.4,5.4,7943282347242.8545
2024-11-27 08:00:00+00:00,1,5.0,5.0,1995262314968.8828
2024-11-27 18:00:00+00:00,1,5.0,5.0,1995262314968.8828
2024-11-27 20:00:00+00:00,1,5.0,5.0,1995262314968.8828
2024-11-27 21:00:00+00:00,1,5.7,5.7,22387211385683.47
2024-11-27 22:00:00+00:00,1,5.8,5.8,31622776601683.793
2024-11-28 15:00:00+00:00,1,5.0,5.0,1995262314968.8828
2024-11-28 18:00:00+00:00,1,5.0,5.0,1995262314968.8828
2024-11-30 00:00:00+00:00,1,5.2,5.2,3981071705534.9854
2024-11-30 08:00:00+00:00,1,5.7,5.7,22387211385683.47
2024-11-30 09:00:00+00:00,1,5.2,5.2,3981071705534.9854
2024-11-30 10:00:00+00:00,1,5.1,5.1,2818382931264.449
2024-11-30 13:00:00+00:00,1,5.1,5.1,2818382931264.449
2024-11-30 15:00:00+00:00,1,5.4,5.4,7943282347242.8545
2024-12-01 06:00:00+00:00,1,5.0,5.0,1995262314968.8828
2024-12-02 01:00:00+00:00,1,5.0,5.0,1995262314968.8828
2024-12-02 15:00:00+00:00,1,5.0,5.0,1995262314968.8828
2024-12-03 07:00:00+00:00,1,5.1,5.1,2818382931264.449
2024-12-03 08:00:00+00:00,1,5.4,5.4,7943282347242.8545
2024-12-03 16:00:00+00:00,2,5.05,5.1,4813645246233.332
2024-12-03 18:00:00+00:00,1,5.7,5.7,22387211385683.47
2024-12-04 00:00:00+00:00,1,5.0,5.0,1995262314968.8828
2024-12-04 01:00:00+00:00,1,5.0,5.0,1995262314968.8828
2024-12-04 07:00:00+00:00,1,5.3,5.3,5623413251903.491
2024-12-04 16:00:00+00:00,1,5.0,5.0,1995262314968.8828
2024-12-05 04:00:00+00:00,1,5.4,5.4,7943282347242.8545
2024-12-05 05:00:00+00:00,1,5.0,5.0,1995262314968.8828
2024-12-05 06:00:00+00:00,1,5.2,5.2,3981071705534.9854
2024-12-05 11:00:00+00:00,1,5.6,5.6,15848931924611.11
2024-12-05 13:00:00+00:00,1,5.2,5.2,3981071705534.9854
2024-12-05 16:00:00+00:00,1,5.1,5.1,2818382931264.449
2024-12-05 18:00:00+00:00,1,7.0,7.0,1995262314968882.8
2024-12-05 19:00:00+00:00,1,5.1,5.1,2818382931264.449
2024-12-05 21:00:00+00:00,1,5.0,5.0,1995262314968.8828
2024-12-06 10:00:00+00:00,1,5.1,5.1,2818382931264.449
2024-12-06 17:00:00+00:00,1,5.5,5.5,11220184543019.652
2024-12-07 02:00:00+00:00,1,5.4,5.4,7943282347242.8545
2024-12-07 06:00:00+00:00,1,5.3,5.3,5623413251903.491
2024-12-07 09:00:00+00:00,1,5.1,5.1,2818382931264.449
2024-12-07 17:00:00+00:00,1,5.9,5.9,44668359215096.53
2024-12-07 23:00:00+00:00,1,5.4,5.4,7943282347242.8545
2024-12-08 01:00:00+00:00,1,5.1,5.1,2818382931264.449
2024-12-08 02:00:00+00:00,1,5.0,5.0,1995262314968.8828
2024-12-08 10:00:00+00:00,1,6.0,6.0,63095734448019.43
2024-12-08 16:00:00+00:00,2,5.4,5.5,16843597794923.145
2024-12-08 18:00:00+00:00,1,5.6,5.6,15848931924611.11
2024-12-08 19:00:00+00:00,1,6.3,6.3,177827941003892.28
2024-12-08 20:00:00+00:00,2,5.25,5.4,10761665278507.305
2024-12-08 21:00:00+00:00,1,5.8,5.8,31622776601683.793
2024-12-09 00:00:00+00:00,6,5.55,6.3,288130625086325.2
2024-12-09 03:00:00+00:00,5,5.4399999999999995,5.7,60884529871705.125
2024-12-09 05:00:00+00:00,1,5.1,5.1,2818382931264.449
2024-12-09 08:00:00+00:00,1,5.1,5.1,2818382931264.449
2024-12-09 14:00:00+00:00,1,5.0,5.0,1995262314968.8828
2024-12-09 16:00:00+00:00,2,5.5,5.7,28010624637586.96
2024-12-09 17:00:00+00:00,2,5.3,5.6,17844194239579.992
2024-12-09 23:00:00+00:00,1,5.71,5.71,23173946499684.703
2024-12-10 03:00:00+00:00,1,5.1,5.1,2818382931264.449
2024-12-10 07:00:00+00:00,1,5.3,5.3,5623413251903.491
2024-12-10 18:00:00+00:00,1,5.9,5.9,44668359215096.53
2024-12-11 10:00:00+00:00,1,5.1,5.1,2818382931264.449
2024-12-11 16:00:00+00:00,1,5.4,5.4,7943282347242.8545
2024-12-11 20:00:00+00:00,1,5.1,5.1,2818382931264.449
2024-12-12 01:00:00+00:00,1,5.5,5.5,11220184543019.652
2024-12-12 17:00:00+00:00,1,5.2,5.2,3981071705534.9854
2024-12-12 19:00:00+00:00,3,5.2,5.3,12422867888702.926
2024-12-13 06:00:00+00:00,1,5.0,5.0,1995262314968.8828
2024-12-13 23:00:00+00:00,1,6.4,6.4,251188643150959.25
2024-12-14 03:00:00+00:00,1,5.3,5.3,5623413251903.491
2024-12-14 10:00:00+00:00,1,5.2,5.2,3981071705534.9854
2024-12-14 17:00:00+00:00,1,5.2,5.2,3981071705534.9854
2024-12-15 00:00:00+00:00,1,5.1,5.1,2818382931264.449
2024-12-15 01:00:00+00:00,1,5.1,5.1,2818382931264.449
2024-12-15 07:00:00+00:00,1,5.25,5.25,4731512589614.8125
2024-12-15 09:00:00+00:00,1,5.0,5.0,1995262314968.8828
2024-12-15 15:00:00+00:00,1,5.9,5.9,44668359215096.53
2024-12-15 21:00:00+00:00,2,5.05,5.1,4813645246233.332
2024-12-16 00:00:00+00:00,1,5.0,5.0,1995262314968.8828
2024-12-16 01:00:00+00:00,1,5.1,5.1,2818382931264.449
2024-12-16 03:00:00+00:00,1,5.1,5.1,2818382931264.449
2024-12-16 10:00:00+00:00,1,5.5,5.5,11220184543019.652
2024-12-16 14:00:00+00:00,1,5.0,5.0,1995262314968.8828
2024-12-17 01:00:00+00:00,2,6.3,7.3,5629036665155394.0
2024-12-17 03:00:00+00:00,2,5.0,5.0,3990524629937.7656
2024-12-17 04:00:00+00:00,2,5.4,5.4,15886564694485.709
2024-12-17 05:00:00+00:00,1,5.3,5.3,5623413251903.491
2024-12-17 07:00:00+00:00,2,5.199999999999999,5.3,8441796183167.94
2024-12-17 09:00:00+00:00,1,5.3,5.3,5623413251903.491
2024-12-17 10:00:00+00:00,1,5.2,5.2,3981071705534.9854
2024-12-17 11:00:00+00:00,1,5.0,5.0,1995262314968.8828
2024-12-17 17:00:00+00:00,1,5.2,5.2,3981071705534.9854
2024-12-17 18:00:00+00:00,1,5.5,5.5,11220184543019.652
2024-12-17 21:00:00+00:00,1,5.2,5.2,3981071705534.9854
2024-12-17 22:00:00+00:00,1,5.6,5.6,15848931924611.11
2024-12-18 00:00:00+00:00,1,5.1,5.1,2818382931264.449
2024-12-18 04:00:00+00:00,1,5.2,5.2,3981071705534.9854
2024-12-18 09:00:00+00:00,1,5.2,5.2,3981071705534.9854
2024-12-18 17:00:00+00:00,1,5.2,5.2,3981071705534.9854
2024-12-18 20:00:00+00:00,1,5.0,5.0,1995262314968.8828
2024-12-19 01:00:00+00:00,1,5.1,5.1,2818382931264.449
2024-12-19 02:00:00+00:00,1,5.7,5.7,22387211385683.47
2024-12-19 06:00:00+00:00,2,5.1,5.1,5636765862528.898
2024-12-19 18:00:00+00:00,1,5.1,5.1,2818382931264.449
2024-12-19 19:00:00+00:00,1,5.1,5.1,2818382931264.449
2024-12-19 20:00:00+00:00,1,5.3,5.3,5623413251903.491
2024-12-20 14:00:00+00:00,2,5.2,5.4,9938544662211.738
2024-12-20 18:00:00+00:00,1,5.0,5.0,1995262314968.8828
2024-12-20 19:00:00+00:00,1,5.0,5.0,1995262314968.8828
2024-12-20 22:00:00+00:00,1,5.0,5.0,1995262314968.8828
2024-12-21 09:00:00+00:00,1,5.0,5.0,1995262314968.8828
2024-12-21 15:00:00+00:00,1,6.1,6.1,89125093813374.4
2024-12-21 16:00:00+00:00,1,5.0,5.0,1995262314968.8828
2024-12-22 00:00:00+00:00,1,5.2,5.2,3981071705534.9854
2024-12-22 02:00:00+00:00,1,5.1,5.1,2818382931264.449
2024-12-22 03:00:00+00:00,1,5.2,5.2,3981071705534.9854
2024-12-22 11:00:00+00:00,1,5.0,5.0,1995262314968.8828
2024-12-23 04:00:00+00:00,1,5.0,5.0,1995262314968.8828
2024-12-23 06:00:00+00:00,1,5.9,5.9,44668359215096.53
2024-12-24 05:00:00+00:00,1,5.0,5.0,1995262314968.8828
2024-12-24 22:00:00+00:00,1,5.9,5.9,44668359215096.53
2024-12-25 06:00:00+00:00,1,5.6,5.6,15848931924611.11
2024-12-25 21:00:00+00:00,1,5.0,5.0,1995262314968.8828
2024-12-26 00:00:00+00:00,1,5.0,5.0,1995262314968.8828
2024-12-26 10:00:00+00:00,1,5.3,5.3,5623413251903.491
2024-12-26 21:00:00+00:00,1,5.8,5.8,31622776601683.793
2024-12-27 05:00:00+00:00,1,5.9,5.9,44668359215096.53
2024-12-27 09:00:00+00:00,1,5.3,5.3,5623413251903.491
2024-12-27 10:00:00+00:00,1,5.3,5.3,5623413251903.491
2024-12-27 12:00:00+00:00,1,6.8,6.8,1000000000000000.0
2024-12-27 18:00:00+00:00,1,5.4,5.4,7943282347242.8545
2024-12-27 19:00:00+00:00,1,5.3,5.3,5623413251903.491
2024-12-28 01:00:00+00:00,1,5.0,5.0,1995262314968.8828
2024-12-28 05:00:00+00:00,1,5.0,5.0,1995262314968.8828
2024-12-28 08:00:00+00:00,1,5.6,5.6,15848931924611.11
2024-12-28 19:00:00+00:00,1,5.5,5.5,11220184543019.652
2024-12-29 22:00:00+00:00,1,5.1,5.1,2818382931264.449
2024-12-30 02:00:00+00:00,1,5.5,5.5,11220184543019.652
2024-12-30 05:00:00+00:00,3,5.366666666666667,5.5,25258752017303.754
2026-08-31 04:00:00+00:00,8,1.4962499999999999,4.5,354933556249.26227
2026-08-31 05:00:00+00:00,15,0.996,2.6,589470890.7137398
2026-08-31 06:00:00+00:00,13,1.3162383573761716,3.12,3201542960.179252
2026-08-31 07:00:00+00:00,11,1.1118181818181818,2.1,196831542.42004302
2026-08-31 08:00:00+00:00,19,1.7710526315789472,5.5,11474325003146.422
2026-08-31 09:00:00+00:00,11,1.8645454545454543,4.6,505379937992.55597
2026-08-31 10:00:00+00:00,12,1.3125,2.18,336906046.0208206
2026-08-31 11:00:00+00:00,16,1.4175,4.7,709536029211.664
2026-08-31 12:00:00+00:00,12,1.1283333333333332,2.45,372343031.18647087
2026-08-31 13:00:00+00:00,6,1.4100000000000001,2.04,137696196.08793765
2026-08-31 14:00:00+00:00,12,1.6016666666666666,4.2,215253979412.89777
2026-08-31 15:00:00+00:00,10,1.513,2.3,467449648.8413335
2026-08-31 16:00:00+00:00,16,1.219375,1.67,99881713.22716197
2026-08-31 17:00:00+00:00,10,1.623,4.4,251340199226.03723
2026-08-31 18:00:00+00:00,11,2.067272727272727,4.6,752755077242.0319
2026-08-31 19:00:00+00:00,9,1.6355555555555557,4.2,125979833808.77258
2026-08-31 20:00:00+00:00,15,1.5846666666666667,4.8,1002572750673.2798
2026-08-31 21:00:00+00:00,22,1.6322727272727275,4.4,430778972752.24304
2026-08-31 22:00:00+00:00,9,1.8111111111111111,4.4,251356505779.97318
2026-08-31 23:00:00+00:00,9,1.6533333333333333,4.2,126088093813.61972
2026-09-01 00:00:00+00:00,6,0.7799999999999999,1.95,60775094.11905196
2026-09-01 01:00:00+00:00,14,1.405,4.8,1000726413975.834
2026-09-01 02:00:00+00:00,9,1.4533333333333334,3.3,5666780290.758386
2026-09-01 03:00:00+00:00,8,1.8624999999999998,3.42,10877741692.287725
2026-09-01 04:00:00+00:00,12,1.4875,3.6,16275876752.159134
2026-09-01 05:00:00+00:00,13,1.4499999999999997,4.6,501390247341.5907
2026-09-01 06:00:00+00:00,17,2.1511764705882355,5.3,6005260854177.252
2026-09-01 07:00:00+00:00,22,2.080909090909091,4.5,859581415723.8889
2026-09-01 08:00:00+00:00,20,2.0755,5.6,16075162331639.71
2026-09-01 09:00:00+00:00,19,1.6336842105263158,3.6,22640800377.898754
2026-09-01 10:00:00+00:00,15,1.7733333333333334,4.9,1444723292405.8477
2026-09-01 11:00:00+00:00,12,1.4000000000000001,3.25,5027855657.392065
2026-09-01 12:00:00+00:00,10,1.748,4.6,506863464444.5309
2026-09-01 13:00:00+00:00,9,2.4433333333333334,5.2,4482756448184.155
2026-09-01 14:00:00+00:00,11,1.7699999999999998,4.2,141933828106.91022
2026-09-01 15:00:00+00:00,18,1.3583333333333334,3.44,16017471375.877787
2026-09-01 16:00:00+00:00,14,1.3771428571428572,3.1,2972951731.823987
2026-09-01 17:00:00+00:00,12,1.9641666666666666,4.3,178977044023.21927
2026-09-01 18:00:00+00:00,20,1.8155000000000001,5.0,3662619175556.875
2026-09-01 19:00:00+00:00,15,1.74,4.6,502531882048.04553
2026-09-01 20:00:00+00:00,22,1.6545454545454545,4.4,255706849132.91748
2026-09-01 21:00:00+00:00,13,1.5461538461538462,2.4,598214001.2326198
2026-09-01 22:00:00+00:00,14,2.212142857142857,4.7,1221907930800.3599
2026-09-01 23:00:00+00:00,24,1.73375,4.6,679979406670.0344
2026-09-02 00:00:00+00:00,9,2.3,5.6,15865009090503.213
2026-09-02 01:00:00+00:00,9,1.9633333333333332,4.2,129164285936.7701
2026-09-02 02:00:00+00:00,12,1.2075,2.4,414784299.82701975
2026-09-02 03:00:00+00:00,12,1.8499999999999999,4.1,90542218377.53899
2026-09-02 04:00:00+00:00,16,1.160625,3.8,33220961286.63049
2026-09-02 05:00:00+00:00,20,2.7065,5.2,7905973389004.055
2026-09-02 06:00:00+00:00,15,3.1666666666666665,5.3,10599356380376.373
2026-09-02 07:00:00+00:00,18,1.9161111111111113,4.0,98160803974.06198
2026-09-02 08:00:00+00:00,16,2.111875,3.8,77419383487.29416
2026-09-02 09:00:00+00:00,18,1.8783333333333334,4.1,116082847823.37068
2026-09-02 10:00:00+00:00,11,1.7981818181818183,5.2,3984044965460.999
2026-09-02 11:00:00+00:00,9,1.4588888888888887,3.0,3437220876.578728
2026-09-02 12:00:00+00:00,12,2.688333333333333,5.9,64503717809071.055
2026-09-02 13:00:00+00:00,12,1.8925,4.9,1590718517750.81
2026-09-02 14:00:00+00:00,6,1.4983333333333333,2.1,179514081.4180029
2026-09-02 15:00:00+00:00,9,1.5499999999999998,2.6,1240528909.5998914
2026-09-02 16:00:00+00:00,10,1.636,2.6,1224832215.1453872
2026-09-02 17:00:00+00:00,7,2.025714285714286,4.4,252261491280.0805
2026-09-02 18:00:00+00:00,14,1.2592857142857141,3.2,4351212773.861592
2026-09-02 19:00:00+00:00,14,1.5578571428571428,3.3,8494288326.94457
2026-09-02 20:00:00+00:00,9,2.3655555555555554,5.4,8069546719777.132
2026-09-02 21:00:00+00:00,12,1.6658333333333335,5.4,7943385489054.2705
2026-09-02 22:00:00+00:00,11,1.7799999999999998,3.21,6270226850.127874
2026-09-02 23:00:00+00:00,9,2.101111111111111,6.2,125892896193131.75
2026-09-03 00:00:00+00:00,5,1.6059999999999999,4.6,501196119141.2875
2026-09-03 01:00:00+00:00,8,1.17375,1.6,50231367.824330226
2026-09-03 02:00:00+00:00,6,1.0016666666666667,2.1,109224729.69527295
2026-09-03 03:00:00+00:00,16,1.389375,2.3,498436618.0193515
2026-09-03 04:00:00+00:00,14,1.4421428571428572,3.2,6239124208.187784
2026-09-03 05:00:00+00:00,12,2.0333333333333337,4.5,606461625005.4008
2026-09-03 06:00:00+00:00,14,1.8892857142857142,5.1,2821375746516.3315
2026-09-03 07:00:00+00:00,15,1.7046666666666668,4.5,358199310892.8268
2026-09-03 08:00:00+00:00,13,1.816923076923077,5.1,2819024071602.3403
2026-09-03 09:00:00+00:00,23,1.0043478260869565,2.7,863790837.0603738
2026-09-03 10:00:00+00:00,14,1.3742857142857143,2.6,614271720.0923227
2026-09-03 11:00:00+00:00,25,2.9027999999999996,6.3,192371000873458.2
2026-09-03 12:00:00+00:00,13,1.7969230769230768,4.9,1422600481081.4841
2026-09-03 13:00:00+00:00,20,2.3,5.2,5053175920676.974
2026-09-03 14:00:00+00:00,27,2.187037037037037,5.1,3295993797876.208
2026-09-03 15:00:00+00:00,10,1.7890000000000001,4.5,355855494512.75146
2026-09-03 16:00:00+00:00,26,1.9661538461538461,4.8,1555618617101.631
2026-09-03 17:00:00+00:00,24,1.97375,5.2,4082975400797.84
2026-09-03 18:00:00+00:00,29,2.2779310344827586,5.3,7656923292474.955
2026-09-03 19:00:00+00:00,20,1.9905000000000002,4.2,140527692105.06033
2026-09-03 20:00:00+00:00,17,2.3352941176470585,5.5,11403774906670.566
2026-09-03 21:00:00+00:00,11,3.0081818181818183,4.9,3596333736587.8955
2026-09-03 22:00:00+00:00,12,1.8983333333333334,3.41,20181511747.927948
2026-09-03 23:00:00+00:00,12,1.6608333333333334,3.4,10586343448.943893
2026-09-04 00:00:00+00:00,12,1.7466666666666668,2.9,2594359198.384802
2026-09-04 01:00:00+00:00,15,2.369333333333333,3.9,68326395678.58368
2026-09-04 02:00:00+00:00,18,2.1322222222222225,5.0,2039602449325.3071
2026-09-04 03:00:00+00:00,15,1.894,4.1,113900415168.16974
2026-09-04 04:00:00+00:00,16,1.506875,3.5,15489379513.234365
2026-09-04 05:00:00+00:00,14,2.2214285714285715,5.2,3986470722824.8013
2026-09-04 06:00:00+00:00,9,2.6666666666666665,5.0,2352866625319.7734
2026-09-04 07:00:00+00:00,15,1.6853333333333333,3.0,4998896854.462546
2026-09-04 08:00:00+00:00,15,2.0340000000000003,4.7,717544862508.0924
2026-09-04 09:00:00+00:00,12,2.0100000000000002,4.3,217360550642.34964
2026-09-04 10:00:00+00:00,20,1.6649999999999998,3.2,7081181420.570973
2026-09-04 11:00:00+00:00,9,2.108888888888889,5.4,7945335074306.086
2026-09-04 12:00:00+00:00,14,1.9014285714285715,3.42,15664807218.760128
2026-09-04 13:00:00+00:00,13,1.3738461538461537,4.9,1412889250692.7637
2026-09-04 14:00:00+00:00,19,1.6842105263157894,3.9,53638193210.77744
2026-09-04 15:00:00+00:00,12,1.7825,3.1,4847169372.07427
2026-09-04 16:00:00+00:00,11,1.5554545454545454,5.1,2826162296313.3687
2026-09-04 17:00:00+00:00,9,2.1133333333333333,3.0,4428347065.906426
2026-09-04 18:00:00+00:00,12,1.4399999999999997,4.6,501371462841.25464
2026-09-04 19:00:00+00:00,8,1.5,3.5,11794867276.141853
2026-09-04 20:00:00+00:00,9,2.0244444444444443,4.3,178350472672.76755
2026-09-04 21:00:00+00:00,10,1.685,4.2,126133389688.11853
2026-09-04 22:00:00+00:00,10,1.5364484376907348,2.3,436315271.12334305
2026-09-04 23:00:00+00:00,22,1.9868181818181818,5.5,14396764185005.951
2026-09-05 00:00:00+00:00,7,2.132857142857143,4.5,355183503596.72687
2026-09-05 01:00:00+00:00,5,2.348,4.8,1000286404865.1831
2026-09-05 02:00:00+00:00,8,1.695,3.5,11933666827.032835
2026-09-05 03:00:00+00:00,20,1.5585,3.36,17336020487.37724
2026-09-05 04:00:00+00:00,10,1.984,2.72,1946675591.719902
2026-09-05 05:00:00+00:00,5,2.464,5.0,2246457693031.4365
2026-09-05 06:00:00+00:00,7,1.5942857142857143,4.5,354857155926.66815
2026-09-05 07:00:00+00:00,12,2.006666666666667,4.4,272604779585.01868
2026-09-05 08:00:00+00:00,11,1.6681818181818182,4.3,178013134236.19345
2026-09-05 09:00:00+00:00,7,1.8585714285714285,4.5,354986835989.4064
2026-09-05 10:00:00+00:00,7,2.6185714285714283,5.0,1998625056931.5493
2026-09-05 11:00:00+00:00,10,2.173,5.1,2843523254361.729
2026-09-05 12:00:00+00:00,11,1.689090909090909,4.4,251551816257.1626
2026-09-05 13:00:00+00:00,6,1.5733333333333333,2.12,202773044.53846955
2026-09-05 14:00:00+00:00,7,2.9857142857142853,5.5,15217325329632.648
2026-09-05 15:00:00+00:00,13,1.5284615384615385,2.1,281288542.98490834
2026-09-05 16:00:00+00:00,5,1.444,2.16,176984872.50805068
2026-09-05 17:00:00+00:00,7,2.0014285714285713,5.6,15849823480083.836
2026-09-05 18:00:00+00:00,6,2.7566666666666664,4.9,1460233784369.4373
2026-09-05 19:00:00+00:00,4,0.9375,1.1,7471591.300931858
2026-09-05 20:00:00+00:00,5,1.134,1.59,28909004.35079488
2026-09-05 21:00:00+00:00,10,1.623,4.7,708201143808.7246
2026-09-05 22:00:00+00:00,3,2.2566666666666664,4.1,89166365516.80695
2026-09-05 23:00:00+00:00,7,2.4114285714285715,4.6,547309691908.07
2026-09-06 00:00:00+00:00,10,1.5390000000000001,2.7,1055087892.79951
2026-09-06 01:00:00+00:00,5,1.7579999999999998,3.5,11291979312.796255
2026-09-06 02:00:00+00:00,4,2.9,5.3,5749310606728.154
2026-09-06 03:00:00+00:00,8,1.7375,3.41,8437596721.027554
2026-09-06 04:00:00+00:00,11,2.609090909090909,5.6,16550472106390.477
2026-09-06 05:00:00+00:00,9,1.9655555555555557,4.9,1413720247063.9316
2026-09-06 06:00:00+00:00,6,2.748333333333333,4.6,752912702956.8834
2026-09-06 07:00:00+00:00,10,1.445073479851606,3.22073479851606,4539310220.441489
2026-09-06 08:00:00+00:00,6,1.3116666666666668,1.9,70845983.98917589
2026-09-06 09:00:00+00:00,2,2.3000000000000003,4.2,125892792368.06029
2026-09-06 10:00:00+00:00,10,2.575,5.2,8962735249782.932
2026-09-06 11:00:00+00:00,11,1.8036363636363637,4.6,501724771522.17535
2026-09-06 12:00:00+00:00,11,2.455454545454545,5.2,5190990582676.662
2026-09-06 13:00:00+00:00,8,1.0325,1.95,70176070.73316102
2026-09-06 14:00:00+00:00,9,1.4177777777777778,3.1,2982060270.8068
2026-09-06 15:00:00+00:00,12,1.8241896826502917,3.6,24042420386.391743
2026-09-06 16:00:00+00:00,7,1.7942857142857143,4.5,354888699560.80023
2026-09-06 17:00:00+00:00,6,1.5333333333333332,2.0,147530392.6474838
2026-09-06 18:00:00+00:00,8,1.79125,4.8,1000087985978.36
2026-09-06 19:00:00+00:00,11,1.4027272727272726,2.24,294929985.46379286
2026-09-06 20:00:00+00:00,5,1.8800000000000001,2.0,220029046.8632876
2026-09-06 21:00:00+00:00,4,2.4325,4.5,355212802910.5599
2026-09-06 22:00:00+00:00,4,2.5100000000000002,4.4,251777608563.82205
2026-09-06 23:00:00+00:00,7,2.0571428571428574,3.4,9072311997.96454
2026-09-07 00:00:00+00:00,8,1.86875,4.0,64302355102.21531
2026-09-07 01:00:00+00:00,10,3.112,5.3,5802630891415.503
2026-09-07 02:00:00+00:00,14,2.38,5.0,4377054411245.963
2026-09-07 03:00:00+00:00,10,1.7890000000000001,3.2,4490454425.227536
2026-09-07 04:00:00+00:00,2,2.01,3.33,6238032266.471473
